27	4.1620843	4.0772493	3.6477357	3.553078	3.0600771	2.8388383	2.5530063	2.1887308	1.5886501	1.2968496	0.97566197	0.77048296	0.10373958	-0.68649396	1.3615682	1.2195503	0.92115182	0.7636293	0.38007229	0.087279821	-0.16378046	-0.48458872	-0.81038717	-0.6513017	-0.56476062	-0.63363577	1.8540508	1.5558469	1.2927124	0.67727964	0.30975258	-0.032975873	-0.35448687	-0.36990626	-0.37947147	-0.45283326	-0.77622967	-0.84052753	0.48559485	1.1946686	0.54380742	0.55454894	-0.36415863	-0.60013285	-0.64847189	-0.59737014	-0.71890047	-0.71638211	-0.81893167	-0.72713922	-0.90654542	1.0143861	0.68723224	0.24664275	-0.49659229	-0.62345283	-0.71787774	-0.51758955	-0.56052258	-0.64740557	-0.78385991	-0.58019095	0.092265415	0.79366846	0.36529297	0.0030281588	-0.28183014	-0.60767137	-0.67349524	-0.51994373	-0.5428963	-0.52389698	-0.83519236	-0.072635884	-0.29082326	-0.41640768	-0.5528161	-0.6942743	0.13058164	-0.40401656	-0.45037046	-0.42299221	1.0219803	0.92450486	0.51728342	0.47334112	0.16800299	-0.39237403	-0.81158021	-0.77160151	-0.70168238	-0.51782618	-0.63020375	-0.60169121	-0.82882979	0.81981294	0.33216314	-0.21642973	-0.85967117	-0.77095074	-0.67867576	-0.81098847	0.60082962	0.26256311	0.26605277	0.37041418	0.15785409	-0.15933542	-0.63055203	-0.83867776	-0.81440816	-0.84033881	-0.45427512	0.030169652	-0.14678698	-0.47746874	-0.8707181	-0.88521589	-0.5641788	-0.79096038	-0.4060185	-0.8088882	-0.64131898	-0.69465592	-0.66477466	-0.51451602	-0.80548135	-0.71499532	-0.61113006	-0.91213835	-0.68062653	-0.88172611	-0.79044865	-0.89277587	-0.87330778	-0.80256786	-0.7348145	-0.2182545	1.2362383	0.97066735	-0.15670605	-0.18738827	0.29656372	-0.46723076	-0.82604024	-0.37963418	-0.78426303	-0.044379127	-0.099466821	0.026995909	0.23392594	-0.10466892	-0.17337449	0.52907963	2.1264041	-0.15231596	-0.19657574	0.98158081	0.42600784	0.18282331	0.2562985	-0.18350188	-0.5188258	-0.80288374	-0.60350518	-0.65156695
27	1.5765373	3.5510715	3.208341	3.0489064	2.6195927	2.5335899	2.2295608	1.9913692	1.448427	1.2273894	1.0607845	0.60186096	-0.33739473	-0.37963139	1.5386015	1.4876553	1.3332129	1.2406999	0.9571456	0.75018203	0.4412533	0.052675218	-0.29494008	-0.6750512	-0.86382282	-0.69259874	2.0745685	1.7064748	1.5768617	1.1043055	0.57006377	-0.046265819	-0.39689857	-0.674911	-0.77943189	-0.76980718	-0.72695104	-0.92316802	1.227797	1.4706585	0.89900875	1.1054426	0.52397844	-0.71686978	-0.50568179	-0.83989918	-0.60052435	-0.66707948	-0.82983026	-0.78589079	0.29345053	1.3862984	1.0783228	0.66097664	-0.35528802	-0.79860675	-0.87842655	-0.84184666	-0.84410396	-0.82354123	-0.865891	-0.76035578	-0.70424369	1.2425687	0.65800291	0.45785968	-0.18250159	-0.71285867	-0.79311394	-0.85274191	-0.89745947	-0.83667421	-0.87008552	0.094459788	-0.26404252	-0.32090339	-0.67553313	-0.7970735	0.28457068	-0.44072532	-0.71034845	-0.79628726	1.4226992	1.3162353	0.96838854	0.93380633	0.058589891	-0.2760941	-0.47897961	-0.59288512	-0.74799857	-0.78654436	-0.84130129	-0.82383314	-0.80880144	1.2012891	0.53904407	-0.09328595	-0.90104174	-0.78936739	-0.80844868	-0.83336031	0.86077334	0.24963657	-0.25775857	0.64271253	-0.076858853	-0.40816121	-0.84843049	-0.89535454	-0.84508621	-0.93395537	0.42486338	-0.35872488	-0.46428455	-0.79533137	-0.95100622	-0.97499917	-0.34989757	-0.57590224	-0.60820251	-0.91879333	-0.97030242	-0.93285955	-0.88062892	-0.96399801	-0.76286489	-0.94294498	-0.8360042	-0.81321855	-0.98973866	-0.1931473	-0.78536414	-0.98122254	-0.90188942	-0.64284549	-0.34541341	-0.28867453	0.8197182	1.3159327	-0.034022593	-0.65613159	0.69450185	-0.34591664	-0.87346963	-0.61274607	-0.87282118	0.34399878	-0.48178123	0.31212816	0.401953	-0.47054731	-0.21008382	0.35892509	2.0927209	-0.25679489	-0.28166068	1.7168589	0.11335774	-0.16270797	-0.068508075	-0.42551326	-0.54717298	-0.8309174	-0.55020485	-0.61655321
27	2.2169604	3.5003118	3.1110123	2.9779334	2.5647326	2.4928355	2.2392038	2.0510268	1.6056143	1.4621969	1.4880701	0.98472881	0.52846651	-0.38140914	1.7065838	1.6491567	1.3939471	1.2142859	0.85120954	0.51069968	0.18739568	-0.081959726	-0.27859438	-0.83924634	-0.84103012	-0.67447717	2.1052147	1.7051354	1.563045	0.9961617	0.33769956	-0.14130065	-0.39745523	-0.70874466	-0.6950611	-0.71430068	-0.65691128	-0.92007348	1.0448351	1.6269409	0.92892015	1.0277661	0.30654373	-0.57771544	-0.52977293	-0.7675895	-0.63772665	-0.63016723	-0.78064164	-0.71346448	0.11114809	1.470687	1.0670457	0.63556239	-0.4194882	-0.78450242	-0.83657177	-0.76574549	-0.78018768	-0.74952819	-0.81965867	-0.72259977	-0.42004152	1.2748754	0.63220606	0.24561109	-0.3078796	-0.70010545	-0.79877732	-0.80542837	-0.84147214	-0.75813997	-0.83284076	-0.090073275	-0.36667698	-0.43804324	-0.71407472	-0.72191531	0.13588813	-0.46000032	-0.74348485	-0.73437218	1.5191507	1.3377996	0.86456267	0.78101008	-0.10187027	-0.27812935	-0.54535584	-0.65138928	-0.8723727	-0.72745673	-0.81593493	-0.75695821	-0.79492358	1.2031566	0.39732514	-0.24745182	-0.88524186	-0.81129775	-0.76294049	-0.8536739	0.76868246	0.09758136	-0.36597843	0.52184688	-0.18272638	-0.40987313	-0.95636338	-0.87399441	-0.849078	-0.90107698	0.23620576	-0.3546573	-0.45708599	-0.86696668	-0.9537284	-0.9635545	-0.34469168	-0.66398808	-0.68825547	-0.86045192	-0.88355639	-0.89879105	-0.79452862	-0.88698042	-0.69497869	-0.83407881	-0.75511367	-0.78308378	-0.85738779	-0.094346827	-0.75508578	-0.95934999	-0.95968561	-0.9440538	-0.15596478	-0.12194737	0.99429597	1.2600607	-0.14397078	-0.63897939	0.58677182	-0.32617418	-0.83894688	-0.65672139	-0.82586248	0.16284923	-0.50540127	0.23406845	0.33060069	-0.4889471	-0.29043925	0.22498648	2.0563239	-0.34632556	-0.39070632	1.574029	0.070050602	-0.05869554	-0.10064315	-0.34188442	-0.51347955	-0.81152091	-0.54141168	-0.59725514
27	1.8345409	3.361491	2.9690876	2.8320855	2.4076852	2.332117	2.0546057	1.8789745	1.4888811	1.3972091	1.3239486	1.0780243	0.95883574	0.3661137	1.5071767	1.4225007	1.2567228	1.1119702	0.7546873	0.56597253	0.3271107	0.068413209	-0.28266258	-0.60767223	-0.89874554	-1.0512539	1.8937918	1.5157846	1.3985571	0.94624047	0.61502219	0.24916337	0.054179118	-0.35314422	-0.69369685	-0.9192382	-0.96756995	-1.1302163	0.96048022	1.4005225	0.76921149	0.90078112	-0.29826519	-0.76387517	-0.59394067	-1.0352484	-0.57018632	-0.96735196	-1.0667864	-1.0117492	0.42683369	1.2993906	0.94511393	0.60928171	-0.20496702	-0.57574465	-0.83647412	-0.85144189	-1.0011089	-1.0502673	-1.0865567	-1.0074452	-1.1709205	1.1001989	0.63720729	0.40898978	0.006486322	-0.39080005	-0.61103608	-0.75673083	-0.89427529	-0.91675379	-1.0019932	0.20864188	-0.022224565	-0.10128665	-0.30247704	-1.0453758	0.48572481	-0.038445105	-0.40208467	-0.74454699	1.3325086	1.2285251	0.80269038	0.79627341	0.51018548	0.083996367	-0.38090004	-0.48750999	-0.67147402	-1.104235	-1.1315787	-1.0506074	-0.98861214	1.0971989	0.62945993	0.01200594	-1.0858782	-1.0075975	-1.1110178	-1.0344528	0.87305749	0.50070896	0.55897484	0.68671765	0.3714752	0.19861428	-0.76535022	-1.0247728	-1.0636909	-1.1194636	0.39650816	0.32095346	0.208933	-0.3454836	-1.138892	-1.1655056	-0.56445925	-0.39794089	0.073739755	-0.61699337	-0.7327225	-0.45639048	-0.93557	-1.1153496	-1.1473526	-1.0980308	-0.93737326	-1.1748629	-1.1480755	-0.13617447	-1.1056761	-1.1906411	-1.1185787	-0.3648616	-0.13443439	0.38800919	0.89128958	1.110642	0.10632695	-0.5723793	0.65884511	-0.13977147	-1.0815156	-0.53932911	-1.0901143	0.35362184	-0.39749204	0.26233356	0.34664209	-0.35979077	-0.084726281	0.46841327	1.8370554	-0.24871276	-0.30906026	1.3575818	0.1781874	-0.4732072	-0.035309195	-0.68480321	-0.79841675	-1.0510042	-0.77722639	-0.85130418
27	3.7824613	3.6700375	3.3053144	3.1812195	2.8072244	2.7327253	2.4653761	2.3038935	1.8338693	1.6678584	1.1553745	0.88705029	0.54577351	0.3119711	1.7123197	1.4108322	1.1240916	1.0311665	0.45988447	0.33031628	0.029891547	-0.067442868	-0.69295175	-0.81589167	-0.65952889	-0.60659805	2.0967524	1.6471812	1.4445784	0.76935563	0.19132512	-0.22635663	-0.54470965	-0.61513809	-0.59510287	-0.59948322	-0.62607695	-0.81472057	0.72576205	1.3998585	0.80620151	0.78422008	0.17559989	-0.62905505	-0.48968232	-0.70380921	-0.77278221	-0.53796734	-0.72453831	-0.67083493	0.12151352	1.1959156	0.90641047	0.27940266	-0.59653096	-0.71509114	-0.7691427	-0.69342912	-0.69250344	-0.67046287	-0.74948348	-0.61160736	-0.22330963	1.1094125	0.28782467	0.079129543	-0.25281449	-0.66802782	-0.76037717	-0.69778378	-0.74620525	-0.67876433	-0.79912437	-0.17913172	-0.32486559	-0.39429152	-0.68665055	-0.66319597	-0.017645299	-0.58620216	-0.64458878	-0.63466095	1.2174035	1.1502265	0.6044188	0.49115329	-0.046284068	-0.39487015	-0.78366921	-0.79935314	-0.8119368	-0.61923736	-0.7001388	-0.66206497	-0.74619569	0.99235467	0.19740954	-0.28190589	-0.81886111	-0.70688569	-0.69552072	-0.75278397	0.41981421	-0.078782748	-0.10537913	0.28115215	-0.2357233	-0.48000308	-0.81432329	-0.80286233	-0.76800482	-0.83636679	0.037611996	-0.42234336	-0.57252834	-0.80139195	-0.84335343	-0.86731266	-0.39640155	-0.77959643	-0.78908645	-0.76029214	-0.8240763	-0.77277936	-0.72639167	-0.79298211	-0.63224125	-0.75921127	-0.68585616	-0.81348087	-0.77988161	-0.31434467	-0.70900472	-0.88189822	-0.79231983	-0.51265996	-0.029928726	0.10806168	1.3197706	1.0155837	-0.20156757	-0.50096327	0.28510866	-0.42449365	-0.75992517	-0.62092566	-0.75002022	-0.00051741414	-0.4323905	0.016440288	0.19912781	-0.44110874	-0.37618644	0.11659002	2.1551561	-0.33543288	-0.36917815	1.2557061	0.079150864	0.026775461	-0.059142685	-0.25872308	-0.42501494	-0.74957234	-0.45479556	-0.52907556
27	3.3593219	3.3735201	2.9956681	2.896343	2.5035943	2.4495064	2.1856149	2.0579286	1.7157586	1.5954224	1.4761889	1.3599383	0.84991998	0.43039125	1.6642491	1.5198999	1.2903707	1.1354814	0.78255115	0.5252838	0.21941731	-0.11639282	-0.26511953	-0.67536619	-0.84796171	-0.73711989	2.0186042	1.6007098	1.4470479	0.92638679	0.35794318	-0.15258953	-0.3115157	-0.59370647	-0.69774191	-0.69203352	-0.73560504	-0.93637384	1.0466911	1.5041097	0.82463485	0.95655871	0.29861177	-0.71974335	-0.55816122	-0.76262272	-0.53854391	-0.68711377	-0.81403054	-0.72304316	0.05966907	1.3645331	0.9861118	0.50687445	-0.4928093	-0.76084866	-0.84573038	-0.80333604	-0.80030564	-0.77759215	-0.83148415	-0.68518266	-0.37685543	1.1632586	0.53110637	0.21214406	-0.27810239	-0.6487482	-0.76254162	-0.82624151	-0.88106335	-0.78897094	-0.83399673	-0.089333919	-0.30328415	-0.40271167	-0.56194958	-0.73089265	0.13777393	-0.37130508	-0.632067	-0.76465984	1.3986002	1.2589256	0.82497298	0.78105044	-0.063234488	-0.29091993	-0.47072563	-0.4917218	-0.72847473	-0.77426767	-0.83258775	-0.79881918	-0.81390349	1.1080916	0.41699561	-0.24740938	-0.90100956	-0.81778757	-0.8371181	-0.86487458	0.71376673	0.08117646	-0.064615489	0.47553166	-0.15046875	-0.38280254	-0.85389712	-0.89581671	-0.89737968	-0.94718609	0.18267079	-0.31072704	-0.42817362	-0.72459155	-0.98189152	-0.98060945	-0.21922579	-0.71320328	-0.68778733	-0.78471456	-0.90699516	-0.76143421	-0.92269792	-0.81411891	-0.84503874	-0.86905445	-0.83134692	-0.99784343	-0.87335373	-0.27555229	-0.90523998	-1.0008306	-1.002769	-1.0086985	-0.036094699	0.034184881	1.0610083	1.1142434	-0.10531181	-0.59979576	0.52366339	-0.31986314	-0.86508701	-0.63658419	-0.85317777	0.11136467	-0.45239795	0.16225248	0.2682123	-0.43295857	-0.29803181	0.24556002	1.9037931	-0.38130221	-0.41277247	1.4194207	0.072928016	-0.093049104	-0.12677164	-0.37932807	-0.55775964	-0.9041123	-0.58816888	-0.65926984
27	2.6754768	3.3887482	3.0024601	2.9069607	2.4804006	2.4283444	2.1443484	1.9848637	1.6124448	1.5114766	1.3984591	1.2614463	0.84917809	0.1143425	1.6266987	1.5350202	1.3383309	1.1703647	0.88430028	0.63495604	0.36857486	-0.065347199	-0.29993649	-0.5771969	-0.88380604	-0.76986666	1.9957362	1.60686	1.4689151	0.97894034	0.45123905	-0.14440571	-0.33000806	-0.5813612	-0.74524454	-0.74184255	-0.73741518	-0.96999986	1.1213326	1.5241061	0.85462177	1.0083602	0.38816968	-0.74080963	-0.55813048	-0.80517729	-0.55192396	-0.73255098	-0.84809224	-0.75736149	0.11874539	1.4185333	1.0157757	0.6237102	-0.45291282	-0.75869475	-0.87499858	-0.84382414	-0.85243087	-0.82239431	-0.87327916	-0.73192486	-0.47962128	1.1964081	0.62953001	0.28982057	-0.19624369	-0.62901207	-0.75548912	-0.85699715	-0.91661614	-0.82826855	-0.85857793	0.019794378	-0.28682599	-0.39302588	-0.55862243	-0.78319983	0.21911733	-0.39228569	-0.61208989	-0.81443988	1.4586051	1.3032152	0.87796936	0.87635051	-0.047050372	-0.29898191	-0.48309897	-0.53076561	-0.69075935	-0.82067396	-0.85631094	-0.83998781	-0.84147773	1.1479554	0.5463207	-0.15979819	-0.93232971	-0.85328455	-0.86823095	-0.89711641	0.81791048	0.20184851	-0.11370429	0.60322066	-0.03963122	-0.37603434	-0.79569498	-0.91872901	-0.92457833	-0.97528839	0.28002292	-0.35095679	-0.37698958	-0.63298022	-1.0161634	-1.0143386	-0.31149828	-0.59233126	-0.69723096	-0.79408675	-0.90910446	-0.72120247	-0.95294412	-0.86739026	-0.8955115	-0.91855798	-0.95777139	-1.0255741	-0.9185218	-0.17921477	-0.90247369	-1.0341996	-1.0363274	-1.0374169	-0.084530412	-0.051503618	0.95663654	1.1669161	-0.048673991	-0.63113834	0.62147318	-0.33126756	-0.89620939	-0.62811679	-0.88860197	0.18313617	-0.43246037	0.25313293	0.31264322	-0.41290055	-0.26377742	0.31170652	1.9365539	-0.34498402	-0.37486219	1.4839529	0.098321317	-0.13531192	-0.1177559	-0.42161826	-0.58006935	-0.91907665	-0.61248205	-0.69089814
27	1.4110143	3.8740213	3.5132635	3.3297791	2.825783	2.6799646	2.2588878	1.8191083	0.44650676	0.036361041	-0.14852701	-1.0491443	-0.91527485	-0.99894297	0.57837299	0.61609093	0.72845772	0.82126828	0.8585093	0.86861827	0.83569412	0.69299848	0.19030164	-0.30984567	-0.82999226	-0.80494627	1.9330376	1.6753429	1.5637941	1.1038282	0.85567326	0.48653832	-0.039385642	-0.45320631	-0.7674553	-0.89232904	-0.79465707	-1.0034091	0.96578025	0.61127026	0.42034737	0.7641608	0.57531787	-0.52930341	-0.29920744	-0.92679502	-0.41190128	-0.85685929	-0.93831633	-0.88512873	0.99573879	0.64625239	0.68253029	0.68378514	0.073487455	-0.66163642	-0.87074874	-0.95624219	-0.98570321	-0.94198348	-0.98427218	-0.8756823	-1.0374431	0.74120227	0.59454079	0.59829734	0.25103715	-0.49564661	-0.68106439	-0.81735388	-0.97915802	-0.96441493	-0.8992253	0.43613513	0.21314891	0.087549442	-0.45907415	-0.92630613	0.729659	-0.13699772	-0.5246707	-0.85903743	0.67094551	0.72757144	0.6694893	0.77049446	0.6871962	0.27830055	-0.1953848	-0.26014899	-0.55592312	-0.95289912	-0.9677314	-0.9398195	-0.83011752	0.75092154	0.61572991	0.16127063	-0.97965237	-0.88650574	-0.91551535	-0.92127471	0.7332655	0.55517263	-0.27885633	0.69069344	0.38272522	0.067954279	-0.60757729	-0.93435902	-0.91139204	-0.9961939	0.67422689	0.17179413	0.022148482	-0.64376606	-1.0402971	-1.0699982	0.26643275	-0.3650012	-0.3644024	-0.8606653	-0.88595343	-0.87964433	-1.0173247	-0.95634979	-0.94846431	-1.0403532	-1.0044578	-0.90703168	-1.0390553	-0.94398083	-0.85605332	-1.0748612	-0.9865052	-0.6989677	-0.87566195	-0.87407357	0.32976522	1.3596465	0.4811824	-0.47974858	0.91821026	0.19513063	-0.97455363	-0.39847368	-0.98357558	0.71722069	-0.15280456	0.59252709	0.58782012	-0.097762924	0.20154551	1.1018282	2.2694988	0.12819411	0.051808916	1.994673	0.69744859	-0.2331507	0.39600676	-0.50378279	-0.61731665	-0.87975122	-0.6074118	-0.68645588
27	3.1471041	3.3711257	2.9903439	2.8939264	2.4874551	2.4333806	2.1626836	2.0240957	1.6766032	1.5652444	1.4509075	1.3289775	0.8401617	0.34300675	1.6516204	1.5317206	1.3146673	1.1505746	0.82751031	0.56882543	0.27569395	-0.10900445	-0.27543431	-0.62812129	-0.86579592	-0.74913997	2.0077931	1.5995378	1.453994	0.94828752	0.39411583	-0.15809231	-0.31845528	-0.58733379	-0.71798511	-0.71219009	-0.73317468	-0.9483342	1.0803743	1.5175343	0.83805872	0.97976196	0.3355037	-0.72882726	-0.55943614	-0.77946375	-0.54670379	-0.70691404	-0.82359414	-0.73660392	0.071124604	1.3919861	0.99912959	0.55845478	-0.48284051	-0.76033819	-0.85848673	-0.8178468	-0.82179094	-0.79527197	-0.84736735	-0.70343779	-0.41689943	1.1775537	0.57469356	0.23784869	-0.24384544	-0.63933132	-0.75936843	-0.84034859	-0.89512692	-0.80422977	-0.84285266	-0.056503019	-0.29621653	-0.40701947	-0.55598807	-0.75075447	0.16125292	-0.37866901	-0.62227249	-0.78088826	1.4288871	1.2802043	0.84980971	0.82372036	-0.067600958	-0.29859825	-0.48502132	-0.50917519	-0.7080195	-0.78540866	-0.83699634	-0.8103719	-0.82303598	1.125894	0.47298081	-0.21940725	-0.91201911	-0.83097254	-0.84794542	-0.87607646	0.75947014	0.12373345	-0.08833006	0.53048391	-0.10816481	-0.39069037	-0.83125171	-0.90304908	-0.90781653	-0.9568133	0.21055493	-0.335743	-0.41062269	-0.68895524	-0.99408541	-0.99258829	-0.27436389	-0.65386772	-0.7158096	-0.79346747	-0.9015032	-0.73844181	-0.93329542	-0.83633138	-0.86462458	-0.88676313	-0.88481608	-1.0067437	-0.89019911	-0.22648798	-0.90317899	-1.0125611	-1.0151616	-1.0186083	-0.051150589	0.00585497	1.0232328	1.1367651	-0.082812237	-0.6163808	0.56509296	-0.33371584	-0.8762776	-0.63535159	-0.86643447	0.12799028	-0.44657051	0.20126354	0.28640887	-0.42713732	-0.28455904	0.26858538	1.9071637	-0.37124313	-0.40333239	1.4449651	0.079390458	-0.11104041	-0.1295406	-0.39664961	-0.5668186	-0.90913323	-0.59810042	-0.67155442
27	1.1717862	3.6559289	3.2368209	3.122354	2.6170621	2.5487954	2.1630541	1.8767054	0.93986059	0.78701676	0.17688411	-0.19670625	-1.0814982	-0.80159235	1.1254661	1.0983273	1.1104643	1.1092368	1.0692107	0.85430873	0.76336158	0.38515706	-0.17206662	-0.47148461	-0.8746479	-0.83915557	1.9541295	1.6904092	1.6051533	1.1506849	0.77849285	0.22120638	-0.19826072	-0.57441893	-0.79536852	-0.85805744	-0.84867628	-0.97011084	1.1987367	1.1029654	0.77466322	1.0091546	0.58557221	-0.6448388	-0.38172628	-0.92186698	-0.52778747	-0.74419266	-0.88890174	-0.84186109	0.4847863	1.0915189	0.96918115	0.83148816	-0.13767392	-0.76906524	-0.90689352	-0.93598436	-0.93268799	-0.90291205	-0.95552837	-0.84300226	-1.0127744	1.1044348	0.7898561	0.56902283	0.23822387	-0.55925263	-0.73301091	-0.88402707	-0.98744001	-0.91604761	-0.95915067	0.49543771	0.15335414	-0.065188169	-0.51003666	-0.88779155	0.60841864	-0.27168692	-0.63175125	-0.87200719	1.1458959	1.0907526	0.92717541	0.93259231	0.52742783	0.028971604	-0.35241754	-0.4359448	-0.6381009	-0.93833082	-0.96098999	-0.9913548	-0.86349801	1.078145	0.71253447	0.11544105	-0.96211343	-0.88345631	-0.92649592	-0.92833778	0.94612601	0.49984605	-0.44319316	0.76680809	0.33300546	-0.094139574	-0.68070872	-0.96362303	-0.94712509	-1.0074373	0.59428876	-0.013856853	-0.13152369	-0.66064186	-1.0169114	-1.0296317	0.062992318	-0.572104	-0.45313851	-0.84973577	-0.92133628	-0.80842481	-0.98942522	-0.79222943	-1.0405415	-1.0109992	-0.99657594	-1.0294817	-0.95569588	-0.35179895	-0.94430262	-1.0740073	-1.0001982	-0.83487209	-0.62772899	-0.58349104	0.55024286	1.3534959	0.196205	-0.59767727	0.87152254	-0.076110467	-0.9436721	-0.53370604	-0.94661799	0.55450173	-0.33913747	0.50408823	0.51294005	-0.30928036	-0.041988653	0.71687865	2.1598986	-0.16611117	-0.21496602	1.8176143	0.41577455	-0.26197555	0.10896817	-0.50930463	-0.62077458	-0.88569884	-0.60502062	-0.67773149
27	3.3586948	3.2748617	2.9081041	2.806943	2.4325708	2.372743	2.1300312	2.0283935	1.6385465	1.520272	1.3270252	0.99794098	0.36336625	0.10583643	1.6041707	1.4833159	1.2597194	1.0965984	0.69296538	0.41982958	0.16486276	-0.20621585	-0.4200591	-0.64104056	-0.93750061	-0.82343893	1.9667592	1.5825708	1.4538882	0.94578051	0.62418542	0.16436338	-0.15741002	-0.51426501	-0.74582747	-0.8316605	-0.93352274	-0.96990886	0.89541861	1.4563296	0.77219757	0.8938349	-0.27076781	-0.78306494	-0.6800253	-0.89719718	-0.53890596	-0.82517508	-0.9208267	-0.85642166	-0.059467754	1.3267098	0.9578427	0.5989214	-0.27249924	-0.63891136	-0.830456	-0.88938222	-0.89637422	-0.91284942	-0.93718061	-0.82654511	-0.78508356	1.0837724	0.6920172	0.35230668	-0.068041145	-0.51052903	-0.64616	-0.8101949	-0.87769552	-0.89644935	-0.92164405	0.089571572	-0.085034678	-0.21321391	-0.4433702	-0.8782387	0.4957196	-0.19477585	-0.54975049	-0.82660126	1.3630778	1.2373183	0.82763257	0.81220256	0.38118424	-0.15490512	-0.44431994	-0.54366392	-0.7263715	-0.90339204	-0.9654285	-0.97213579	-0.89877498	1.1132346	0.69739688	-0.030485967	-0.9681665	-0.87047515	-0.93761666	-0.92963055	0.90222645	0.6191451	0.60075909	0.71523864	0.53061608	0.12545159	-0.82021591	-0.9523586	-0.94010303	-1.0016655	-0.087021294	0.37568385	0.15450617	-0.29891347	-0.99864899	-1.0218524	-0.57398926	-0.38152075	-0.027696556	-0.56239082	-0.76622346	-0.58543759	-0.90443693	-0.99246422	-0.99371962	-0.99290139	-0.96885856	-1.0292126	-1.0258416	-0.37370841	-0.9895766	-1.0483545	-0.99709233	-0.61422592	-0.4353744	0.28667928	1.0133605	1.1755068	0.00018734336	-0.65881369	0.5873156	-0.40419233	-0.93371662	-0.64135081	-0.9231669	0.14550577	-0.56399264	0.19934162	0.30978168	-0.53745974	-0.38710031	0.069000731	1.8208921	-0.46272825	-0.47891724	1.2736345	-0.096810923	-0.27499301	-0.23825359	-0.52060437	-0.61807102	-0.93418159	-0.63359232	-0.71506146
27	1.3779522	4.0409122	3.6057667	3.4831787	2.8793318	2.7429258	2.2219026	1.756355	-0.27761298	-0.36856304	-1.0175913	-1.0710487	-0.94248973	-1.0388189	-0.13228507	0.022975322	0.32877825	0.44271006	0.55261061	0.63247603	0.81143739	0.74685405	0.60601071	-0.01696768	-0.71691753	-0.93516474	1.857523	1.6788407	1.6115744	1.0752553	0.94857374	0.70824588	0.34505736	-0.2056776	-0.65012748	-0.91688598	-0.80856772	-1.0157897	0.62995206	0.039598074	0.14452981	0.42717132	0.49037664	-0.65259461	-0.30274313	-0.94113136	-0.16113036	-0.92015835	-0.99421712	-0.90355157	1.093189	0.23054158	0.33669091	0.43487098	0.044416134	-0.46838635	-0.80880905	-0.93251864	-1.0017201	-0.96978406	-1.0225995	-0.9108822	-0.95906143	0.40415202	0.34581218	0.43785487	0.27119434	-0.18232912	-0.44641219	-0.72892865	-0.88923849	-0.95907353	-0.93762045	0.44625914	0.31950094	0.29141945	-0.11378337	-0.96544285	0.8505447	0.25493256	-0.27372025	-0.74531012	0.24582839	0.30963667	0.38260718	0.4429161	0.83134457	0.6446686	0.24850222	-0.017813037	-0.31679838	-1.0084679	-1.0533499	-0.90152628	-0.88288912	0.39016791	0.4203773	0.13293116	-1.0080748	-0.94058441	-1.0102721	-0.97421681	0.41133808	0.42100536	0.2825353	0.37482428	0.43585979	0.43778721	-0.50800791	-0.94280651	-0.97736263	-1.0361783	0.42042924	0.51444705	0.4863497	-0.12417014	-1.0601744	-1.079557	0.19360764	-0.33107962	0.10916142	-0.53197517	-0.75437897	-0.65658778	-1.0448263	-0.6751051	-1.0741792	-0.98507108	-1.0361278	-1.1047911	-0.8735799	-1.0645132	-0.92401316	-1.1021288	-1.0454781	-0.7805902	-0.99632705	-0.90363804	0.27037228	1.3934377	0.55412971	-0.30045037	0.92593842	0.29794637	-1.0038588	-0.26533808	-1.0156371	0.70921758	0.070926728	0.65968978	0.70377161	0.11252735	0.40390544	1.5662867	2.3495557	0.21206735	0.12539094	2.0662104	1.1343507	-0.25470933	0.65278847	-0.530357	-0.66552083	-0.88165797	-0.64183415	-0.72343399
27	3.4471547	3.3527664	2.9809812	2.8796917	2.5201689	2.4602915	2.218066	2.1013316	1.7118204	1.5390342	1.3012463	1.0260957	0.42893606	0.21849103	1.6090815	1.5183745	1.3077824	1.0493476	0.71599356	0.43206968	0.091857263	-0.17585649	-0.40668183	-0.72834764	-0.87524209	-0.71944434	2.046516	1.6075604	1.4665972	0.90161897	0.47709823	0.026073717	-0.37590315	-0.63331613	-0.7317587	-0.74973906	-0.87113337	-0.89890845	0.8852802	1.4938884	0.78822811	0.85301925	-0.18338227	-0.77631855	-0.6290186	-0.79382002	-0.69364761	-0.74065956	-0.85751502	-0.77802731	-0.0082773779	1.3760748	0.9084111	0.53892754	-0.38743069	-0.7475606	-0.87300968	-0.82934991	-0.82178047	-0.8043206	-0.86203568	-0.76223462	-0.56654941	1.0624788	0.64033783	0.29643417	-0.17842216	-0.63482999	-0.76328795	-0.80257378	-0.84624654	-0.79974217	-0.91631426	-0.04514971	-0.20652644	-0.32231686	-0.58753265	-0.80327574	0.33540462	-0.39565716	-0.65933567	-0.76423356	1.4034968	1.2688357	0.80214031	0.73681068	0.39757321	-0.16730978	-0.59887267	-0.6660556	-0.84514216	-0.77464547	-0.87393378	-0.86435927	-0.83422905	1.0962667	0.60992857	-0.077958794	-0.89460752	-0.79957495	-0.82545688	-0.8574989	0.85141584	0.47791586	0.44026268	0.63659644	0.35552501	0.097685377	-0.91102696	-0.91543407	-0.87512348	-0.92068177	-0.1030044	0.24771041	0.1192514	-0.57410749	-0.92504207	-0.93672199	-0.40844029	-0.58283045	-0.33531492	-0.75414002	-0.94553557	-0.90998263	-0.87187821	-0.91864557	-0.91150312	-0.93393001	-0.91720485	-0.93612046	-0.96429212	-0.045127125	-0.91094803	-0.9812845	-0.9219679	-0.5748487	-0.41666114	0.2901409	1.0825285	1.1433693	-0.086672318	-0.63217401	0.49068922	-0.42406666	-0.86150815	-0.66785954	-0.8503862	0.056649132	-0.5189899	0.12833625	0.27357397	-0.5000319	-0.40387612	-0.012070895	1.898297	-0.4343062	-0.4802454	1.2891964	-0.046510855	-0.1721777	-0.18819281	-0.41851423	-0.54214363	-0.87910316	-0.56523505	-0.63650617
27	1.232969	3.591315	3.1786565	3.011336	2.5689145	2.503883	2.1282647	1.8566311	1.0039708	0.83670232	0.41011175	-0.045923269	-1.095694	-0.78094335	1.228633	1.2467665	1.1660309	1.0945395	0.99964772	0.90839134	0.68881208	0.54039433	-0.041931978	-0.45504387	-0.93040133	-0.85362126	1.9272233	1.6642307	1.5568078	1.1064871	0.77472364	0.29992854	-0.21545848	-0.59402113	-0.84433023	-0.88106605	-0.84362962	-0.98995582	1.1755613	1.2271712	0.76736447	1.0105834	0.63250783	0.0074994739	-0.15325136	-0.89742462	-0.53181173	-0.84274972	-0.94140351	-0.90755863	0.75951809	1.1767734	0.96413975	0.8212008	-0.012849951	-0.74675763	-0.88572972	-0.93971011	-0.95976499	-0.93840988	-0.97895787	-0.88049852	-1.0211126	1.1028077	0.77528319	0.60659418	0.19617976	-0.58395974	-0.71803379	-0.8981971	-0.96289157	-0.93870974	-0.95617274	0.46995246	0.19963012	0.052713409	-0.5506907	-0.90265338	0.54038562	-0.30893144	-0.65602635	-0.90317968	1.237963	1.1111519	0.89703323	0.91882587	0.3822236	0.050388792	-0.38826861	-0.47847502	-0.62650114	-0.94865126	-0.94630763	-0.96546125	-0.86299709	1.0439346	0.66103125	0.075988521	-0.97739158	-0.89818134	-0.94175304	-0.92912022	0.88305082	0.44304787	-0.64652919	0.79063709	0.25939971	-0.22691438	-0.73100338	-0.96730957	-0.94385002	-1.0085409	0.55406486	-0.13568344	-0.25087881	-0.68738602	-1.038364	-1.0548969	-0.011610063	-0.47318691	-0.58401903	-0.87758874	-0.89324552	-0.87677654	-0.99242201	-0.90396851	-1.0257706	-1.0334301	-0.99042551	-0.93783651	-1.0295706	-0.22607666	-0.94687876	-1.0589552	-0.99355604	-1.0769713	-0.43434354	-0.64348906	0.55427368	1.3051224	0.23258481	-0.6047385	0.85853161	-0.13811892	-0.96060986	-0.52402361	-0.96361767	0.54436017	-0.29842091	0.49336909	0.4940746	-0.28395945	0.007003064	0.74314715	2.1120974	-0.067526995	-0.17011211	1.7500882	0.40850633	-0.2975542	0.14886321	-0.5354488	-0.6320718	-0.8916987	-0.63365022	-0.71640482
27	1.1236921	3.6550847	3.2203548	3.042461	2.5801788	2.477835	2.1280032	1.8197559	0.98713539	0.81866011	0.76464491	0.0084666352	-1.3028026	-0.93492861	1.2253428	1.1818612	1.0914906	1.0296896	0.89010138	0.78491431	0.68025678	0.39505191	0.0083232424	-0.40092199	-0.89887389	-1.142468	1.8982563	1.602449	1.5101603	1.0177454	0.70614022	0.32402604	0.079590993	-0.19513933	-0.52308533	-0.83683285	-0.95678912	-1.2019663	1.0532923	1.143828	0.643222	0.88871807	0.35082559	-0.65496096	-0.48074239	-1.0101028	-0.4590762	-0.9750882	-1.1275246	-1.0747394	0.60992004	1.0979188	0.85090654	0.67858231	-0.24049673	-0.48704244	-0.76227188	-0.80272318	-0.94617357	-1.0106696	-1.1355929	-0.99075425	-0.92252396	0.99376537	0.63024449	0.50331077	0.091712055	-0.34630998	-0.53360181	-0.62094186	-0.82659054	-0.88186054	-1.070521	0.35169576	0.066310119	-0.051416692	-0.27575913	-1.0683098	0.56141961	-0.048773852	-0.29160006	-0.62005786	1.1229163	1.0443173	0.77073787	0.80996524	0.32861525	0.12756601	-0.095760185	-0.25079987	-0.52361383	-1.0351181	-1.0789027	-0.97758061	-1.057446	0.96812062	0.62098737	0.019898467	-1.1806419	-1.1333498	-1.1610407	-1.1275903	0.81640973	0.50645362	0.61161004	0.68824521	0.26618005	-0.021579041	-0.62394155	-1.0661417	-1.1402405	-1.1429449	0.56761779	-0.0035348555	0.011372965	-0.21454796	-1.1764304	-1.2380375	0.16518552	-0.57461352	-0.11228368	-0.56012707	-0.75766642	-0.31445152	-0.9195	-0.99136801	-1.1565058	-1.0762491	-0.69998286	-1.1885698	-1.1450871	0.093715875	-1.085037	-1.2622182	-1.221287	-0.34097952	-0.44215171	-0.32517689	0.44882283	1.2041939	0.22286518	-0.3955729	0.76414391	-0.011099054	-1.1582344	-0.41878857	-1.1607734	0.49890092	-0.096823195	0.38892566	0.46299302	-0.063808017	0.10264014	1.0824304	2.0547074	-0.1501254	-0.22149994	1.693395	0.69376904	-0.47060769	0.35023439	-0.71379938	-0.85692548	-1.0732087	-0.84688838	-0.90459492
27	1.2922127	3.9454165	3.4913341	3.368142	2.7838764	2.6644115	2.199988	1.7519463	0.2778581	0.19539515	-1.0085854	-1.0229873	-1.0262973	-1.0881503	0.40329102	0.55081162	0.7504445	0.77253251	0.77019943	0.83028452	0.72965481	0.69955151	0.34954274	-0.11842863	-0.75202615	-0.98340451	1.837943	1.6247095	1.491408	1.0462561	0.83648583	0.52081673	0.10354976	-0.34425349	-0.62915896	-0.86224652	-0.78472734	-1.113293	0.88044929	0.53326528	0.41772323	0.69503638	0.51906408	-0.63483941	-0.28757346	-0.97430932	-0.22069819	-0.91572244	-0.98206241	-0.91057373	1.0090775	0.70043726	0.61303579	0.61539974	-0.049871293	-0.56607288	-0.83938457	-0.83998223	-1.0224345	-1.0095726	-1.0548984	-0.92135821	-1.0266548	0.70815101	0.52834034	0.51943957	0.1979048	-0.39185315	-0.60669354	-0.75977332	-0.88368935	-0.89348837	-0.94907051	0.43264063	0.1993162	0.085795979	-0.31916902	-1.0257906	0.69851493	-0.0011985789	-0.43062263	-0.71005929	0.74872009	0.73145805	0.54181284	0.70944981	0.67547024	0.37655008	0.094597384	-0.068112897	-0.39254673	-1.0183674	-1.0746235	-0.88128898	-0.92062735	0.66494855	0.59202286	0.045194146	-1.0793745	-1.0063475	-1.0332758	-1.0420731	0.64357998	0.54773876	-0.12728772	0.64282271	0.40100461	0.1812644	-0.56755717	-0.99838622	-1.0461407	-1.0776454	0.53225997	0.26745914	0.19961956	-0.33647084	-1.1203365	-1.1665545	0.35982708	-0.17623664	-0.021879246	-0.70396403	-0.89765537	-0.67407081	-0.98066559	-0.61575926	-0.99079528	-0.95583956	-0.89142861	-1.1392549	-0.89126165	-0.76671591	-0.86625216	-1.1865637	-1.1269513	-1.1809111	-0.75752966	-0.85901777	0.20639671	1.2401754	0.41329132	-0.32193656	0.86362449	0.18158742	-1.0442189	-0.32001194	-1.0519638	0.68580463	0.0021910089	0.56079503	0.60209476	0.071143497	0.2848593	1.4231452	2.2715208	0.11004017	0.025862127	1.9723789	0.98394016	-0.2267417	0.59054797	-0.51305843	-0.64937939	-0.95900836	-0.65038567	-0.74940358
27	2.5860697	3.2809857	2.9259406	2.8079499	2.3799017	2.2888086	2.0038641	1.795093	1.3034241	1.1786303	1.1955656	0.93978528	0.30216441	-0.11963242	1.3896365	1.3178285	1.2210215	1.1351696	0.7838942	0.58086967	0.3576349	0.16938412	-0.20171207	-0.5346137	-0.93356418	-1.028184	1.8100851	1.4995908	1.4071318	1.0223606	0.72578912	0.39856055	0.095704771	-0.43782357	-0.80265745	-1.0006504	-0.97355927	-1.0770974	0.99057217	1.3083513	0.81788993	0.92554839	-0.15518747	-0.80176216	-0.59458176	-1.0297493	-0.61061464	-0.93549735	-1.0380547	-1.0017371	0.427022	1.2301331	0.98728957	0.69707193	-0.10934598	-0.61268199	-0.87634153	-1.0055656	-1.0446747	-1.0379687	-1.0861974	-1.0136176	-1.1258752	1.0888868	0.75206179	0.51414952	0.095648383	-0.41631617	-0.63400318	-0.83643597	-1.0170276	-1.0246821	-0.99475114	0.25911075	0.097638487	-0.021765526	-0.3168483	-1.0236227	0.59823608	0.04975643	-0.4693126	-0.89292851	1.2561501	1.1826547	0.84862217	0.86886766	0.51499847	0.12642141	-0.30832439	-0.49337963	-0.69584655	-1.0590636	-1.0945232	-1.0665308	-0.97220455	1.0849086	0.75134925	0.064351824	-1.0604477	-0.99654276	-1.0669856	-1.031914	0.92081775	0.72026462	0.70591163	0.76104379	0.59784449	0.3394348	-0.75332347	-1.024744	-1.0579668	-1.0785227	0.052322839	0.45235031	0.36265446	-0.20507706	-1.1105502	-1.1213591	-0.65797245	-0.13487775	0.10783228	-0.44003548	-0.92020779	-0.58201027	-1.0667541	-0.81446244	-1.0894776	-1.0765014	-1.0855422	-1.146918	-0.96586925	-0.22533786	-1.0613922	-1.1551433	-1.1242087	-0.43488055	-0.16216757	0.26512252	0.81188581	1.1464118	0.0655158	-0.69988483	0.70169065	-0.27471452	-1.0560777	-0.57587234	-1.0626265	0.38206413	-0.48823077	0.29905516	0.36649213	-0.45561879	-0.19647384	0.43173063	1.8131976	-0.25870297	-0.36697756	1.3788802	0.15423129	-0.49538668	-0.094618214	-0.69707519	-0.78085346	-0.99958775	-0.77348728	-0.82339569
27	3.3403763	3.1905571	2.8177151	2.7142144	2.3314962	2.2665663	2.014621	1.9054108	1.550881	1.4416608	1.1556027	0.99046957	0.77766282	0.38379234	1.5120998	1.4075671	1.2547786	1.1102896	0.65705042	0.44698946	0.20284462	0.034247684	-0.276294	-0.61840515	-0.93814152	-1.0025843	1.8662074	1.487095	1.3727285	0.95514162	0.64543994	0.32565559	0.012902418	-0.37538896	-0.69955759	-0.91644514	-0.98935172	-1.0702304	0.89862279	1.3819481	0.76759099	0.86342588	-0.22165007	-0.7388708	-0.59431639	-1.003051	-0.61876054	-0.95675702	-1.0329716	-0.96580177	0.25148949	1.2867671	0.9572154	0.60236406	-0.14872983	-0.55710936	-0.83882369	-0.86409467	-1.0011029	-1.0429596	-1.0540359	-0.96840909	-1.1121727	1.0932141	0.66714105	0.40262272	0.033072977	-0.37852401	-0.58087243	-0.75290677	-0.86033046	-0.95848612	-0.98478492	0.22269716	0.026052816	-0.070478317	-0.31420146	-1.0023166	0.52862174	-0.041437656	-0.41897737	-0.75671047	1.3206878	1.2237466	0.78790816	0.80070764	0.42219853	0.10119516	-0.36278276	-0.52585097	-0.69837108	-1.0854328	-1.0845637	-1.032145	-0.97270259	1.1233438	0.68934885	-0.0023092102	-1.0544273	-0.99856166	-1.0596095	-1.0299475	0.87706035	0.60964382	0.5830786	0.70524895	0.52032998	0.25581938	-0.74751624	-1.0073621	-1.054902	-1.0807672	0.057071239	0.37092544	0.28937626	-0.212096	-1.0800078	-1.11943	-0.60494644	-0.25199354	0.092215893	-0.48726777	-0.73092182	-0.48709881	-0.90562093	-1.0140782	-1.0764511	-1.044725	-0.89335153	-1.1166017	-1.110128	-0.31938588	-1.0788196	-1.1418659	-1.1159863	-0.41605545	-0.2303474	0.44544439	0.90711251	1.1112835	0.042645063	-0.65727943	0.6258999	-0.23907962	-1.0435855	-0.59337131	-1.0422597	0.29505979	-0.52220008	0.22601146	0.32471878	-0.48922283	-0.24393881	0.26994625	1.709691	-0.35995249	-0.38212034	1.2824117	0.032237104	-0.48466203	-0.18655225	-0.68941947	-0.76040643	-0.99178789	-0.76767124	-0.84329613
27	1.4192062	3.9750139	3.5249626	3.3439428	2.8290141	2.6957394	2.2564177	1.8125501	0.13584162	0.0466271	-0.54531716	-0.99869574	-0.94485061	-1.0083407	0.60740595	0.69978413	0.67228985	0.67892344	0.85887677	0.83296217	0.81291965	0.75295093	0.20430138	-0.24279235	-0.78240799	-0.81225946	1.9476578	1.6791084	1.5644503	1.0962797	0.84365701	0.48992974	-0.05877744	-0.43533647	-0.74610682	-0.88805397	-0.71834149	-1.0215336	0.94207838	0.68832678	0.30645753	0.66506275	0.53418443	-0.67203103	-0.26993512	-0.89284736	-0.36302473	-0.88877022	-0.93083132	-0.86747764	1.0660831	0.65924885	0.55282853	0.66936044	0.032213114	-0.63851564	-0.85289449	-0.93132994	-0.94340821	-0.92035078	-0.98540517	-0.88245765	-1.079243	0.65545842	0.59469512	0.54403958	0.23350743	-0.42632048	-0.69945366	-0.81930168	-0.98270917	-0.94487224	-0.8971312	0.41961246	0.23936154	0.087214976	-0.42339048	-0.89409752	0.76105203	-0.15274464	-0.50916669	-0.84810816	0.68815268	0.59201394	0.61384748	0.72790557	0.69991364	0.35801848	-0.17491564	-0.23928003	-0.49970465	-0.97265123	-0.96873906	-0.95181752	-0.85149712	0.62323558	0.59319031	0.12578601	-0.99400815	-0.88760787	-0.92828909	-0.91891373	0.69225752	0.4975063	-0.41675927	0.64916005	0.39141059	0.10405972	-0.62408235	-0.93981021	-0.90991193	-1.0035381	0.61928443	0.16471504	0.047506142	-0.60960298	-1.0486349	-1.0809964	0.30655458	-0.31539889	-0.35518723	-0.88765712	-0.89095482	-0.85545642	-0.99593452	-0.98068054	-0.88093417	-1.0345141	-0.92751078	-0.92648078	-1.0676877	-0.34071229	-0.79744649	-1.0899137	-1.0857256	-1.0696563	-0.84598777	-0.89517638	0.27521105	1.3699297	0.48118027	-0.44175819	0.94125512	0.23816928	-0.96985296	-0.38180027	-0.97666804	0.71478745	-0.093834225	0.62781078	0.61718935	-0.069774832	0.26009603	1.1987769	2.2810228	0.1243259	0.059335207	2.0235342	0.81967705	-0.15786877	0.45511668	-0.44536903	-0.58423574	-0.88980982	-0.5619041	-0.65825003
27	2.9074557	3.4870919	3.1026596	2.9864701	2.5842967	2.5193586	2.2724784	2.1097768	1.7309727	1.5849669	1.5671708	1.0285181	0.61437114	-0.040624809	1.7472695	1.6422378	1.343563	1.1754802	0.72621194	0.41991348	0.094214085	-0.10768224	-0.27487336	-0.87083906	-0.80044022	-0.6571038	2.1161096	1.6899072	1.5301309	0.91842272	0.25759874	-0.15287745	-0.4388302	-0.69770765	-0.66104444	-0.68298241	-0.63922443	-0.89583214	0.9070166	1.6229131	0.89091084	0.96263262	0.23455283	-0.59573491	-0.51019825	-0.73853212	-0.71720196	-0.60634223	-0.74916748	-0.68225115	0.09610228	1.43689	1.0276223	0.53457383	-0.48764958	-0.77434663	-0.81234367	-0.73724759	-0.74930608	-0.71796808	-0.79070191	-0.68906158	-0.34170868	1.2324963	0.52772652	0.15874856	-0.31154138	-0.69428049	-0.78487289	-0.77186166	-0.80698639	-0.72881286	-0.82316415	-0.1519698	-0.37187759	-0.45499382	-0.71644735	-0.69211277	0.063707422	-0.50168768	-0.72853115	-0.70980552	1.4753457	1.300919	0.7734526	0.6672988	-0.10879555	-0.27979365	-0.66315527	-0.72869188	-0.89754781	-0.70376438	-0.78445982	-0.7326222	-0.77426758	1.1580868	0.32320612	-0.28334445	-0.8612002	-0.79557946	-0.74077408	-0.83438571	0.64793535	0.026049295	-0.34263003	0.43817276	-0.20183572	-0.4176161	-0.91622615	-0.85298182	-0.83175872	-0.88339505	0.12710614	-0.3560423	-0.43742036	-0.8933006	-0.93267368	-0.93872151	-0.35730877	-0.74956471	-0.74190823	-0.81018856	-0.85181184	-0.85912489	-0.76540595	-0.80766304	-0.68202221	-0.79583319	-0.71454553	-0.76221502	-0.81704698	-0.11113635	-0.74066718	-0.93452815	-0.93538447	-0.91976275	-0.095295869	-0.03186865	1.1011298	1.2116626	-0.11650407	-0.60148917	0.48571334	-0.32124882	-0.81555776	-0.65905799	-0.80013683	0.063498342	-0.49663205	0.16545798	0.27623725	-0.48772523	-0.32737472	0.15578918	2.0307493	-0.34902544	-0.39626858	1.455421	0.03938029	-0.029905749	-0.10588588	-0.31987952	-0.49853757	-0.79428909	-0.52863409	-0.58196312
27	2.4548273	3.3025326	2.9464441	2.8241524	2.3941805	2.3021296	2.0127398	1.7929545	1.2727161	1.1464784	1.1817037	0.89843521	0.10103914	-0.19856776	1.3713079	1.3038186	1.2135438	1.1328187	0.79118544	0.59145693	0.36930321	0.17088923	-0.17122308	-0.52404109	-0.93086508	-1.0397486	1.8139115	1.5085485	1.4163901	1.0305905	0.7362043	0.4061248	0.10511343	-0.41645466	-0.79458135	-1.0073614	-0.97669052	-1.0841246	1.0002322	1.2956232	0.81356361	0.93005066	-0.14491948	-0.79645953	-0.59245309	-1.0373036	-0.60790368	-0.94348159	-1.0465306	-1.0097743	0.44172676	1.2215739	0.98589513	0.70366868	-0.10785043	-0.60202265	-0.87462194	-0.99235673	-1.0516735	-1.0462918	-1.0939736	-1.0214504	-1.132153	1.0867948	0.75557598	0.5211062	0.09968371	-0.40027532	-0.62169917	-0.83137715	-1.0080115	-1.0360189	-0.99856417	0.2733773	0.10354504	-0.014899025	-0.3014738	-1.0327028	0.60782617	0.057524767	-0.44963572	-0.88679347	1.2468184	1.173564	0.85274682	0.8721013	0.53149869	0.13199316	-0.27228133	-0.4728372	-0.68849423	-1.0667886	-1.1043675	-1.0662509	-0.97643339	1.0787185	0.75600842	0.069099354	-1.0680619	-1.0057439	-1.0767545	-1.0390827	0.92360837	0.72610139	0.71037443	0.76591816	0.6052549	0.34330055	-0.75772731	-1.0270723	-1.0655401	-1.0838997	0.05778861	0.46205803	0.36764796	-0.20465434	-1.1168327	-1.1287775	-0.64842063	-0.12798312	0.10323236	-0.4394617	-0.90683917	-0.56288779	-1.062671	-0.82033552	-1.095922	-1.0808649	-1.0807458	-1.1545399	-0.9679104	-0.21329663	-1.0655249	-1.1619237	-1.1314238	-0.4493226	-0.1751933	0.23344364	0.78984063	1.1559754	0.082849856	-0.68935559	0.71248415	-0.2488805	-1.0640353	-0.56960407	-1.0703165	0.39282678	-0.47567167	0.30772443	0.37635518	-0.44086797	-0.17750911	0.47340943	1.8334228	-0.24999007	-0.35512373	1.3992467	0.19069009	-0.50053751	-0.076777866	-0.70237246	-0.78823814	-1.0041329	-0.77980409	-0.82899782
27	1.2796292	3.4604236	3.0549339	2.8996981	2.4620588	2.3780831	2.083599	1.8665689	1.3780361	1.2719292	1.1535216	1.0875516	0.15497779	-0.081759756	1.4572054	1.3877424	1.2389228	1.1214441	0.82762353	0.65185428	0.43826423	0.13785409	-0.21076819	-0.57137771	-0.90541469	-1.0946624	1.9083713	1.5576123	1.4478074	0.97580021	0.64020522	0.26381316	0.066127117	-0.29408582	-0.6673859	-0.89979734	-0.9620571	-1.1577408	1.0180265	1.361721	0.76007578	0.93011804	-0.072352218	-0.75482906	-0.58330658	-1.0344578	-0.53852381	-0.97164545	-1.0850615	-1.0421787	0.47288936	1.2754821	0.94683222	0.64989319	-0.21536961	-0.54766364	-0.82111007	-0.85790668	-0.98712778	-1.0429764	-1.1119055	-1.0146535	-1.1841088	1.1052617	0.6527667	0.44681585	0.018432452	-0.37959355	-0.59527367	-0.73074714	-0.8908624	-0.92893502	-1.0277324	0.23534154	-0.014601383	-0.080591837	-0.29274595	-1.067599	0.50802414	-0.042926298	-0.36030781	-0.73228127	1.3057084	1.2114665	0.82231991	0.82746518	0.43725069	0.11942922	-0.29195365	-0.43123219	-0.64734352	-1.1043404	-1.118726	-1.025207	-1.0133973	1.0894866	0.63689478	0.015679628	-1.1203937	-1.0512747	-1.1386452	-1.0657373	0.88061105	0.50222585	0.57104037	0.70186907	0.32044501	0.13248196	-0.74685116	-1.0406739	-1.0935675	-1.1309017	0.47659221	0.17771685	0.16052377	-0.31701851	-1.156541	-1.1932914	-0.3235871	-0.53926774	0.076054354	-0.6519234	-0.71879882	-0.40545065	-0.94270771	-1.0965588	-1.1628772	-1.1052681	-0.89164293	-1.1847678	-1.1607334	-0.028144157	-1.1068578	-1.2181166	-1.1523984	-0.35394615	-0.17215381	0.20474553	0.7728856	1.1445117	0.13137977	-0.52592117	0.69663247	-0.11677884	-1.1109365	-0.51108077	-1.1194815	0.39774964	-0.30372294	0.30069696	0.38324458	-0.26612251	-0.020248224	0.66152051	1.9187908	-0.22691446	-0.29040275	1.4594448	0.34388355	-0.48986974	0.084848802	-0.69941228	-0.8259119	-1.0618947	-0.80347541	-0.87004059
27	3.325863	3.2252832	2.8577304	2.7562832	2.37975	2.3186058	2.0750046	1.9775053	1.6022164	1.4945039	1.2666457	1.0332891	0.59203687	0.16602892	1.5706447	1.4554071	1.2630877	1.1091464	0.69190416	0.44412334	0.21143269	-0.075899982	-0.46787716	-0.61940323	-0.95065677	-0.87852233	1.9270581	1.5445422	1.4242464	0.95593062	0.64187792	0.25175464	-0.098528886	-0.48207919	-0.72585358	-0.87659003	-0.95579034	-1.0040507	0.90778853	1.4290014	0.77859413	0.88906477	-0.25498843	-0.76947144	-0.6363381	-0.94140229	-0.58116704	-0.85536123	-0.95379412	-0.8920129	-0.012872509	1.3168076	0.96430897	0.61189785	-0.20059646	-0.62836058	-0.84646712	-0.87912796	-0.93909572	-0.95917697	-0.97620203	-0.87480715	-0.93061421	1.0957986	0.69278341	0.38424352	0.0010966389	-0.50028395	-0.63877079	-0.78863604	-0.86501806	-0.94880276	-0.93839824	0.18496189	0.0054989946	-0.10812671	-0.41693272	-0.91898011	0.52556818	-0.13330426	-0.51920836	-0.78477013	1.3519463	1.2387646	0.82034105	0.81543925	0.44890427	-0.0077342075	-0.50215295	-0.58561366	-0.71238202	-0.98321438	-1.0081425	-1.0119445	-0.92201017	1.1248543	0.70131799	0.0008539173	-0.99619864	-0.91002622	-0.98021102	-0.96213605	0.89911614	0.62786131	0.60358668	0.71681963	0.54401173	0.20863917	-0.76361115	-0.97210741	-0.97913953	-1.0315275	-0.023851371	0.39198933	0.2294124	-0.24701061	-1.0301421	-1.0554449	-0.6001814	-0.35051392	0.056504173	-0.56604031	-0.75794244	-0.56937868	-0.88515344	-1.0192649	-1.0346483	-1.0177726	-0.92306648	-1.0620797	-1.0642883	-0.37447383	-1.0231595	-1.0805498	-1.0374766	-0.5506552	-0.37093256	0.35069356	0.96483268	1.1553292	-0.022069154	-0.67699548	0.60830362	-0.39905023	-0.97020966	-0.63079988	-0.96330426	0.21452949	-0.56219453	0.21644901	0.31624206	-0.53375358	-0.35628042	0.11118006	1.7668311	-0.45202267	-0.4562148	1.296199	-0.084088621	-0.34964446	-0.23884797	-0.579621	-0.66412896	-0.95480608	-0.67826781	-0.75744971
27	3.2289794	3.3701629	2.9904583	2.8932487	2.4915522	2.4373906	2.1692648	2.0348348	1.6902712	1.5761148	1.4614955	1.342249	0.84314576	0.37912099	1.6562693	1.5285683	1.3071224	1.1455563	0.81267825	0.55375981	0.25543188	-0.1136068	-0.27064966	-0.64332905	-0.86035655	-0.7448651	2.0111988	1.599269	1.451278	0.94087809	0.38139575	-0.15759808	-0.31584908	-0.58945149	-0.71132259	-0.7054335	-0.73349717	-0.94400831	1.069486	1.5137696	0.8336359	0.97221809	0.32303674	-0.72579612	-0.55936743	-0.77371899	-0.54333173	-0.70012016	-0.81975747	-0.73196643	0.064743038	1.3834882	0.99481827	0.54120703	-0.48712547	-0.76054866	-0.854202	-0.81277909	-0.81457894	-0.78927022	-0.84182055	-0.69714746	-0.40347348	1.1727748	0.56014991	0.22821707	-0.25578225	-0.64245035	-0.76046863	-0.83583158	-0.89045746	-0.79907642	-0.83964719	-0.069489265	-0.29864898	-0.40670153	-0.55723292	-0.74381496	0.1517597	-0.37581621	-0.62546076	-0.77495514	1.4194978	1.2734301	0.84186447	0.8097452	-0.066568304	-0.2966343	-0.48069882	-0.50238679	-0.71417987	-0.78082793	-0.83485092	-0.80593361	-0.81958685	1.1200286	0.45411036	-0.23014189	-0.90800358	-0.82630776	-0.84403866	-0.87196379	0.74422629	0.10801796	-0.081000918	0.51191232	-0.1231294	-0.3893438	-0.83916926	-0.90026263	-0.9041977	-0.953263	0.19937322	-0.32733058	-0.41721303	-0.70232495	-0.98967521	-0.98825629	-0.25520401	-0.67311051	-0.70985682	-0.79125978	-0.90258849	-0.74531431	-0.92953322	-0.82884118	-0.85769541	-0.88042525	-0.86668824	-1.0033749	-0.88423906	-0.24090541	-0.90377845	-1.0082931	-1.0107397	-1.0150135	-0.045161474	0.016599737	1.0365587	1.1292314	-0.090804748	-0.61144136	0.55108993	-0.33001965	-0.87225236	-0.63618068	-0.86175224	0.12057733	-0.44913482	0.18808193	0.28019793	-0.4296803	-0.2892412	0.25999219	1.9041261	-0.37546109	-0.4075089	1.4363562	0.076411245	-0.10515376	-0.12972446	-0.39082561	-0.56378051	-0.90728905	-0.59477542	-0.66728404
