51	0.99363583	2.2737801	2.9138523	2.2737801	1.633708	0.14020629	-0.71322325	-1.139938	-0.92658063	-0.49986586	-0.92658063	-1.5666528	-1.7800102	-1.9933676	-2.2067256	-1.7800102	-1.3532954	-0.71322325	-0.49986586	-0.28650848	0.35356367	0.35356367	0.78027844	0.78027844	0.78027844	0.56692106	0.56692106	0.35356367	0.56692106	0.56692106	0.56692106	0.35356367	0.35356367	0.14020629	0.14020629	0.35356367	0.14020629	0.35356367	0.56692106	0.78027844	0.78027844	1.2069932	1.4203506	1.4203506	0.35356367	-0.28650848	-0.71322325	-0.92658063	-0.92658063	-0.71322325	-0.71322325	-1.139938	-1.5666528	-1.3532954	-1.139938	-0.49986586	0.14020629	0.14020629	0.14020629	0.14020629	0.14020629	0.35356367	0.35356367	0.14020629	-0.073151094	-0.073151094	-0.073151094	0.14020629	0.14020629	-0.073151094
51	0.61164509	1.3173894	2.0231338	2.2583819	2.0231338	1.7878857	0.37639698	-0.79984358	-1.5055879	-1.9760841	-1.2703398	-0.79984358	-1.2703398	-1.5055879	-1.9760841	-1.5055879	-1.0350917	-0.79984358	-0.32934736	-0.32934736	0.14114887	0.37639698	0.61164509	0.84689321	0.61164509	0.61164509	0.37639698	0.37639698	0.14114887	0.14114887	0.14114887	0.14114887	0.14114887	0.37639698	0.14114887	0.14114887	0.14114887	0.61164509	1.0821413	1.3173894	0.37639698	0.37639698	1.5526375	2.0231338	1.5526375	0.14114887	-0.56459547	-1.2703398	-1.5055879	-0.79984358	-0.094099245	-0.094099245	-0.79984358	-1.5055879	-1.740836	-1.0350917	-0.094099245	0.61164509	0.61164509	0.37639698	0.37639698	0.14114887	0.14114887	-0.094099245	-0.32934736	-0.56459547	-0.56459547	-0.56459547	-0.32934736	-0.094099245
51	0.64449713	1.2037715	1.9494706	2.1358954	2.1358954	1.3901963	0.45807234	-0.66047638	-1.2197507	-1.4061755	-1.2197507	-0.84690117	-0.84690117	-1.4061755	-1.7790251	-1.5926003	-1.2197507	-0.84690117	-0.47405159	-0.47405159	-0.28762681	0.085222767	0.27164755	0.45807234	0.45807234	0.45807234	0.45807234	0.45807234	0.27164755	0.085222767	0.085222767	0.085222767	0.085222767	0.27164755	0.085222767	0.085222767	0.085222767	0.64449713	1.0173467	1.3901963	1.2037715	1.2037715	1.7630458	2.1358954	1.7630458	0.64449713	-0.10120202	-0.66047638	-1.2197507	-1.2197507	-0.66047638	-0.66047638	-1.4061755	-1.9654504	-1.7790251	-1.4061755	-0.47405159	0.085222767	0.45807234	0.27164755	-0.28762681	-0.10120202	0.085222767	0.27164755	0.085222767	-0.10120202	-0.10120202	-0.10120202	-0.10120202	-0.10120202
51	1.2042185	2.5392119	2.5392119	2.3484985	1.9670719	1.0135052	-0.3214882	-1.0843416	-1.4657682	-1.4657682	-1.0843416	-1.2750549	-1.2750549	-1.2750549	-1.2750549	-1.2750549	-1.0843416	-0.89362821	-0.51220154	-0.3214882	-0.13077486	0.44136515	0.44136515	0.25065182	0.059938478	0.44136515	0.44136515	0.25065182	0.25065182	0.25065182	0.44136515	0.44136515	0.44136515	0.25065182	0.25065182	-0.13077486	0.44136515	1.0135052	1.0135052	1.0135052	1.2042185	1.3949318	1.5856452	1.2042185	0.25065182	-0.3214882	-0.70291488	-1.0843416	-1.2750549	-0.70291488	-0.51220154	-1.0843416	-1.6564816	-1.8471949	-1.4657682	-0.70291488	0.059938478	0.25065182	0.25065182	0.059938478	0.059938478	0.25065182	0.25065182	0.059938478	-0.3214882	-0.13077486	-0.13077486	0.059938478	0.059938478	0.059938478
51	1.1820973	2.0395771	2.0395771	1.8252072	0.96772728	-0.10412256	-0.74723246	-1.3903424	-1.6047123	-1.1759724	-0.96160243	-1.1759724	-1.6047123	-1.8190823	-1.8190823	-1.3903424	-0.96160243	-0.96160243	-0.74723246	-0.31849252	0.11024741	0.32461738	0.53898735	0.32461738	0.32461738	0.32461738	0.53898735	0.32461738	0.11024741	0.11024741	0.32461738	0.32461738	0.32461738	-0.10412256	-0.10412256	-0.10412256	0.32461738	0.96772728	1.1820973	0.75335732	1.1820973	1.8252072	2.0395771	1.3964672	-0.10412256	-0.31849252	-1.1759724	-1.1759724	-0.96160243	-0.53286249	0.32461738	-0.53286249	-1.6047123	-2.0334523	-1.6047123	-0.53286249	0.32461738	0.53898735	0.53898735	0.53898735	0.75335732	0.75335732	0.53898735	0.32461738	-0.10412256	-0.10412256	0.11024741	0.32461738	0.53898735	0.53898735
51	1.3423609	2.0665632	2.0665632	2.0665632	0.98025966	0.25605729	-0.64919569	-1.1923475	-1.3733981	-1.3733981	-1.0112969	-1.0112969	-1.5544487	-1.9165504	-1.9165504	-1.5544487	-1.1923475	-0.83024628	-0.64919569	-0.2870945	-0.1060439	0.25605729	0.43710788	0.43710788	0.43710788	0.43710788	0.43710788	0.25605729	0.25605729	0.25605729	0.25605729	-0.1060439	0.07500669	0.25605729	0.07500669	-0.1060439	0.07500669	0.25605729	0.61815847	0.98025966	1.5234114	2.0665632	1.8855126	1.1613103	-0.1060439	-0.64919569	-1.0112969	-1.1923475	-1.3733981	-1.0112969	-0.46814509	-0.83024628	-1.3733981	-1.7354993	-1.0112969	-0.46814509	0.25605729	0.61815847	0.43710788	0.43710788	0.43710788	0.61815847	0.61815847	0.43710788	0.43710788	0.25605729	0.25605729	0.43710788	0.79920907	0.79920907
51	0.93053869	1.6938712	2.4572037	2.4572037	1.1849829	-0.087238002	-1.1050147	-1.3594589	-1.613903	-0.85057052	-0.59612635	-1.1050147	-1.613903	-1.8683472	-1.3594589	-1.1050147	-0.85057052	-0.85057052	-0.85057052	-0.59612635	-0.087238002	0.16720617	0.42165034	0.67609452	0.67609452	0.67609452	0.67609452	0.67609452	0.42165034	0.16720617	0.42165034	0.16720617	0.16720617	0.16720617	-0.087238002	0.16720617	0.16720617	0.16720617	-0.34168217	0.16720617	1.1849829	1.9483154	2.4572037	1.439427	0.16720617	-0.59612635	-1.1050147	-0.85057052	-0.59612635	-0.087238002	-0.087238002	-1.1050147	-1.8683472	-1.8683472	-1.3594589	-0.34168217	0.42165034	0.42165034	-0.087238002	0.16720617	0.42165034	0.93053869	0.67609452	0.67609452	0.42165034	0.16720617	0.16720617	0.16720617	-0.34168217	-0.087238002
51	0.78249915	1.4802691	2.178039	2.178039	2.3524815	1.829154	0.95694163	-0.43859824	-1.1363682	-1.4852531	-1.8341386	-1.6596956	-1.4852531	-1.3108107	-1.3108107	-1.4852531	-1.4852531	-1.1363682	-0.43859824	0.084729213	0.084729213	0.2591717	0.2591717	0.43361418	0.43361418	0.43361418	0.2591717	0.2591717	0.2591717	0.084729213	0.2591717	0.2591717	0.2591717	0.2591717	0.2591717	0.2591717	-0.08971327	-0.43859824	0.084729213	-0.08971327	0.2591717	0.60805666	1.3058266	1.829154	1.829154	1.1313841	0.43361418	-0.26415575	-0.7874832	-1.1363682	-0.96192568	-1.1363682	-1.4852531	-1.6596956	-1.4852531	-1.1363682	-0.43859824	0.2591717	0.43361418	0.2591717	0.084729213	0.084729213	0.2591717	0.43361418	0.084729213	0.084729213	-0.08971327	0.084729213	0.2591717	0.43361418
51	0.85995623	2.1272601	2.7609121	2.9721294	2.1272601	1.0711735	-0.19613037	-0.618565	-1.252217	-1.252217	-1.0409996	-1.252217	-1.252217	-1.4634343	-1.252217	-1.0409996	-0.82978232	-0.82978232	-1.252217	-0.618565	-0.19613037	0.22630427	0.22630427	0.22630427	0.015086951	0.22630427	0.015086951	0.015086951	0.015086951	-0.19613037	0.015086951	0.22630427	0.015086951	0.015086951	0.22630427	-0.19613037	0.015086951	0.64873891	0.64873891	0.64873891	1.2823909	1.7048255	1.7048255	1.0711735	0.015086951	-0.618565	-1.0409996	-1.252217	-1.0409996	-0.40734769	0.015086951	-0.618565	-1.8858689	-1.8858689	-1.252217	-0.40734769	0.015086951	0.43752159	0.43752159	0.22630427	0.22630427	0.43752159	0.43752159	0.015086951	0.015086951	0.015086951	0.015086951	0.43752159	0.64873891	0.64873891
51	0.44659555	1.4886518	2.1138856	2.3222969	1.4886518	0.65500681	0.029773037	-1.0122832	-1.4291058	-1.4291058	-1.0122832	-1.2206945	-1.637517	-1.637517	-1.2206945	-0.59546073	-0.17863822	0.23818429	0.23818429	0.029773037	-0.17863822	0.23818429	0.23818429	0.029773037	0.029773037	0.23818429	0.23818429	0.65500681	0.86341806	1.0718293	0.86341806	0.44659555	0.23818429	0.23818429	0.23818429	0.23818429	0.23818429	0.44659555	0.86341806	0.44659555	1.0718293	1.9054743	1.6970631	1.9054743	1.0718293	0.029773037	-1.0122832	-1.637517	-1.8459283	-1.2206945	-1.0122832	-1.0122832	-1.637517	-1.8459283	-1.637517	-1.0122832	-0.59546073	-0.38704948	-0.17863822	-0.17863822	0.029773037	0.23818429	0.44659555	0.44659555	0.23818429	0.23818429	0.23818429	0.23818429	0.029773037	0.029773037
51	0.1647286	1.2130015	1.6323107	2.0516198	1.4226561	0.58403777	-0.25458056	-0.88354431	-1.3028535	-1.0931989	-0.67388973	-1.0931989	-1.5125081	-1.5125081	-1.3028535	-0.67388973	-0.044925982	0.1647286	0.1647286	0.1647286	-0.044925982	-0.044925982	0.1647286	0.1647286	0.1647286	0.58403777	1.0033469	1.0033469	1.0033469	0.79369235	0.58403777	0.37438318	0.37438318	0.37438318	0.58403777	0.58403777	0.58403777	0.58403777	0.79369235	0.1647286	1.2130015	1.8419653	2.2612744	1.8419653	0.79369235	-0.044925982	-0.88354431	-1.7221626	-1.5125081	-1.5125081	-1.0931989	-0.88354431	-1.5125081	-1.9318172	-1.9318172	-1.7221626	-0.88354431	-0.67388973	-0.46423515	-0.25458056	-0.044925982	0.1647286	0.37438318	0.37438318	0.37438318	0.1647286	0.37438318	0.1647286	0.1647286	-0.044925982
51	-0.54621254	0.17069142	0.64862739	1.3655314	1.1265634	0.40965941	-0.30724455	-0.78518053	-0.78518053	-0.54621254	-0.30724455	-0.30724455	-0.78518053	-1.2631165	-1.5020845	-1.0241485	-0.54621254	0.17069142	0.40965941	0.40965941	0.17069142	0.17069142	0.17069142	0.40965941	0.40965941	0.40965941	0.40965941	0.64862739	0.88759538	0.88759538	0.88759538	1.1265634	0.64862739	0.64862739	0.40965941	0.64862739	0.64862739	0.40965941	0.64862739	0.64862739	0.64862739	1.6044993	1.8434673	2.0824353	2.3214033	1.3655314	0.17069142	-1.0241485	-1.9800205	-2.4579564	-2.2189884	-1.7410525	-1.5020845	-1.7410525	-1.7410525	-1.2631165	-1.0241485	-0.78518053	-0.54621254	-0.30724455	-0.068276568	0.17069142	0.17069142	0.17069142	0.17069142	0.40965941	0.17069142	-0.068276568	-0.068276568	-0.068276568
51	0.16466882	1.3173505	1.0868142	0.62574151	0.16466882	-0.065867516	-0.29640386	-0.29640386	-0.065867516	0.16466882	-0.29640386	-0.98801288	-1.4490856	-1.6796219	-1.4490856	-0.5269402	0.16466882	0.16466882	-0.065867516	0.16466882	0.16466882	0.85627785	0.85627785	0.39520516	0.16466882	0.16466882	0.16466882	0.39520516	0.85627785	0.85627785	0.85627785	0.62574151	0.62574151	0.85627785	0.85627785	0.62574151	0.62574151	0.39520516	0.62574151	0.62574151	1.5478869	1.7784232	1.7784232	2.2394959	1.3173505	0.16466882	-0.75747654	-1.4490856	-1.4490856	-0.98801288	-0.75747654	-1.4490856	-2.1406946	-2.6017679	-2.3712309	-1.9101582	-1.4490856	-0.75747654	-0.75747654	-0.29640386	-0.065867516	0.39520516	0.62574151	0.62574151	0.16466882	0.16466882	0.16466882	-0.065867516	-0.065867516	-0.065867516
51	1.2564663	2.3456631	2.3456631	2.0733639	1.2564663	0.1672695	-1.1942265	-1.4665257	-0.92192727	-0.64962808	-0.64962808	-1.4665257	-1.7388248	-1.7388248	-2.011124	-1.7388248	-1.1942265	-0.64962808	-0.64962808	-0.37732888	-0.10502969	0.4395687	0.71186789	0.71186789	0.71186789	0.4395687	0.4395687	0.1672695	-0.10502969	-0.37732888	-0.37732888	-0.37732888	-0.10502969	-0.37732888	-0.10502969	-0.10502969	-0.37732888	-0.10502969	-0.37732888	0.1672695	0.71186789	1.5287655	2.0733639	1.8010647	0.71186789	-0.10502969	-0.64962808	-0.64962808	-0.37732888	-0.37732888	-0.10502969	-0.64962808	-1.1942265	-1.7388248	-1.1942265	-0.37732888	0.1672695	0.71186789	0.4395687	0.4395687	0.4395687	0.4395687	0.4395687	0.1672695	-0.10502969	-0.10502969	0.1672695	0.71186789	1.2564663	1.5287655
