30	-0.18074923	-0.10653267	-0.20000313	-0.30302786	-0.33104572	-0.31021768	-0.26524133	-0.27483969	-0.23636704	-0.25343337	-0.22001995	0.20239765	0.25392258	0.29491017	0.32270848	0.42126551	0.23402225	0.23756777	0.44770519	0.5247939	0.59583795	0.67515682	0.73938127	0.73768297	0.90128171	1.0542992	1.3248813	0.87568474	-0.073003773	-1.3633297	-2.1845436	-2.7293924	-3.165556	-3.5015855	-3.7714542	-3.6953429	-3.591226	-3.7216899	-3.6744794	-3.4002721	-3.0766542	-2.5799105	-1.9002453	-1.3311331	-0.38689721	-0.044573708	0.41826718	0.69893635	0.49395485	0.63002535	0.7722925	1.024628	1.1929411	1.2485539	0.86405693	1.0064794	0.9935745	0.68697743	-0.4993249	-1.0212443	0.74358676	1.564898	1.1439092	0.20205857	-0.041449399	0.3536463	0.80693433	0.74577391	0.19807294	0.1161524	0.22542929	0.2279198	0.15220166	0.19954571	0.35132931	0.29108342	0.11901204	0.18035867	0.17011617	0.21430083	0.21409522	0.12219129	0.16677044	0.18658358	0.29992503	0.21758319	0.17266411	0.29414588	0.29387557	0.30685005	0.25242594	0.37473882	0.36030859	0.46637576	0.52267665	0.11963503	0.24422489	0.39393517	-0.015687438	0.24318803	0.52961511	0.39260843	0.32639225	0.35555623	0.63839439	0.45883076	-0.10350858	-0.20364224	-0.58886164	-1.2525323	-1.5847035	-1.7755116	-2.096802	-2.2582234	-2.9564935	-3.2451604	-2.9005093	-3.432268	-3.1370514	-2.7690916	-2.4649785	-2.3946857	-1.869911	-1.6626708	-1.4337679	-1.1159443	-0.7068702	-0.63266829	-0.26788375	0.27186884	0.31184429	-0.010157685	-0.02538129	0.20396267	0.41963294	0.64474657	0.80936532	0.78943353	0.74897844	0.73164049	0.75863056	0.73490306	0.83376492	0.8200306	0.87393803	0.85680944	0.63630308	0.47394924	0.40353486	0.31010121	0.26530551	0.30309665	0.31136648	0.32232384	0.42829199	0.5908136	0.59443704	0.7139031	1.4359159	0.44209359	0.84355837	0.77225808	0.69190814	0.79760523	0.67876883	0.72034209	0.62107246	0.63977323	0.62973963	0.59022576	0.60371078	0.59263694	0.56493177	0.38800815	0.38843534	0.59918567	0.59903143	0.6950078	0.67022608	0.77471165	0.81002485	0.84937284	0.62422674	0.6100541	0.36890481	0.32098431	0.5697225	0.80655289	0.53264897	0.58124245	0.31811945	0.25718845	0.92424331	1.1243886	1.1645045	0.88523193	0.55342091	0.22850231	0.1048845	0.092177484	0.095409524	0.085432518	0.10966235	0.1697632	0.12408943	0.11091	0.5074499	0.63677199	0.70627345	0.78230469	0.58852125	0.42786739	0.043936954	-0.072986252	-0.11568123	-0.32908094	-0.61709957	-0.13999093	-0.021836031	0.32947017	0.41077716	0.35557464	0.3580168	-0.0095265146	-0.0080255262	0.11716235	0.40216562	0.39923075	0.38843165	0.3747426	-0.0010459054	-0.023191747	-0.24091969	-0.22206211	-0.045157398	-0.023112356	0.31893539	0.29520903	0.27604144	0.25285494	0.23508882	0.24141845	0.23954171	0.28095445	0.29489379	0.28499823	0.27955764	0.4789708	0.27946909	0.26716612	0.26740493	-0.15642394	-0.14644168	-0.14103814	-0.15414713	-0.16613734	-0.15670954	-0.14021762	-0.14162315	-0.15265624	-0.15257602	-0.1406513	-0.14836114	-0.14409467	-0.14807448	0.25045234	0.23661531	0.24375475	0.25169163	0.25519546	0.052363187	-0.16768141	-0.16689394	0.0238636	0.26162756	0.46635123	0.37903566	0.24793039	0.23734966	0.22873846	-0.18998424	-0.1900019	-0.2006495	-0.3605465	-0.19903561	0.28355883	0.22948413	0.23446235	0.2312953	0.13948585	-0.21241253	-0.2191869	0.20377345	0.21616916	0.2235157	0.22245428	0.18867286	0.20859718	0.20401555	0.20546381
30	-0.14981697	-0.7175474	-0.91307976	-0.15218142	0.12819742	-0.27419817	-0.23098909	-0.2402103	-0.20324937	-0.2196451	-0.18754461	-0.14733701	-0.0719371	-0.011972074	0.037179166	0.42854256	0.53018356	0.60990487	0.67457265	0.7348874	0.59625546	0.67245763	0.5543486	0.35929075	0.043784332	-1.4055192	-2.7722075	-3.7286301	-4.2361896	-4.733733	-5.0494056	-4.4653672	-3.9401186	-3.3496314	-2.8318845	-2.6761771	-1.9141911	-0.96607576	-0.37445024	-0.18382261	-0.046787585	0.053137383	0.41559449	0.26850406	0.39877408	0.69704604	0.71853401	0.95064071	1.0482689	1.1728457	1.1585003	1.1751095	1.1541122	0.33744572	0.058252119	0.59787429	0.8157394	1.2482872	0.7964636	0.58897144	0.33042774	0.44536541	0.95584116	0.68007517	0.32962728	0.38170507	0.44345484	0.28823179	0.26184325	0.35005204	0.33234566	0.24279407	0.32663437	0.3252301	0.36994097	0.41347068	0.29791783	0.22035951	0.20103861	0.21231278	0.2295127	0.21652922	0.28676342	0.20469151	0.31196997	0.23286362	0.2632638	-0.054274748	-0.34116739	-0.53546269	-0.20664324	-0.1764463	-0.072948944	0.18412859	0.28266977	-0.056307951	0.46506312	0.55494675	0.058178806	-0.099684088	0.045495733	-0.008809198	-0.89239859	-1.3135704	-1.5283379	-2.1335043	-2.5574254	-2.7346406	-3.2811518	-2.9826438	-2.7068635	-2.9213432	-2.3995612	-2.5391624	-2.7056728	-2.3993293	-1.8266154	-1.4185501	-1.0686499	-0.84367125	-0.56063526	-0.068456886	0.14066978	0.23708991	0.47806075	0.50641084	0.54398068	0.5182822	0.52971625	0.43664457	0.61026089	0.26833361	0.35305535	0.40297947	0.42697415	0.57802708	0.5726929	0.57215844	0.55741214	0.58427482	0.60985944	0.61391418	0.60806049	0.59303307	0.4143253	0.3946224	0.41429533	0.4112443	0.41150862	0.39812553	0.3197308	0.35405489	0.30984753	0.33348865	0.38140465	0.3573641	0.43542079	0.46900333	0.65335019	0.6657268	0.69184296	0.67861773	0.68855073	0.70332976	0.67592771	0.6940548	0.62049843	0.63846438	0.62882503	0.5908638	0.60381895	0.59318023	0.59559495	0.62958913	0.7075245	0.70137573	0.59248559	0.6915286	0.63669948	0.62196862	0.61946892	0.6120729	0.62352877	0.60991301	0.62323453	0.58797307	0.57116618	0.553526	0.64592343	0.58223348	0.59328138	0.54172847	0.50883805	0.53309539	0.5495523	0.54212775	0.55550514	0.54868953	0.45163723	0.11238553	0.11549057	0.1059056	-0.033348338	0.18692264	0.029312183	0.13038198	0.08983112	0.12959759	0.091908889	0.068953451	0.0621758	0.1131463	0.4208278	0.036483191	-0.0062903966	-0.022575839	-0.012683056	0.0036228526	0.19459415	0.34035418	0.35977474	0.36543291	0.36777912	0.35706549	0.016119835	-0.13061408	-0.10591619	-0.10084731	0.39699886	0.3838477	0.38365342	0.36842495	0.35884228	0.36227852	0.36016699	0.35496149	0.33023335	0.30743928	0.28902484	0.26674942	0.24968139	0.25576231	0.25395932	0.29374481	-0.084183466	0.29762969	0.29240288	-0.10618951	-0.10514613	-0.11912174	-0.12115016	-0.12644751	-0.11685748	-0.11166627	-0.12426016	-0.13577923	-0.12672188	-0.11087798	-0.11222829	0.28063115	0.28284537	0.29297635	0.28445542	0.28820715	0.28508699	0.26444123	0.25114791	0.25800681	0.26563183	0.26899797	0.27350996	0.26795896	0.27027052	0.27149244	0.27517733	0.27324766	0.26817484	0.26201838	0.2518534	0.24358056	0.24958906	0.24965051	0.24098485	0.23738073	0.24221663	0.24717824	-0.16341239	-0.15813024	-0.16034806	0.23094742	0.22413011	0.21860642	0.21959651	0.23150515	0.23856302	0.23754331	0.23065273	-0.18429167	-0.18710531	-0.16019539
30	0.094203743	0.11923413	0.086824012	0.034719663	-0.35046388	-0.3329034	-0.29498305	0.054899871	0.070434014	0.065756713	0.079765093	-0.22156987	-0.15539881	-0.10277342	-0.05963822	0.038791455	0.1502512	0.44298665	-0.032675795	-0.90448033	-1.3929514	-1.9008437	-3.0789221	-3.0271958	-3.4570084	-4.1940444	-4.0226771	-3.6196127	-3.5137481	-3.2525594	-3.2619853	-2.8588657	-2.2641657	-1.6865361	-1.4521822	-1.2022984	-0.76343816	-0.5263211	-0.58081195	-0.21405984	0.13587361	0.082008612	0.10577435	0.3662594	0.71342156	0.93316317	0.84453268	0.28561188	0.83684304	1.5239045	1.6652069	1.4542933	1.5343054	2.3951055	1.6875637	1.0359066	1.0693977	1.1333231	1.2905014	1.1409991	1.0648408	1.0647659	1.1241115	0.99962148	0.77353988	0.66471965	0.87253103	0.77967797	0.8064038	0.74436207	0.73355001	0.73180358	0.75116644	0.72386758	0.78942352	0.73219403	0.7893934	0.77147995	0.91217387	0.73741152	0.72041245	0.85511243	0.73901479	0.66576096	0.77092827	0.97728428	1.3041704	1.5593086	1.4758159	0.14560718	-0.44451605	0.40412409	0.53876271	0.13172115	0.13387275	-0.070469552	-1.0703227	-1.5321647	-1.2206094	-2.0264921	-2.3266559	-2.5142118	-2.1312066	-1.8866062	-2.1216627	-2.2773541	-2.0604964	-2.5726106	-2.680726	-2.5296888	-2.6793453	-2.5667357	-2.1208929	-1.8823732	-1.6666445	-1.3994305	-0.73382143	-0.35297753	-0.33150353	0.020061472	1.0990236	1.0981857	0.68488916	0.35318909	0.20517091	0.18777679	0.16257325	0.24164652	0.42520866	0.45187341	0.67207648	0.81550647	0.71712921	0.52955717	0.5164206	0.47224363	0.43020562	0.46923417	0.51709982	0.48139683	0.5039974	0.53338674	0.56712008	0.38745956	0.48521488	0.50103372	0.41312714	0.26864187	0.26887383	0.26217877	0.26211142	0.29339027	0.26236956	0.27369481	0.289747	0.29098882	0.28985919	0.31933127	0.33316621	0.34586314	0.36436601	0.34634155	0.34910107	0.36867888	0.50092839	0.51683675	0.45228357	0.33243538	0.22584419	0.171345	0.2501544	0.42830909	0.43359077	0.45390828	0.61884138	0.50862065	0.42769947	0.27979372	0.19836472	0.20157094	0.16931395	0.24501102	0.2551558	0.23786244	0.23967663	0.19927401	0.17413401	0.15789751	0.13238207	0.17276494	0.42839786	0.3643237	0.10331068	0.11090713	0.12980142	0.12545206	0.13522167	0.12130083	0.017076495	0.0063629879	0.0090879775	0.00067618933	0.021104786	0.34780771	0.033268503	0.022156702	0.27677447	0.32005488	0.29292049	0.27823411	0.27331729	0.289389	0.2853159	0.25661048	0.22436957	0.21930717	0.21933986	0.22651691	0.21873743	0.20642859	0.22347211	0.22843772	0.23049676	0.22109447	0.32322451	0.25972547	0.26771939	0.26524495	0.25614004	0.24459857	0.24442807	0.23106354	0.2489579	0.38784943	-0.10942645	-0.11782848	-0.1402749	0.17754243	0.1613819	0.14183295	0.12685403	0.13219065	0.13060834	0.16552415	0.17727664	0.16893352	0.16434647	0.16280717	0.16427181	0.15389896	0.1541003	0.14955257	0.15815848	0.16158146	0.15091242	0.14247857	0.15009126	0.16526721	0.17082906	0.17070437	0.15595878	0.16484975	0.32974127	0.16066429	0.15792603	0.13980728	0.12814104	0.13416043	0.14085215	0.14380629	0.14776601	0.14289445	0.14492308	0.14599543	0.1492293	0.14753582	0.14308391	0.13768098	0.12876018	0.12149993	0.126773	0.12682693	0.11922193	0.11605895	-0.23916385	-0.23460528	-0.23567765	-0.23104203	0.12365565	0.11041307	0.10443019	0.099582589	0.1004515	0.11090253	0.11709653	0.11620163	0.11015445	0.10451847	0.10065561	0.10795439
30	-0.30097028	-0.19951012	-0.32634631	-0.59363267	-0.47786071	-0.29891339	-0.40541628	-0.57015423	-0.37109532	-0.39600342	-0.20566584	-0.17228811	-0.20626585	-0.14826444	-0.085794963	0.018381043	0.14269046	0.23529606	0.31395713	0.38525607	0.44840833	0.51600951	0.51482521	0.5776178	0.57776854	0.61373164	0.64277413	0.64986629	0.66549706	0.68640135	0.70879658	0.71242343	0.72102587	0.70225279	0.69559605	0.71516893	0.73029036	0.7248105	0.7174279	0.71070604	0.68361743	0.80488172	0.74726415	0.871418	1.7713124	1.6384389	2.6383143	2.1992039	2.1792883	1.7716406	1.1386444	0.75856696	-0.011375336	0.30088136	0.23743535	-0.040662824	-0.68416106	-0.57143877	-0.88496983	-1.630908	-1.6509488	-1.7418092	-1.655648	-1.6436294	-2.1026118	-2.1048138	-2.3316282	-1.8213142	-1.5989518	-1.3727376	-0.70266431	-0.6565966	-0.34177749	-0.2533982	-0.22785977	-0.087029159	0.34816226	0.86583137	0.42980934	0.082825823	0.50031347	0.77257711	0.88648458	0.55213012	0.38672599	0.23500111	1.0945822	0.058236268	0.39937418	0.7492224	1.2133696	1.006607	0.36740525	0.4796776	0.61898619	0.33337439	0.54777228	0.30566558	0.25126662	0.32127104	0.5584586	0.43190051	0.28256477	0.49961827	0.52649572	0.5568108	0.44249574	0.49512257	0.71216565	0.5858119	0.49242551	0.58560966	0.57616734	0.38675673	0.35032168	0.46346062	0.49587293	0.4368984	0.48272372	0.50578482	0.61572146	0.60812018	0.59790842	0.63754932	0.76399816	0.69735368	0.68516595	0.7501635	0.75477036	0.64453362	0.7011079	0.75484624	0.75538494	0.7057339	0.74497602	0.81033952	0.75810718	0.81162225	0.79416306	0.76211807	0.84079419	0.73690196	0.68069253	0.7248687	0.81782571	0.83756743	0.81404107	0.64351087	0.64534345	1.1298617	1.7112805	1.2448789	0.88502013	1.1453393	1.2010133	1.2477526	1.3901116	1.1901886	0.5948861	0.16317781	0.094550443	-0.007346708	-0.71437571	-1.3101079	-1.2639647	-0.75936985	-0.98536071	-3.2384457	-3.1905602	-3.1567095	-3.4236831	-3.0849992	-2.788057	-2.6694002	-2.4668289	-2.0480049	-1.8976271	-1.8979568	-1.5831427	-0.82763234	-0.11868233	-0.48260467	-0.06551908	0.33068973	1.2172111	1.2423654	2.1393502	0.78501078	1.2296362	1.742721	2.1499265	2.8267424	2.0665726	1.679153	1.9830876	2.4785598	1.3093288	1.289449	1.6343962	1.4419367	1.583422	-0.55894417	-0.67469455	0.24288987	0.33115003	0.12110401	-0.084882041	-0.19044344	-0.48978268	-0.70825164	-0.66542114	-0.45342323	-0.19616999	-0.23604935	-0.41392399	-0.50657309	-0.53993804	-0.3142874	-0.24418537	-0.26341197	-0.32849409	-0.36798172	-0.33043367	-0.2800693	-0.30900314	-0.26744349	-0.30415536	-0.22772012	-0.28033879	-0.44769289	-0.37602689	-0.39162336	-0.35102002	-0.22053546	-0.3009205	-0.43965129	-0.48145695	-0.55718094	-0.58372497	-0.557212	-0.46351351	-0.53938119	-0.64115495	-0.60159524	-0.57878765	-0.58768561	-0.61152424	-0.45278118	-0.60614983	-0.51884526	-0.62651684	-0.67860033	-0.77120595	-0.617576	-0.62786766	-0.48468349	-0.63260049	-0.6234272	-0.62044194	-0.6307644	-0.51986234	-0.62362886	-0.77472893	-0.62335565	-0.59045596	-0.64522551	-0.65101254	-0.65063467	-0.48887042	-0.51654837	-0.66084869	-0.51870466	-0.64731249	-0.64384642	-0.64563408	-0.64743684	-0.65008095	-0.52543601	-0.66907299	-0.66668416	-0.50944193	-0.66698396	-0.67762635	-0.67749879	-0.51796767	-0.65598478	-0.65488023	-0.664385	-0.66449424	-0.5222204	-0.51975731	-0.68238207	-0.52779314	-0.52315336	-0.67519322	-0.67216245	-0.67817611	-0.68652922	-0.52878161	-0.68156042
30	-0.13978724	-0.076069029	-0.15631757	-0.24476887	-0.26882345	-0.25094165	-0.21232746	-0.22056808	-0.1875376	-0.2021898	-0.1735029	-0.137571	-0.070189173	-0.080028952	0.027323592	-0.49612854	-0.78267123	-1.3518449	-2.0904583	-3.0697826	-4.3964464	-4.6048379	-4.0607808	-4.5305741	-4.7261801	-4.6431669	-4.0519104	-3.4829573	-2.8422073	-2.1993306	-1.4037213	-0.70721273	0.22722395	0.74333598	0.8852832	0.79457596	0.74892449	1.3414712	1.0881845	0.88127151	1.0038921	1.0786799	0.99921344	0.56672004	2.0644986	0.85118072	0.8525394	1.7869476	1.882855	0.9631282	0.43197172	0.56981313	0.65455124	1.174657	0.89000645	0.60466765	0.59355195	0.67561344	0.60415388	0.50543579	0.49683734	0.53649531	0.60997358	0.50559625	0.47386389	0.38205039	0.36289865	0.38444783	0.24066532	0.24363711	0.30996202	0.29094181	0.31580851	0.083602968	0.098150956	-0.32698536	-1.1681611	-0.07394487	0.029921719	0.007170807	-0.10724041	0.090144057	0.10140863	-0.13413232	-0.084695568	-0.16333391	-0.61304026	-0.70313633	-0.86841515	-1.3369484	-1.5928698	-1.6785066	-2.138029	-2.2593872	-2.9009065	-2.7043474	-2.1714331	-1.9023156	-1.9598438	-2.4006144	-2.406632	-1.7501875	-0.94124058	-0.80517608	-0.70428499	-0.41984969	0.12272656	0.60192523	0.78550555	0.24025765	0.020740244	0.049708569	0.060125456	0.20041497	-0.05930288	-0.059780684	-0.093233888	-0.022120213	0.13805368	0.16232219	0.20246952	0.23010423	0.2297259	0.25421325	0.30898926	0.33600844	0.31764876	0.33412108	0.35754905	0.38430957	0.50718914	0.51938314	0.57388037	0.54234455	0.49479517	0.3910296	0.38785039	0.38131021	0.36985475	0.38894158	0.41149726	0.41629536	0.40944401	0.39493195	0.36436374	0.34675606	0.56168844	0.49586752	0.49466143	0.35502903	0.35496044	0.38681162	0.49661266	0.5122891	0.52331996	0.5226337	0.52574458	0.62831149	0.63147209	0.58903102	0.61236998	0.60055112	0.60942785	0.62263526	0.44122608	0.45281584	0.39630636	0.42657115	0.39008174	0.34408885	0.34278465	0.33569418	0.32822558	0.34851622	0.53975464	0.52982149	0.52357834	0.51662344	0.49015677	0.48691528	0.50678735	0.54108272	0.55132036	0.53915252	0.55105742	0.51954568	0.26537326	0.24883968	0.22285738	0.26397914	0.28851366	0.2362017	0.19325405	0.062777064	0.084341756	0.081044139	0.089963559	0.071641976	-0.04443795	0.36322077	0.36395608	0.38222058	0.39277749	0.44222476	0.41934216	0.11061516	0.0743765	0.10991417	0.076233317	0.055718977	0.049662066	0.061149603	-0.1016828	0.026701627	-0.011523387	-0.026077024	-0.017236247	-0.0026643195	0.22511634	0.29825876	0.31561413	0.3206706	0.32276731	0.31319298	0.33232553	0.35253084	0.36067103	0.35815131	0.34887981	0.33712715	0.33695353	0.32334447	0.22770548	0.31785165	0.31596466	0.31131272	0.28921418	0.26884405	0.25238782	0.23248118	0.21722818	0.22266245	0.22105119	0.25660587	0.2685734	0.26007763	0.25540664	0.25383917	0.25533061	0.24476796	0.24497299	0.24034205	0.24910542	0.25259104	0.24172678	0.23313861	0.24089059	0.25634423	0.25324487	0.24488672	0.24686548	0.25591912	0.24830431	-0.10831768	-0.11173452	-0.13091197	-0.14136844	0.22466827	0.23148244	0.23449062	0.2385228	0.2335621	0.23562785	0.23671983	-0.12418709	0.2382884	0.23375503	0.22825324	0.21916921	0.21177611	0.21714567	0.21720059	0.20945644	0.20623558	0.21055722	0.21499122	0.21241631	0.21669033	0.21397128	0.20048639	0.19439404	0.18945774	0.19034255	0.20098481	0.20729215	0.20638087	0.20022304	0.19448394	0.1905504	0.1917938
30	0.73233159	0.61863362	0.76300009	0.84879285	0.72384222	0.69625636	0.8217358	0.84361209	0.79578036	0.82660721	0.91644184	0.74668323	0.70012132	0.57946553	0.50645064	0.52358246	0.61366624	0.66733445	0.68414724	0.63517512	0.61615798	0.63423761	0.64800524	0.62061998	0.53091781	0.56839738	0.63608027	0.62386903	0.62514911	0.70068747	0.66649286	0.65341577	0.60966965	0.40347868	0.50160289	0.29675023	-0.41235986	-0.73392219	-1.3526924	-1.7675688	-1.9337263	-2.2328596	-2.5707011	-2.6151955	-3.0013552	-2.9250887	-2.8424916	-2.9978972	-2.3948808	-2.2766709	-1.8174506	-1.5368971	-1.0716529	-1.0016226	-0.79821916	-0.82567111	-0.63313138	-0.49983973	-0.059013793	-0.61548102	-0.4044586	-0.56554541	-0.55433587	-0.5231528	-0.73800238	-0.39301701	-0.80649959	-0.90575521	-1.1737099	-0.98553426	-0.91245705	-0.99086389	-0.91713461	-0.88907353	-0.79619919	-0.791787	-0.87509989	-0.93132364	-1.0502892	-1.0994239	-0.92710372	-0.93708812	-1.0083284	-0.9694449	-0.93172841	-0.98524967	-1.0363456	-0.84425254	-0.83619024	-0.83643503	-0.83553818	-0.80589864	-0.82429295	-0.77454082	-0.6609714	-0.74830354	-0.73190367	-0.72179222	-0.76947633	-0.76486676	-0.76579254	-0.74506969	-0.70380916	-0.76175238	-0.72695361	-0.72706176	-0.74908275	-0.71867167	-0.65979487	-0.78412876	-0.74496221	-0.67568848	-0.74670404	-0.86376919	-0.56942226	-0.74105213	-0.80395404	-0.95555041	-0.61947166	-0.55216573	-0.41644984	-0.70378395	-0.81141456	-0.59828723	-0.51954164	-0.45233086	-0.16546996	-0.10159056	-0.4100148	-0.26802387	-0.2341961	-0.55076855	-0.69463342	-0.91715676	-1.5855559	-1.9973386	-2.310076	-3.1287559	-3.7023698	-3.5051687	-2.3579514	-1.9846248	-2.4548866	-2.1000221	-1.4309037	-0.95940257	-1.0330301	-1.043156	-0.77929178	-1.0967203	-1.0105718	-0.87630665	-0.59545575	-0.42640511	0.068215878	0.34125206	0.47436481	0.66667902	0.6751189	0.44516445	0.57487865	0.54254247	0.33227938	0.25096026	0.452769	0.68473332	0.82664953	0.82375836	0.87710095	0.76062266	0.7157895	0.52339651	0.44703389	0.40733711	0.50713352	0.16244153	0.20411031	0.28056787	0.41577568	0.51235666	0.62582313	0.58890313	0.67313672	0.60607713	0.81968036	0.83636557	0.77501894	0.72816556	0.60943928	0.67463504	0.61333024	0.67457808	0.59780444	0.55616046	0.66731213	0.74729121	0.77119109	0.78703998	0.78767067	0.67872626	0.67182504	0.66354984	0.64489437	0.78306496	0.71425607	0.78393461	0.66031484	0.84136283	0.95792948	0.87076319	0.87301744	0.97248453	1.0113817	0.88837306	0.75657572	0.74477106	0.71755467	0.70073934	0.42932313	0.36439393	0.46049332	0.75456149	0.82189158	0.70509845	0.65584109	0.7043337	0.68214473	0.73052092	0.66130132	0.72572539	0.71817882	0.72437067	0.73866732	0.75453471	0.75416846	0.76264606	0.8843176	0.86322121	0.99613304	0.87191328	0.72749027	0.8457453	0.81471655	0.89405524	0.74958621	0.88376093	0.76208082	0.88621897	0.89718141	0.89573744	1.037075	0.75725846	0.62922493	0.76375959	0.89879752	0.77010064	0.76013771	0.7760917	0.91037611	0.90780129	0.88662621	0.77559978	0.90950195	0.80600547	0.72941769	0.61991511	0.74244698	0.89554958	0.84844707	0.75756023	0.75522063	0.62451802	0.70595811	0.90882341	0.77233003	0.84293774	0.91094884	0.91191865	0.76239577	0.66765479	0.75669403	0.75695325	0.7552869	0.74982678	0.75525716	0.90311365	0.75146462	0.89769481	0.89302022	0.74229935	0.7282878	0.72719197	0.7308278	0.88904552	0.74916059	0.74970881	0.74471856	0.73984549	0.60021562	0.59358447
30	0.92160801	0.79032296	1.0866219	1.0495745	1.0747776	1.0527568	1.1718654	1.1995372	1.0032597	1.0311366	1.1246021	1.0702474	0.88080534	0.83578893	0.78528699	0.88180947	0.77241475	0.68540795	0.75684686	0.81640549	0.75485155	0.77026297	0.78180844	0.741778	0.70815245	0.74556463	0.70776323	0.73067902	0.64032813	0.60844446	0.46024372	0.10747144	-0.20619924	-0.5269275	-0.73296258	-1.1458451	-1.4364069	-1.5267723	-1.6799915	-2.1074289	-2.4604862	-2.518812	-2.4155429	-2.1890979	-2.0935244	-1.8806357	-1.9560733	-1.8925856	-1.6612582	-1.4020256	-1.0809041	-1.1202057	-0.72099241	-0.62130578	-0.40271463	-0.22623648	-0.31570594	0.054184589	-0.23241588	-0.51125584	0.034642969	0.23705726	-1.2004877	-0.81968236	0.047134584	-0.051959284	-0.43379336	-0.54044209	-0.69123707	-0.58688891	-0.70571244	-0.65463977	-0.67316949	-0.84570998	-0.73175593	-0.68835247	-0.67170048	-0.70820604	-0.87923909	-0.81810874	-0.66123554	-0.7270182	-0.65637706	-0.68744044	-0.61845338	-0.5781766	-0.60633017	-0.58551242	-0.59493627	-0.51114997	-0.49915292	-0.53822425	-0.50056238	-0.49223137	-0.42123189	-0.52777932	-0.53712986	-0.50827697	-0.48575027	-0.48419939	-0.4795705	-0.44273053	-0.45626161	-0.42109525	-0.46214644	-0.41571349	-0.40400067	-0.43571112	-0.38701555	-0.41343561	-0.41978167	-0.42653302	-0.37707826	-0.43010249	-0.4732667	-0.39199533	-0.40404972	-0.3976455	-0.39770759	-0.37847495	-0.30537118	-0.29029756	-0.32505796	-0.3056519	-0.26224227	-0.23373937	-0.24845539	-0.24232546	-0.22375896	-0.19662541	-0.19395439	-0.18001907	-0.14963511	-0.19552379	-0.2094002	-0.19264193	-0.15839084	-0.2008123	-0.21400677	-0.19888058	-0.13173786	-0.12534622	-0.083885922	-0.24661487	-0.27272813	-0.38465221	-0.79541834	-0.48381733	0.15134663	0.45614017	0.5952002	0.2141126	-0.056560095	-0.33062519	-0.26198422	-0.25869936	-0.31637115	-0.63543901	-1.2946104	-1.5690146	-2.1481178	-2.5010192	-2.9039	-3.535112	-3.1081034	-2.9644663	-2.6850519	-2.3606777	-2.9557608	-3.0691898	-2.6805254	-1.9820231	-1.6754769	-1.3754477	-1.1783033	-1.101453	-1.4098169	-1.4196803	-1.2473307	-1.1204936	-0.86677241	-0.49994866	-0.10475488	0.066937503	0.17182533	0.35979999	0.36896671	0.32533561	0.41228762	0.49596715	0.44456354	0.42162248	0.48538816	0.32445026	0.58338438	0.81193724	0.82858722	0.77664826	0.73454185	0.84540438	0.94627343	1.0779657	1.0415708	0.88706746	0.76799951	0.69020503	0.53357916	0.81650662	0.7087675	0.73975395	0.66491553	0.69146582	0.82465846	0.79256522	0.78364639	1.0201691	0.91502389	0.83634126	0.79305391	0.88309011	0.77634167	0.81287504	0.83629558	0.8930208	0.84784655	0.8315756	0.86907549	0.8504131	0.83922596	0.98106443	0.91314991	0.84956836	0.93909269	0.95712747	0.87948671	0.82767388	0.89290394	0.84984016	0.85021793	0.93965799	0.82019941	0.79402414	0.79631301	0.9623505	0.95641248	0.8614424	0.9721973	0.86897288	0.9655544	0.91492873	0.82549553	0.82215232	0.97578757	0.9744244	0.82144278	0.92277536	0.82510316	0.84145384	0.73288048	0.82990632	0.73470179	0.70146416	1.0822458	1.1187105	0.97976697	0.96774596	0.80697256	0.81695607	0.85336421	0.96909536	0.9659805	0.85415616	0.83196717	0.71507307	0.83759864	0.9846717	0.97966415	0.83214864	0.95464558	0.81232397	0.82157385	0.82183952	0.95137865	0.81453585	0.82010126	0.82295583	0.95070488	0.81818639	0.8252665	0.81744255	0.9393228	0.79133823	0.79506447	0.80891493	0.81954238	0.96287312	0.81301428	0.80430638	0.79841608	0.9417924
30	-0.71714756	-0.74719551	-0.85181622	-0.82546166	-0.97461751	-0.95949682	-0.91986788	-0.93262693	-1.0000958	-0.91205073	-0.87677133	-0.83471282	-0.65443422	-0.60414908	-0.57276251	-0.55449625	-0.46467874	-0.32493268	-0.32244598	-0.26323397	-0.16048284	-0.15464647	-0.096298695	-0.1034823	-0.062841579	-0.073490643	-0.049371578	-0.043481715	-0.030500744	-0.027074665	-0.01292326	-0.83656625	-1.0323205	-1.3973044	-3.1262168	-3.7664737	-3.5443693	-3.8836607	-3.748773	-3.0538092	-2.1750001	-1.6735042	-1.4763358	-1.1417813	-0.78762778	-0.65595459	-0.61719815	-0.51877955	-0.49308511	0.02064635	-0.20719133	-0.13705678	-0.12889729	0.84182778	0.21054535	-0.39438471	0.47881796	1.15302	0.7634219	-0.52038895	-0.32918954	0.40094857	-0.2757397	-1.7606447	-1.0484189	-0.39509622	-0.3661498	-0.81989023	-0.90874756	-0.74213433	-0.61950728	-0.80084685	-0.75307821	-0.69943434	-0.69061224	-0.73350337	-0.76611908	-0.71580533	-0.77374265	-0.82511436	-0.70608156	-0.71031556	-0.72581196	-0.75370171	-0.74742671	-0.69470695	-0.72159965	-0.73705941	-0.71430554	-0.6291351	-0.60008956	-0.628126	-0.61936683	-0.60325298	-0.50283794	-0.583353	-0.6010808	-0.62183984	-0.53594767	-0.56390591	-0.5642231	-0.54686758	-0.5085408	-0.5602195	-0.59316248	-0.52793377	-0.47930395	-0.54990751	-0.54366052	-0.53333279	-0.54205944	-0.5458695	-0.47434002	-0.50482277	-0.54256733	-0.4779611	-0.45846664	-0.48909106	-0.497361	-0.39772432	-0.32660798	-0.30983178	-0.45494315	-0.28451003	-0.14848742	0.053843269	-0.092809203	-0.080450063	-0.13306526	-0.41596895	-0.55632584	-0.36398968	-0.38148406	-0.29709365	-0.5469964	-0.60867171	-0.59224233	-0.903796	-1.9110594	-1.6882337	-1.114702	-1.3412514	-1.7138034	-1.7384257	-1.5421412	-1.7709623	-2.8026742	-2.9525659	-2.1634982	-1.6458527	-1.3355237	-1.3198213	-1.1584215	-1.1042189	-1.0574823	-0.97435752	-0.73039546	-0.31523801	0.077047341	0.3832113	0.41055038	0.22830331	0.17074217	0.20978051	0.35332769	0.54500166	0.41544494	0.33996178	0.42033995	0.61289809	0.62689576	0.49953623	0.66634238	0.6639385	0.51701515	0.57298265	0.51811873	0.51506284	0.45496247	0.55708983	0.51630927	0.55332744	0.50334302	0.56692541	0.7444746	0.75635641	0.77123756	0.76238901	0.66467165	0.8314471	0.71614015	0.78599369	0.7258305	0.78492424	0.78617226	0.85441754	0.78399421	0.80522544	0.90343139	0.79881744	0.70146441	0.8975083	0.87026517	0.99478752	0.93834164	0.8024202	0.89096824	0.95776937	1.0616037	0.96856872	0.968739	0.98497839	1.0078849	0.9631596	0.86189677	0.88792352	0.86018252	0.95175889	0.90152572	0.92076694	0.85471451	0.82369678	0.89428091	0.78998391	0.83154182	0.94991221	0.92343515	0.8032323	0.85274803	0.94448642	0.93513538	0.86606002	0.8813976	0.89729409	0.89708982	0.90614645	1.010169	0.99059028	0.99410999	0.95493931	0.9692627	0.95161636	0.94564735	1.0223741	1.0156726	1.011809	0.91057716	1.022605	0.96732803	1.0249504	1.0321409	0.96666022	1.0360623	1.0344681	0.96207084	1.0282018	0.96354584	0.97738424	1.0389626	0.96435777	1.0450687	1.0472568	1.0384603	1.0397191	1.0399663	1.029618	1.1017264	1.0262782	0.90789386	0.90784301	0.94147786	1.0346067	1.0409034	1.0386548	1.0799649	1.0455541	0.91715871	0.91803479	0.94127076	1.0234259	1.0326796	0.90877279	0.92991457	1.0268305	0.92727516	0.91008078	1.0276006	1.1427516	1.0245532	1.0193347	1.0045768	1.0042014	1.0081525	1.0215544	1.0334161	1.0266719	1.0221124	0.8967908	1.0077401	1.0071847
30	-0.43596197	-0.097884858	-0.28077166	-0.46007127	-0.7236486	-0.47512422	-0.62066659	-0.63340705	-0.53486171	-0.5741617	-0.48150332	-0.44047913	-0.49159089	-0.21537762	-0.089985849	0.21783014	0.397627	0.51025217	0.5284824	0.52354093	0.73574689	0.81637232	0.82163905	0.67289194	0.30252592	0.19200427	0.052666902	-0.12793211	-1.9145868	-2.3747644	-3.3286179	-3.6698445	-3.7373629	-3.7237885	-3.4175134	-2.8457837	-2.1681077	-1.561143	-0.20384408	0.20342083	0.33240191	1.2121772	1.0396163	1.411066	2.0870454	2.5359215	1.8244442	1.6116958	2.1173123	2.8087456	2.7331567	2.0307607	2.0575027	2.4683961	2.1496985	1.9492765	2.5224259	0.77158951	0.58663125	1.0739639	1.4803148	1.0488028	0.96158712	0.96730741	1.1278051	0.77184502	0.63442781	0.64034184	0.73943501	0.60208516	0.55943217	0.6811296	0.85422693	0.69091971	0.77737107	0.62020349	0.74147472	0.74527708	0.46001881	0.45682885	0.72064146	0.7128068	0.54871049	0.48219768	0.58534063	0.64950139	0.60381701	0.58993789	0.64052134	0.7459576	0.74448969	0.67989747	0.74254262	0.88503362	0.92387507	0.84398782	0.98352343	0.97152372	0.89670198	0.87095016	1.0754013	1.0661071	0.94011197	0.77615262	1.0061259	1.1575033	1.2390221	0.96072827	0.71658797	0.46750163	1.7384494	1.656785	1.1205752	0.88607428	1.258006	1.2555702	1.0627389	0.88807117	0.55559935	0.70683806	0.78092967	0.30601899	-0.46503079	-0.50547361	-0.7287544	-0.61910926	-0.82165937	-2.0678867	-2.2781622	-1.5052297	-0.52011414	-0.71979333	-1.6073759	-1.5197361	-1.3465702	-1.2325122	-1.9086385	-1.7455207	-1.2848512	-1.3465919	-0.92004532	-0.89632857	-0.8853973	-0.59463578	-0.34106555	-0.20560711	-0.050049124	0.1056597	0.031454034	0.21341846	0.23355139	0.67350121	0.61145845	0.5657154	0.6066428	0.60549989	0.7647733	0.88539092	1.041731	1.0574603	1.0803822	0.86362145	0.61865961	0.62709409	0.38803736	0.5517225	0.69312765	0.75976964	0.59260114	0.39620713	0.35524077	0.50384901	0.55652963	0.47340832	0.56577335	0.44681379	0.32416307	0.34088323	0.29027596	0.40764313	0.39464799	0.43729084	0.45008421	0.41541964	0.39319574	0.31971222	0.26282446	0.24856184	0.20554622	0.21673092	0.15209661	0.069375836	-0.0118098	0.12154778	0.30211117	0.13710892	-0.012932035	-0.050065753	-0.060974882	-0.016879491	-0.0085412302	-0.26734003	-0.21071184	-0.14135906	-0.053436648	-0.0502657	-0.10667446	-0.27389782	-0.13990197	-0.19645328	-0.38589863	-0.38683619	-0.23015888	-0.25724079	-0.46598966	-0.54144548	-0.29873108	-0.42938437	-0.44255952	-0.49405153	-0.52624376	-0.43425821	-0.2374704	-0.4047324	-0.4577138	-0.39152998	-0.34227207	-0.32542302	-0.41261028	-0.25361255	-0.3855141	-0.4859044	-0.5252253	-0.54013206	-0.54393773	-0.35213654	-0.51872186	-0.61464294	-0.6530353	-0.70396104	-0.60850845	-0.63228112	-0.65864388	-0.67888225	-0.42771831	-0.65876383	-0.69324321	-0.5680872	-0.5786425	-0.48375094	-0.49086572	-0.49687582	-0.71116658	-0.70199626	-0.4931108	-0.50978512	-0.72372717	-0.71045925	-0.70614146	-0.49612772	-0.63686291	-0.71075092	-0.79643773	-0.78882806	-0.71643383	-0.74198758	-0.3845578	-0.59819181	-0.95561667	-1.0179106	-0.87178264	-0.5156538	-0.36259707	-0.51373729	-0.74257851	-0.74518596	-0.69504161	-0.71019284	-0.54801459	-0.77302462	-0.72823094	-0.54578383	-0.56030486	-0.78866653	-0.78629467	-0.58546657	-0.54949316	-0.7407284	-0.74321195	-0.58853519	-0.58251405	-0.77593771	-0.7987313	-0.79308652	-0.77223069	-0.5602708	-0.57604385	-0.80172784	-0.57356711	-0.5683012
30	0.57738053	0.62865096	0.74776953	0.65262876	0.65428206	0.64302627	0.63470352	0.65106769	0.75299288	0.64129095	0.77279212	0.74010058	0.70689074	0.58358489	0.51696163	0.55079955	0.57125459	0.59352353	0.69766819	0.70730073	0.72429918	0.75251293	0.74202105	0.67732622	0.64947577	0.69070723	0.7063247	0.69685004	0.70159865	0.72674985	0.53571613	0.0095427675	-0.36533118	-0.52686993	-0.93922753	-1.3640681	-1.255783	-1.3939272	-1.9864336	-2.2659958	-2.4830877	-2.90125	-2.9752916	-2.6437704	-2.5883643	-2.6746207	-2.0298632	-1.672192	-1.4345995	-1.4852967	-1.2310274	-0.75414095	-1.0133123	-1.0961908	-0.76448687	-0.54401753	-0.89244897	-0.65535414	-0.48977887	-0.52817325	-0.58874637	-0.31278657	-0.44449054	-1.0914494	-0.7311647	0.0050475729	-0.62851471	-0.77091987	-0.41743636	-0.33305798	-0.8060807	-0.61549872	-0.47844694	-0.72947094	-0.60615163	-0.66133983	-0.88978595	-0.87119649	-0.69465551	-0.89125628	-0.7259855	-0.84882165	-0.7537899	-0.74516291	-0.74762087	-0.71227909	-0.74229029	-0.72235332	-0.77969671	-0.6412685	-0.68927693	-0.71614387	-0.65543458	-0.52362851	-0.4490879	-0.61238381	-0.54956219	-0.58511818	-0.59996724	-0.63211852	-0.63620833	-0.4849625	-0.47921367	-0.71482169	-0.59012685	-0.44548804	-0.34105797	-0.6584274	-0.42350272	-0.30292969	-0.66640675	-0.98897871	-0.53272641	0.083469357	-0.97560676	-0.85071553	-1.0175813	-0.61398024	-0.44769794	-0.88885969	-0.87228023	-0.36443269	-0.026692388	-0.18397251	-0.45908109	-0.5288655	-1.0563863	-1.5613557	-1.4485797	-1.5805206	-2.4660764	-2.7705632	-2.7399693	-3.7475078	-3.3721767	-1.9917128	-2.7266421	-3.3893415	-2.4095419	-1.6839159	-1.4521752	-1.4468111	-1.4611304	-1.8933069	-1.4595223	-1.5977715	-0.66300173	-0.48757826	0.1700089	0.69780983	1.2538523	0.95693993	0.74467436	0.77964551	0.76493113	0.6934821	0.65986071	0.62686814	0.5342987	0.46996949	0.51723908	0.38311358	0.53420083	0.52794891	0.49999975	0.52690198	0.39819889	0.35913848	0.38650933	0.41094985	0.45032139	0.38637887	0.36893986	0.37648741	0.4556268	0.2301833	0.36139628	0.27079471	0.27930475	0.58788431	0.54411326	0.60941203	0.76534499	0.80628134	0.88936167	0.6221564	0.63713699	0.53691927	0.58172963	0.79138503	0.75408919	0.73245668	0.63136495	0.68825818	0.68925033	0.57378253	0.69347978	0.70975212	0.6891173	0.59198382	0.58551054	0.54847542	0.53187731	0.57910799	0.85404255	0.69612175	0.52226449	0.59772026	0.5865858	0.72347479	0.72181165	0.8643072	0.61425781	0.7225564	1.0442775	0.47303206	0.41021466	0.26347893	0.47553593	0.67669471	0.64381156	0.67631651	0.64888899	0.78590287	0.85076219	0.56527836	0.55184008	0.53909233	0.73138531	0.54759125	0.76959634	0.71323809	0.62970607	0.59026466	0.73747749	0.90149864	0.72604307	0.70367715	0.66476494	0.54537262	0.63911144	0.54056515	0.34811482	0.40658841	0.42820938	0.73230024	1.0506555	0.88586738	1.0384318	1.0414335	1.0488479	1.0450685	0.89673184	0.7316176	0.73681443	0.71982464	0.89126239	0.90918128	0.76244349	0.73081725	0.73772314	0.90863439	0.73315354	0.6197489	0.57712637	0.67193077	0.70547163	0.71530901	0.72131668	0.8242075	0.88600107	0.89127853	0.89750263	0.89576747	0.9035719	0.90240218	0.89709567	0.89687811	0.89118977	1.0339578	0.98145921	0.88543739	0.88289692	0.87698999	0.88298678	1.0459768	0.99458716	0.7572346	0.74939085	0.83268184	0.68776052	0.65801104	0.53053863	0.56543824	0.6904565	0.70905864	0.87113648	0.86555207	0.85756203	0.68883551
30	-0.096881723	0.3348506	0.29405382	0.2284666	-0.2563896	-0.23428505	-0.18655219	-0.19673882	-0.15590825	-0.17402054	-0.13855927	-0.094142118	-0.010848192	0.024484798	0.10969204	0.54202937	0.65431171	0.74237947	0.5700895	0.65190283	0.72730104	0.81148122	0.87964186	0.87783948	0.86745482	0.82667611	0.86552472	0.7224754	0.071446136	-0.78166136	-1.9367216	-2.9004984	-3.6815444	-4.05367	-4.5991596	-4.6991009	-4.8272109	-4.2749835	-3.3679582	-2.4420957	-2.1696863	-1.5624739	-0.76035741	-0.32124916	-0.14719733	0.022842043	0.43747267	0.58590312	0.57404994	0.48020314	0.50355676	0.81430945	0.8850384	0.91897414	1.1157333	0.9595756	0.86589007	0.44582721	0.73436416	1.3742295	0.061694157	-0.28405718	1.3040109	0.87313027	0.17739247	0.31049742	0.38578907	0.53809571	0.37273352	0.21821645	0.21107709	0.24369011	0.22578099	0.12650467	0.24952894	0.28206079	0.16103333	0.12760811	0.14961737	0.12776526	0.10648859	0.171542	0.15846693	0.11425714	0.18678388	0.20559963	0.15918007	0.18693944	0.062526774	0.24561047	0.30211653	0.40695026	0.29541636	0.38631343	0.48438867	0.49720317	0.5845552	0.49310376	0.34191394	0.42077868	0.060285652	-0.5839996	-0.21811214	-0.034437435	-0.19557619	0.035049883	0.1109238	0.057810673	0.13324495	0.15807796	-0.18726392	-0.32598511	-0.14267159	-1.4028711	-1.9505444	-2.4616394	-2.9287832	-2.7067105	-2.7855394	-3.2519759	-2.9305146	-2.9931616	-2.8383657	-3.0999147	-2.928892	-1.4980799	-1.3950365	-1.1005451	-0.7748529	-0.58341229	-0.42815632	-0.38106773	0.30852869	0.56194148	0.68755622	0.77920718	0.97531485	0.93276173	0.69670709	0.35091616	0.71951863	0.23114379	0.61518663	0.72374127	0.69169754	0.50455793	0.52629052	0.52292007	0.52321206	0.51478454	0.42088645	0.45974319	0.42539484	0.52928055	0.5494865	0.55760683	0.72581427	0.76550488	0.79037332	0.8040457	0.64341443	0.62072584	0.62419943	0.64884333	0.59868725	0.53326559	0.56580944	0.60322121	0.54416258	0.4135303	0.49964867	0.4908838	0.48165151	0.50673374	0.58432682	0.49705255	0.48170351	0.47230885	0.43445755	0.43849342	0.45046855	0.49317435	0.50594426	0.48417595	0.48645959	0.43560213	0.40395673	0.38351876	0.35140079	0.40223339	0.43256169	0.21447635	0.31480669	0.32436885	0.34815235	0.34267752	0.35497518	0.33745208	0.20625797	0.19277216	0.19620229	0.18561381	0.21132865	0.27511296	0.22663993	0.21265276	0.16785641	0.21178624	0.17015171	0.14479295	0.13730571	0.15150601	0.14157506	0.1089232	0.061671418	0.043680965	0.054609476	0.072622538	0.071770971	0.045793507	0.063107815	0.082906605	0.098977244	0.084834915	0.086427896	0.51169641	0.52175889	0.51864415	0.50718319	0.091087558	0.093835285	0.070332165	0.051386081	0.049789645	0.047020281	0.036444087	0.43342764	0.40824714	0.38790479	0.36329724	0.34444227	0.35115983	0.34916807	0.34421098	-0.024376695	-0.035611709	-0.049715279	-0.048686667	-0.04753405	-0.062972847	-0.065213632	-0.071065585	-0.060471524	0.388156	0.37472617	0.36410991	0.37369252	0.3927955	0.38896423	0.37863232	0.38107836	0.39227001	0.38285697	0.38700149	0.38355467	0.30263376	-0.09883632	-0.093258178	-0.084790233	-0.080227747	-0.073062244	-0.083013	-0.082177266	-0.0797616	-0.077597622	-0.079876699	-0.08499155	-0.093643168	-0.10583467	-0.11137264	-0.10668273	0.34440816	0.33483524	0.33085378	0.33619597	0.34167704	0.33849408	-0.10606536	-0.10851537	-0.12667154	-0.13048561	-0.13767516	0.31120764	0.32436306	-0.1188975	0.33103338	0.32342139	0.31632701	0.31146457	0.3130016
30	0.30904738	0.3176213	0.30514672	0.26040746	0.24765365	0.25585115	0.28183883	0.51737368	0.29314066	0.260574	0.12843985	0.31732349	0.35849729	0.39125875	0.40886486	0.50506252	0.60473468	0.68432136	0.74786008	0.80771696	0.94156327	1.0063097	0.99290874	0.97964421	0.95861361	1.0142448	1.0457554	1.0433672	0.89008274	0.73832641	0.33150166	-0.23958552	-1.1263304	-2.0706436	-2.4040187	-3.685063	-4.2652381	-4.2905314	-4.0456616	-3.7727664	-3.5225495	-3.1622108	-2.0191465	-1.4643464	-1.3753049	-1.098939	-0.81968473	-0.49175282	0.89296961	0.76761644	1.507622	2.1104542	1.6475896	1.1909621	1.0692461	1.0466427	0.75372821	0.35060607	-0.22519193	-0.61013525	-0.72981734	-0.35818062	0.10949645	0.45471462	1.1729876	0.21910393	-0.72771091	-0.40062266	-0.11830965	0.15459839	-0.022633478	-0.14708888	-0.052891784	-0.066694353	-0.1339917	-0.17152992	-0.22076665	-0.176721	-0.23158292	-0.2040248	-0.10561176	-0.18775875	-0.09025822	-0.16868569	-0.14374902	-0.20509041	-0.15394122	-0.1186191	-0.19219635	0.05467904	-0.36818392	-1.3854556	-0.41310403	0.43424439	0.17687151	0.066031011	-0.066887831	0.024099075	0.18687887	-0.14018668	-0.34568893	-0.29141918	-0.75178123	-1.2030683	-1.2749339	-2.0282858	-2.2768719	-2.6793793	-3.1640917	-3.5439222	-4.0089419	-3.8035439	-3.0208807	-2.3359298	-2.2930171	-2.6397168	-2.6169956	-2.1477824	-1.6048987	-0.90232962	-0.13206513	0.16832699	0.31127043	0.74670323	0.26324732	0.23706839	0.29329613	0.50278181	0.60348742	0.49991647	0.36371798	1.1880473	0.36845779	0.37333535	0.27514811	0.52008988	0.36668102	0.35851111	0.3442011	0.36804413	0.39622039	0.40221411	0.5536176	0.53684177	0.50446005	0.31534653	0.50307777	0.5016146	0.50010798	0.50447562	0.55530449	0.59484571	0.50254543	0.52212822	0.53590783	0.53505056	0.46810489	0.5790459	0.60417664	0.61799323	0.64714795	0.63238399	0.64347267	0.6599712	0.43335724	0.44783501	0.37724411	0.41505049	0.3694684	0.31201469	0.54888256	0.30152817	0.2921985	0.31754529	0.31800344	0.54402946	0.5362306	0.52754263	0.49448081	0.49043159	0.51525551	0.30384288	0.31674748	0.29474957	0.5705571	0.53119306	0.51243073	0.48877294	0.41349087	0.52478567	0.53711898	0.47956802	0.44285088	0.4699305	0.48830212	0.48001375	0.49494756	0.48733898	0.37899489	0.33591402	0.33683256	0.35964834	0.3728359	0.43460478	0.40602013	0.3831901	0.34424737	0.39930195	0.36478582	0.3461041	0.14088073	0.36029362	0.35511245	0.3185979	0.27758604	0.27114645	0.27118804	0.28031756	0.27042172	0.25476434	0.27644443	0.28276092	0.2853801	0.27341997	0.2973201	0.32256031	0.33272892	0.32958133	0.31799948	0.23021224	0.30310134	0.28610107	0.27540348	0.27923951	0.27688231	0.27107117	0.24346597	0.21801987	0.19746296	0.17259585	0.15424603	0.16033042	0.15831765	0.20273209	0.21768178	0.20706897	0.20123403	0.19927597	0.20113906	0.18794434	0.18820046	0.18241555	0.19336263	0.19771682	0.18414533	0.1734171	0.18310077	0.20240525	0.19853357	0.18809268	0.19056452	0.20187422	0.1923619	0.19655013	0.28165412	0.17001911	0.15517914	0.16283606	0.17134823	0.17510602	0.18014296	0.17394612	0.17652662	0.17789071	0.18200433	0.17985015	0.17418712	0.16731436	0.15596671	0.14673135	0.15343893	0.15350753	0.14383364	0.13981018	0.14520873	0.15074761	0.14753107	0.15287013	0.14947352	0.13262838	0.12501789	0.11885153	0.11995682	0.133251	0.14113004	0.13999168	0.1322994	0.12513019	0.12021646	0.1217697
30	0.71701096	0.60397921	0.74251055	0.82450935	0.69665654	0.68114711	0.66479921	0.83720364	0.89974633	0.93246107	0.90004239	0.85364373	0.79868643	0.75501957	0.59697398	0.60784957	0.45257984	0.51683407	0.59526737	0.59409021	0.5323032	0.60561663	0.69335861	0.60595394	0.63120948	0.65349557	0.77437454	0.66270218	0.62520115	0.64805241	0.55916936	0.33301344	0.23894658	-0.14245285	-0.53934937	-1.2215365	-1.5762387	-1.9139877	-2.505102	-2.711715	-2.7018332	-3.0874106	-3.3139245	-2.968759	-2.3318318	-2.1760662	-1.9884305	-1.1122546	-1.0801963	-0.80201131	-0.54463624	-0.16699434	-0.24992175	-0.51978145	-0.48669065	-0.067786482	-0.21571328	-0.52534057	-0.17246454	0.38138978	0.041667231	-0.21466384	0.045059732	0.90334774	0.29409212	-0.90891493	-0.74506743	-0.5454353	-0.91469469	-0.54785183	-0.32032697	-0.44291839	-0.62746016	-0.69563886	-0.47668965	-0.40974043	-0.62937875	-0.72508274	-0.57801907	-0.47964936	-0.53546768	-0.65217702	-0.52450133	-0.51304402	-0.58520823	-0.62228274	-0.56985557	-0.50937307	-0.52123565	-0.48286033	-0.48059501	-0.44777041	-0.45322434	-0.46451241	-0.4294778	-0.4167319	-0.40415339	-0.40561528	-0.45613722	-0.43873963	-0.30619118	-0.3866154	-0.42749088	-0.42714277	-0.38968188	-0.34263246	-0.36935088	-0.35947454	-0.26736053	-0.37511041	-0.38011692	-0.3453957	-0.3103257	-0.35285981	-0.35795002	-0.30009386	-0.33563279	-0.27305232	-0.27186884	-0.31032331	-0.23603919	-0.19156209	-0.23578698	-0.2350147	-0.14806035	-0.086535115	-0.11875734	-0.17222079	-0.14708151	-0.039322647	-0.071608102	-0.11904446	-0.10646276	-0.019249109	-0.15203954	-0.11026248	0.052483061	0.15787611	0.067173733	-0.022358875	-0.13319609	-0.024362568	0.09166521	0.10469496	0.064271189	-0.16314382	-0.39774463	-0.60725345	-0.65205482	-0.57845373	-1.1861835	-1.5399829	-1.6069809	-1.5841827	-2.4491768	-2.9967101	-3.027784	-2.8318526	-2.8450915	-3.1888708	-3.1811424	-2.930117	-2.505333	-2.5191191	-2.4602545	-1.9615443	-1.7284044	-1.2491387	-1.2508871	-1.3113595	-1.3366057	-1.3782508	-1.2872782	-1.1380404	-0.82840856	-0.63255183	-0.25946001	0.24481936	0.35231914	0.051836445	0.1712251	0.26149295	0.26918381	0.27034212	0.31191533	0.46901193	0.48603735	0.46498414	0.52434455	0.52411346	0.492111	0.5561742	0.49506136	0.63590549	0.54093639	0.53463903	0.64365074	0.76834861	0.76991151	0.66371974	0.55226593	0.76432848	0.62524352	0.66015025	0.68926239	0.7683116	0.76191519	0.83357082	0.70290221	0.70850004	0.58926876	0.39543596	0.72937994	0.71309165	0.6870207	0.98878724	0.83187915	0.81229889	0.78111684	0.80090271	0.8258616	0.79172652	0.75551102	0.66196961	0.80036	0.72036438	0.78730823	0.76920532	0.94278501	0.92465578	0.70294112	0.70909669	0.72330956	0.87272052	0.95612497	1.0110117	0.95030597	0.84713361	0.84939706	0.71660621	0.76714098	0.79674728	0.79891317	0.87778696	0.87202696	0.72945673	0.74658587	0.877809	0.88089481	0.80795026	0.81553059	0.88341449	0.89082121	0.8894989	0.88250146	0.88181761	0.88658981	0.82146087	0.8940122	0.80728333	0.81355401	0.90245084	0.89314317	0.89464462	0.89468131	0.88302067	0.86895086	0.87927254	0.88438559	0.74209177	0.7819101	0.88821132	0.89462035	0.8924686	0.90035111	0.899439	1.0308753	0.92670605	0.89126322	0.87547384	0.88506758	0.88535284	0.88424719	0.99233629	0.88410531	0.8867923	0.87966841	0.89879625	0.89275294	1.0070264	0.8554496	0.85470703	0.85869774	0.8728066	0.73374134	0.74113247	0.73472885	0.86840378	0.99426663	0.85784517
30	0.6210544	0.52344598	0.64292094	0.71072208	0.99780213	0.84566848	0.82272251	0.84174354	0.79287692	0.84161839	0.80269166	0.65765501	0.59707514	0.56765812	0.54880318	0.54145249	0.54157917	0.49226164	0.54947789	0.5531299	0.56418862	0.60832595	0.60158196	0.5768746	0.57212706	0.58442483	0.59540219	0.58466051	0.58687495	0.60882642	0.6277175	0.66240235	0.59917108	0.54729178	0.44686645	0.42625408	0.52717545	0.24973516	-0.10090912	-0.52945407	-0.88066857	-0.89406975	-1.0663963	-1.2323819	-1.4194824	-1.6547144	-1.8793649	-2.0935872	-2.1614815	-2.4185993	-2.705554	-2.8714701	-2.7869422	-2.7192772	-2.3225001	-2.1089018	-1.874362	-1.6089828	-1.2279611	-1.0202684	-1.1254385	-0.97459511	-0.78968767	-0.73110234	-0.75237464	0.26078216	0.38262676	-0.66035924	-0.63514321	0.22637175	-0.57211655	-1.0469149	-0.15606447	0.73468213	-0.044877224	-1.5460815	-1.2680011	-0.4672978	-0.23424499	-0.70190932	-1.0177276	-0.71348362	-0.39039329	-0.43480596	-0.47073986	-0.61875624	-0.62418473	-0.43706596	-0.48340001	-0.62542779	-0.50061363	-0.41236084	-0.37584432	-0.41838845	-0.36115558	-0.36104285	-0.42841041	-0.47823864	-0.43853966	-0.3412158	-0.45048171	-0.46178184	-0.46270553	-0.36390827	-0.45999093	-0.50270682	-0.33422329	-0.4428428	-0.31522106	-0.32479187	-0.43408335	-0.47378093	-0.27541035	-0.39686921	-0.32286342	-0.30790599	-0.38167884	-0.36310048	-0.28043007	-0.26792511	-0.2349536	-0.25016327	-0.3374053	-0.06669741	0.027075154	0.1242963	0.076395796	0.44143562	0.31044077	0.29252522	-0.42480929	-0.13013648	-0.063079349	0.014619587	-0.42092944	-0.64741609	-0.74713187	-0.87372909	-1.0601031	-1.3719	-1.7963835	-2.1479258	-2.2127468	-2.4513349	-2.8296943	-2.6591968	-2.5464183	-2.7645872	-2.8064487	-2.9831493	-2.4535334	-2.5810429	-2.5981852	-2.4705164	-1.8635416	-1.619487	-1.4540518	-1.6031473	-1.6080036	-1.1636225	-0.96516126	-0.9306615	-0.99966062	-0.81134163	-0.50270231	-0.2738092	-0.18134513	0.02644087	0.16832362	0.36713552	0.6164447	0.53033728	0.41424344	0.40930935	0.33323651	0.4734657	0.48759904	0.56122065	0.71088831	0.67754858	0.5809492	0.6061569	0.61640064	0.62316887	0.74309921	0.76150012	0.79051683	0.68899053	0.6483009	0.74785608	0.61212433	0.59595787	0.61497423	0.67429653	0.67167255	0.65983116	0.8513331	0.69524104	0.68824548	0.66141871	0.68864581	0.83401633	0.76805048	0.86287332	0.8374085	0.73312036	0.61472065	0.73680225	0.79137084	0.73975189	0.73913429	0.83225303	0.84390846	0.87106859	0.86456711	0.76055432	0.7335947	0.71693801	0.76723562	0.62647084	0.7286464	0.58138634	0.66713705	0.75203002	0.73484812	0.75095608	0.79070965	0.7750602	0.72963062	0.8692928	0.86087609	0.8691323	0.77161014	0.88827799	0.76986306	0.77826067	0.64342478	0.74336237	0.74801881	0.88464651	0.71674576	0.74573709	0.69661522	0.63726184	0.76532404	0.76063323	0.77770077	0.7691481	0.77200326	0.76981602	0.77615523	0.77292391	0.89268477	0.88911192	0.77223811	0.77088663	0.87898461	0.79157947	0.6899958	0.7804184	0.78778577	0.79109218	0.78220916	0.78382695	0.78361669	0.77171232	0.68264274	0.63299323	0.7730104	0.77322283	0.7709053	0.7765702	0.92520295	0.84416867	0.78785329	0.78689767	0.83884533	0.83705669	0.83019974	0.76342448	0.81958004	0.77262157	0.77097094	0.7274681	0.87695072	0.77370052	0.76718473	0.76909071	0.7927094	0.75810593	0.74422656	0.74314107	0.7467426	0.76012953	0.76490243	0.76544548	0.76050231	0.62568966	0.74831429	0.74611594
30	0.81295168	0.69504108	0.70269835	0.62984291	0.48900609	0.47893094	0.47148118	0.48612888	0.4574059	0.62427346	0.59508538	0.43145774	0.41124965	0.51248697	0.57870162	0.59646819	0.50797639	0.43462065	0.44675835	0.53646353	0.55167897	0.57693332	0.56754195	0.5096331	0.54592003	0.64145714	0.65294964	0.58587561	0.53135954	0.61188862	0.63178394	0.61749772	0.57480471	0.5427954	0.59006646	0.62921954	0.6170301	0.55592345	0.59692066	0.59372152	0.55484675	0.49013153	0.44687431	0.36797349	0.15676666	-0.37608175	-0.75306826	-1.1640732	-1.893733	-2.3958228	-2.6322473	-2.9893376	-3.1838782	-3.4527495	-2.8362172	-2.8745542	-2.7253487	-2.2933322	-1.8634617	-1.895548	-1.4078165	-0.89229537	-0.66456791	-0.84194749	-0.50144585	-0.30324636	-0.36216619	-0.63715409	-0.19594088	-0.79434012	-0.55802648	-1.2556371	-0.82217471	-0.78585948	-0.90145064	-0.9256759	-0.95458547	-0.87646188	-1.2028628	-1.0318305	-0.92846156	-0.97528128	-0.89438006	-0.95187727	-0.99762256	-0.91831291	-0.92651691	-0.97967688	-0.86542253	-0.84435557	-0.79044237	-0.85016435	-0.88070264	-0.82389234	-0.77371302	-0.87803404	-0.85706519	-0.73142061	-0.74735837	-0.77933882	-0.77712687	-0.75820974	-0.75026161	-0.81580479	-0.81449894	-0.78213771	-0.72844793	-0.8540055	-0.84751137	-0.75969498	-0.76336816	-0.84273819	-0.76172528	-0.78926789	-0.79924415	-0.70220317	-0.73743928	-0.65898051	-0.52941039	-0.37062438	-0.54990376	-0.72719825	-0.7233515	-0.43918226	-0.39476322	-0.34802674	-0.54656233	-0.23833303	-0.37171974	-0.57050242	-0.73072989	-1.0252987	-1.8833203	-1.8515642	-1.6849509	-2.724656	-2.5735758	-2.6547926	-2.9159325	-2.2796097	-2.0114572	-2.4261963	-1.8438555	-1.3817898	-1.3419143	-1.3498707	-2.7107134	-1.6800767	-1.760542	-1.3134231	-0.93715364	-0.19876662	-0.39776098	0.073610077	0.63642786	0.53546883	0.37970348	0.45598525	0.49234485	0.68196938	0.90828243	0.82392042	0.58276609	0.56900707	0.43277221	0.44141497	0.38192065	0.38951384	0.29760763	0.24316852	0.38102812	0.4451101	0.55136386	0.51103033	0.38575742	0.48812928	0.5400875	0.37943915	0.36820785	0.38315731	0.47419863	0.53096662	0.56004779	0.51451119	0.55238989	0.46025016	0.4736594	0.45268649	0.42406384	0.61172805	0.57834424	0.6535314	0.76206204	0.8463812	0.84176987	0.71047003	0.63298084	0.65087109	0.74596002	0.54364538	0.53673891	0.6241472	0.71722323	0.74997297	0.8961118	0.64528452	0.6228155	0.6821999	0.69688897	0.8040734	0.77824689	0.70656166	0.94258905	0.8088632	0.79983832	0.69401796	0.66923407	0.7370454	0.62790566	0.64174467	0.66509548	0.63827605	0.72805088	0.60682092	0.60801151	0.59614228	0.70418188	0.50318733	0.46844318	0.67918763	0.85080887	0.88880991	1.2324351	0.52307228	0.83559763	0.71029161	0.82910146	0.67405761	0.53036583	0.67461269	0.64454455	0.69612271	0.64707512	0.96087559	0.83084559	0.68908053	0.70431652	0.70404193	0.83783826	0.83554838	0.84218507	0.83880211	0.84644915	0.71455971	0.69795795	0.83666923	0.84178804	0.85833314	0.84977676	0.84664831	0.85436141	0.85782299	0.8485231	0.74676495	0.70911716	0.69637005	0.68283427	0.78489382	0.98755078	0.9874924	1.1246097	1.1330176	1.0613599	0.91612696	0.8544321	0.71110038	0.70635048	0.84891729	0.84412976	0.8288569	0.69567361	0.83848559	0.8367575	0.93097196	0.93980101	0.94564289	0.69044905	0.65442525	0.68836211	0.71156783	0.66758069	0.69088759	0.81139216	0.80614576	0.68785019	0.68826048	0.82579759	0.96261495	0.6709636	0.66906384
30	-0.56768407	-0.38196854	-0.47850461	-0.80775959	-0.85969607	-0.81863629	-0.74579426	-0.7757812	-0.68875311	-0.59135258	-0.63397864	-0.5474567	-0.31898974	-0.3040621	-0.15135783	-0.094099285	0.13770094	0.28377215	0.30560378	0.40120897	0.55297177	0.60363471	0.6318748	0.65258069	0.66609714	0.72841073	0.79176717	0.80513697	0.79271314	0.7859782	0.80761967	0.86599453	1.0284032	1.3162738	2.2944653	2.7613316	3.458857	3.7095901	2.5689843	2.3226094	2.0627141	1.8825491	1.4815504	0.55614042	-0.51435976	-0.91961011	-1.5324914	-1.7265674	-1.5309741	-1.4507525	-1.6008174	-1.7861847	-1.7684825	-1.4107851	-1.1022404	-1.0882147	-0.69019271	0.084786987	0.14814516	0.4549557	0.46879066	0.85036691	1.0502312	1.2867568	1.2842159	0.88983869	1.1640592	0.9012955	0.90061774	-0.26212408	1.8039097	1.670958	0.5252674	0.71594303	0.22545108	0.16337683	0.72230177	0.81513155	1.0142148	0.46545371	0.68127952	0.72954671	0.64527154	0.64604979	0.64120292	0.63144767	0.70689271	0.82716957	0.94927646	0.66491342	0.89551284	1.1116942	1.1785554	1.03873	0.98198763	0.90645882	1.0679671	0.98032819	0.93302091	0.91709333	1.0109799	0.96868265	0.88792858	1.0492735	1.0465167	0.94965408	0.91415629	1.0107831	1.1003695	0.95286144	1.0665356	1.2665345	1.6650284	1.9055	1.8882405	1.3340192	0.64430038	1.1000062	0.79069149	0.36342155	0.49638368	0.41138976	0.019815909	-0.29179674	-0.48145765	-0.41790384	-0.36679716	-0.83056184	-1.1001976	-1.0544257	-0.68426822	-0.61742595	-0.76215187	-0.90528503	-0.90751227	-0.85286781	-0.75719645	-0.76800809	-0.69400547	-0.58537561	-0.49299651	-0.43553138	-0.45083218	-0.20555142	0.08196558	0.27383854	0.51059946	0.81541655	1.6610919	2.1547486	2.0768418	1.6993916	1.1923611	0.97912836	1.5905478	1.4889262	1.6097517	1.8036148	1.6796377	1.4896912	2.5823188	3.4478383	1.2840744	1.1474104	0.27652238	-0.099320347	0.064195238	0.37200232	0.27818554	0.18972772	0.20984448	0.25543716	0.17006117	0.12327885	0.13788794	0.1389604	0.18118157	0.12977998	0.13227377	0.16041437	0.078458332	0.10502677	0.053340528	-0.010645819	0.0030553146	-0.071021908	-0.13699934	-0.1395742	-0.14947875	-0.2660678	-0.1041733	-0.17234482	-0.26485011	-0.31919181	-0.28442126	-0.27834242	-0.27921722	-0.32539817	-0.49290378	-0.39930069	-0.38828045	-0.50852634	-0.34130449	-0.40064554	-0.50224352	-0.36387985	-0.51670182	-0.54045724	-0.59315359	-0.63337276	-0.61670206	-0.52515109	-0.64599835	-0.68651174	-0.73993839	-0.79211055	-0.74699117	-0.61901646	-0.6732532	-0.72652705	-0.65166258	-0.66993958	-0.61246484	-0.6295467	-0.70586454	-0.64013976	-0.58659247	-0.56471536	-0.66294332	-0.70737431	-0.69524133	-0.68389149	-0.72692409	-0.79488657	-0.79817894	-0.82182311	-0.74268306	-0.85125071	-0.8861977	-0.93384353	-0.77365273	-0.83277437	-0.87187879	-0.79667772	-0.88850877	-0.89822323	-0.94731851	-0.92534119	-0.92703083	-0.94519919	-0.95536861	-0.95603433	-0.80873305	-0.94499058	-0.95552997	-0.84087826	-0.81802364	-0.93663154	-0.95039562	-0.79186466	-0.85462809	-0.84474326	-0.92310859	-0.91601094	-0.91844323	-0.97801545	-0.98006746	-1.0337304	-0.83225611	-0.97212611	-0.95992249	-0.89562436	-0.83857989	-0.91193756	-0.98516464	-0.98713068	-0.98866882	-1.0006587	-1.0117856	-1.0026828	-1.0065285	-0.91494142	-1.020086	-0.82349233	-0.82599918	-1.0132118	-1.1141017	-1.0019981	-1.0003619	-1.0487294	-1.1237643	-1.0149002	-1.0190904	-0.87236357	-0.86731554	-1.017207	-1.0216695	-0.73846342	-1.0212874	-0.8710484
30	0.58499961	0.50253969	0.45818275	0.80967204	0.65300794	0.65273653	0.49909657	0.49686568	0.62792306	0.62679503	0.49551109	0.32439089	0.43799138	0.42778312	0.52265604	0.55757188	0.57867853	0.60165686	0.61564886	0.54814653	0.65336548	0.68632342	0.71225354	0.71623451	0.65939148	0.66269765	0.65214131	0.67290242	0.67945436	0.67559186	0.37179673	-0.078278578	-0.83431321	-1.3245497	-2.3660509	-2.5664446	-2.8859335	-3.4803046	-3.5803954	-3.6217958	-3.3736465	-3.1476668	-2.6452769	-2.783099	-2.5578161	-1.5811029	-1.2230037	-1.3690986	-0.88548222	-0.7479519	-0.39101729	0.33353521	0.30782993	-0.98082037	0.17814703	-0.52530217	-0.58524109	-0.23600141	-0.91695207	-1.2352813	-0.59916185	-0.27454924	-0.57624517	-0.22972194	-0.31320154	-0.52339111	-0.4964014	-0.68737759	-0.80721763	-0.96082958	-0.59895271	-0.70552071	-0.94156576	-0.90057672	-0.74501598	-0.91035006	-1.0213399	-0.73991487	-0.84585865	-0.91676765	-0.81090249	-0.82097352	-0.80418206	-0.82395683	-0.7822104	-0.74574279	-0.82235118	-0.80273077	-0.81530804	-0.64069627	-0.6906814	-0.72959934	-0.71091319	-0.59272048	-0.60408883	-0.7759511	-0.78359206	-0.50119134	-0.64856087	-1.0959932	-0.95403005	-0.84693899	-0.59762263	-0.67015181	-0.75977858	-0.62419365	-0.69083982	-0.49651576	0.057892748	-0.037510829	-0.1224921	0.0080182842	-0.32625733	-1.0668317	-0.77000593	-0.7513874	-1.3700571	-2.4346863	-2.4727445	-3.1020079	-3.3172616	-3.69959	-3.6863609	-2.934552	-2.2876043	-1.6681491	-1.1019155	-0.45699261	0.20454875	-0.80455943	-1.6059087	-1.3364604	-0.29536809	0.46492898	0.5815247	0.41786799	0.42116048	0.28846383	0.36946895	0.40763535	0.42977237	0.46620784	0.48740351	0.47899236	0.49770389	0.38588309	0.24923512	0.22363929	0.24937006	0.3100113	0.32572966	0.39006735	0.30454235	0.32866015	0.38965996	0.44916322	0.49141317	0.63606368	0.70454412	0.58840456	0.46203936	0.31832726	0.46573562	0.44110785	0.41481472	0.38358959	0.30576752	0.29433857	0.33791232	0.32886454	0.43902179	0.36331839	0.36991896	0.4697591	0.45936735	0.44615547	0.54268559	0.53804516	0.52231706	0.50405752	0.45889438	0.57991851	0.59088372	0.68854919	0.73023289	0.63120184	0.64665964	0.62248265	0.57514087	0.59152461	0.5493798	0.52128863	0.52560387	0.67278517	0.70043308	0.68818141	0.70479726	0.81393937	0.56358618	0.47693648	0.59296703	0.68425894	0.66560447	0.57875839	0.5955392	0.56247508	0.62045647	0.52712495	0.73415534	0.80851021	0.66229811	0.68743534	0.76963261	0.73480014	0.57166811	0.49493933	0.56830658	0.55818998	0.53406529	0.54217865	0.56600119	0.68708725	0.65878602	0.65511104	0.83533743	0.67904377	0.6959511	0.54549172	0.57818072	0.58328305	0.57755585	0.57752858	0.73602442	0.61561061	0.73541104	0.61451575	0.59329198	0.71531948	0.55585717	0.55197208	0.52316361	0.54701146	0.50921536	0.57659487	0.577641	0.57116463	0.58249919	0.73519177	0.7381208	0.73369992	0.73948526	0.73549017	0.61519254	0.58279225	0.57365588	0.5696795	0.78432102	0.7560745	0.74796055	0.58094393	0.64221309	0.65036566	0.80898328	0.74797405	0.58473735	0.5693706	0.64633333	0.63837679	0.57072044	0.73440844	0.65300019	0.57413413	0.57927185	0.57827847	0.67847577	0.81896684	0.74237595	0.91467495	0.73520316	0.72028995	0.56530347	0.56551701	0.61045122	0.72094459	0.68350211	0.60611239	0.76345823	0.72655448	0.7219968	0.71286672	0.69889582	0.69677246	0.67909141	0.55047271	0.7048294	0.55635768	0.55049352	0.70173689	0.54270919	0.70000505
30	0.74740062	0.61932202	0.7720002	0.86761164	0.88216848	0.70729555	0.83415937	0.87111185	0.81793701	0.85220741	0.80852016	0.74221211	0.71159226	0.67046679	0.61316821	0.62532993	0.6154796	0.61673912	0.61125977	0.52843839	0.61824969	0.63834892	0.65365448	0.60230176	0.54450438	0.60746507	0.64039741	0.64838507	0.65022959	0.65313878	0.61214764	0.58612386	0.55309795	0.46374293	0.23342976	0.04207837	-0.26247165	-0.39446196	-0.50698517	-0.85619818	-1.8247546	-2.2010149	-2.239741	-2.5670795	-3.0021541	-2.9843734	-2.4842326	-2.2995683	-2.5711432	-2.4053875	-1.9976237	-1.7289094	-1.8318061	-1.6272881	-1.3656781	-1.3523852	-1.1371903	-1.311679	-1.2717016	-0.85058508	-0.61412546	-0.69545738	-0.44725647	0.050656612	-0.16841118	-0.0077726408	-0.10017164	-0.13992178	0.53182665	0.31292415	-0.96475532	-0.50962145	0.68799882	2.4903463	-2.5552994	-0.26948389	-0.65289699	-0.4715222	-0.87223795	-0.92112443	-0.61146239	-0.67920658	-0.72875773	-0.66504693	-0.58968964	-0.57084556	-0.72156101	-0.62401419	-0.54607019	-0.54808438	-0.54960306	-0.55512647	-0.51414419	-0.45093233	-0.41974012	-0.43917802	-0.46384595	-0.46694387	-0.4428932	-0.54553418	-0.47734521	-0.45882405	-0.4771801	-0.44485429	-0.42162853	-0.39264393	-0.36001277	-0.40693882	-0.35338152	-0.38023335	-0.38451377	-0.41624807	-0.35534166	-0.40347981	-0.40971221	-0.4122834	-0.45401094	-0.40802813	-0.38637275	-0.59164991	-0.42915773	-0.54222266	-0.43415893	-0.049396025	-0.24045862	-0.092586557	0.058056015	0.2721409	0.19416581	0.1372385	0.094424593	-0.097784081	-0.33403062	-0.44104887	-0.75347897	-0.95030432	-0.82195055	-1.0885229	-1.5169009	-1.7660047	-2.0710136	-2.1593956	-2.3670974	-2.5012309	-2.3072025	-2.0000016	-2.8224194	-3.120649	-2.3524465	-2.0851317	-2.5921078	-3.2838675	-2.4307996	-1.616222	-1.3669787	-1.2293521	-1.2578612	-0.69636181	-0.42896007	-0.66445842	-0.67657822	-0.96491967	-0.73638405	-0.33852671	-0.086876553	0.13904874	0.0028943564	0.10301888	0.50779059	0.49177867	0.30698711	0.3296526	0.4669816	0.41119709	0.37359802	0.52241155	0.54099495	0.53751859	0.58323339	0.53436596	0.59375578	0.67319129	0.59639116	0.51495723	0.61234118	0.6130309	0.53739512	0.6164256	0.48374233	0.53169128	0.49590424	0.47514688	0.49081205	0.55155007	0.61584836	0.64818862	0.6653649	0.68792893	0.68007785	0.56935771	0.60189883	0.92322328	0.88826117	0.92151857	0.75278431	0.6767245	0.66733914	0.76643379	0.76229397	0.73788321	0.73719008	0.76803312	0.80236248	0.74301782	0.73334326	0.76122966	0.7480109	0.5917171	0.56099412	0.69898534	0.71665217	0.56686214	0.65638798	0.65457491	0.73237973	0.71627519	0.69373719	0.67341811	0.73248669	0.74005646	0.73166689	0.73855041	0.76859319	0.78841181	0.77167681	0.65689284	0.764713	0.62183441	0.74257117	0.74694801	0.71206356	0.74460036	0.68947116	0.77112283	0.72908257	0.61461222	0.78047303	0.77087441	0.67135095	0.72334945	1.0369181	0.77511198	0.78330951	0.68873017	0.62412871	0.77282555	0.77831285	0.796049	0.78687667	0.78352301	0.79179136	0.79550213	0.86435101	0.78734839	0.78711242	0.85917637	0.75864596	0.83912737	0.86705044	0.86923805	0.77284651	0.77920419	0.78575849	0.78373243	0.79186713	0.84383939	0.78553712	0.78595533	0.78082315	0.76445082	0.89293939	0.77477267	0.77292017	0.80285261	0.65180688	0.77598356	0.76867093	0.77081	0.76593811	0.75848184	0.59156465	0.74168686	0.76228785	0.76075292	0.91462595	0.77692635	0.91411973	0.91669699	0.90781026	0.90488972
30	0.7970039	0.56011966	0.65601461	0.71033813	0.72257364	0.87227181	0.70229116	0.7192437	0.68600111	0.70911544	0.6821988	0.53534415	0.6325821	0.61401432	0.58031592	0.61537046	0.63656096	0.65963056	0.67367815	0.63240175	0.63215918	0.69543886	0.77066658	0.74644634	0.71759454	0.72091384	0.71031557	0.73115915	0.70806797	0.79764697	0.82081626	0.86431018	0.8218728	0.76323114	0.758047	0.71583677	0.65255072	0.5737207	0.35312551	-0.47000662	-0.89425992	-1.2401199	-2.5667691	-2.844335	-2.9058088	-3.5884569	-3.9440789	-3.4091475	-3.4643796	-3.4450469	-2.5410704	-1.8937586	-2.1700199	-1.2112969	-0.73558455	-0.75905303	-0.52540305	-0.3745058	-0.31192101	-0.87705021	-1.2212076	-0.26753018	-0.21528594	-0.56326399	-0.88592019	-0.74508859	-0.79589976	-1.1548698	-0.40573371	-0.73104459	-0.66189198	-0.47521093	-0.55796731	-0.78210816	-0.88718431	-0.59579662	-0.63345179	-0.64355705	-0.7936351	-0.78998541	-0.73228811	-0.76865112	-0.75179295	-0.78054913	-0.72973402	-0.71246999	-0.77003426	-0.7503359	-0.76296313	-0.65476019	-0.57178914	-0.56913995	-0.6550564	-0.51644546	-0.36869182	-0.49088469	-0.63233481	-0.37165179	-0.42307337	-0.77372171	-0.72880964	-0.57414277	-0.49320034	-0.82135552	-0.50054397	-0.55816419	-0.98110317	-0.64285742	-0.19105524	-0.74053438	-0.97803813	-0.82998678	-0.83509962	-1.3684695	-1.8746832	-2.4696967	-3.2707089	-3.1077385	-3.2824473	-3.7915116	-3.3236235	-2.1226126	-2.0496537	-2.5605673	-1.723304	-1.1970518	-1.2277906	-1.642278	-1.4402684	-1.0610839	-0.50497121	-0.47448733	0.3432309	-0.064403324	-0.1373528	-0.066396615	0.040205645	0.095875468	0.29535382	0.640543	0.6835565	0.6822854	0.60586996	0.58265973	0.5933412	0.55970741	0.49075365	0.40471532	0.36767595	0.33375974	0.31217228	0.41482228	0.32530353	0.3855494	0.35461517	0.27579351	0.2843874	0.26525704	0.36192203	0.39354559	0.35424727	0.35245424	0.44421619	0.51973504	0.49179216	0.51757736	0.38565201	0.27456277	0.1774205	0.27458097	0.24321623	0.40710059	0.52127246	0.61500579	0.51677582	0.50351146	0.50614535	0.41389978	0.39704615	0.38196063	0.51630097	0.54754254	0.64881463	0.65267364	0.69172574	0.58594367	0.48285455	0.57349332	0.54146451	0.61398317	0.49492869	0.46375543	0.55862288	0.75777135	0.75879917	0.50261748	0.39771593	0.43870921	0.62140865	0.61709543	0.65090622	0.6566787	0.51077025	0.50286082	0.51193588	0.2124859	0.46252054	0.66397819	0.87094387	0.94449165	1.0864689	0.90083232	0.68111033	0.49384476	0.62952269	0.48604845	0.32113486	0.31771937	0.30021175	0.30048632	0.46868573	0.50005228	0.57948229	0.42931915	0.48019786	0.48088064	0.50474414	0.60324231	0.75153681	0.64118377	0.63543381	0.47936122	0.4839669	0.51321504	0.50944389	0.49674757	0.32210486	0.45589749	0.61364895	0.60974842	0.58082551	0.43590561	0.4053983	0.47496853	0.46907698	0.46229267	0.47046516	0.48482791	0.63603377	0.63072412	0.66324887	0.63156255	0.50388668	0.60314397	0.63151836	0.62752618	0.63392275	0.52864918	0.52485465	0.52218907	0.645126	0.65076683	0.64137771	0.47243661	0.57336254	0.79059198	0.61287131	0.52833282	0.45652155	0.45804621	0.54331413	0.6319985	0.55706982	0.55914152	0.54392643	0.73821129	0.80090866	0.63474544	0.4538382	0.44156939	0.62313276	0.62334716	0.61941854	0.61419025	0.61977595	0.6641038	0.61755791	0.6204835	0.61624099	0.60653079	0.59386395	0.59133438	0.59438107	0.60824309	0.77903762	0.93940509	0.76306919	0.59463905	0.5905968	0.59440485
30	0.3006024	-0.1423785	0.16097257	-0.012469845	0.16081133	0.15966532	0.16751266	0.17525899	0.1658461	0.17523818	0.027990004	0.16423443	0.17272741	0.15613519	0.15014148	0.20612015	0.17464237	0.22601634	0.26614616	0.30447542	0.34349921	0.39127593	0.45186497	0.48987971	0.42122795	0.44000656	0.46177375	0.52587695	0.53405873	0.55911426	0.58251873	0.58984007	0.58689666	0.53510755	0.53313463	0.54432078	0.55176439	0.50098148	0.49393643	0.40143918	0.31098386	0.18127249	-0.020696494	-0.27144849	-0.49770669	-0.77527719	-1.1481964	-1.4864253	-1.7951657	-2.30077	-2.7952839	-3.183769	-3.7505257	-4.3611948	-3.2172629	-2.8741885	-3.0275775	-2.782507	-2.0753996	-1.5035792	-1.6150353	-0.92788707	-1.221641	-0.3691752	-0.16692497	-1.5618428	0.6543857	-0.074902404	-0.43628621	-0.36978017	-0.72713322	-1.2207894	-1.5614489	-0.69249109	-0.20936894	-0.53978329	-0.44965966	-0.38186936	-0.59461274	-0.82312389	-0.68816972	-0.7603219	-0.7811382	-0.76080738	-0.7150999	-0.63739998	-0.66918514	-0.60274236	-0.5590432	-0.51460372	-0.55271722	-0.61288868	-0.66856522	-0.6076905	-0.56784289	-0.75709819	-0.55972672	-0.56525339	-0.51245829	-0.5265195	-0.46247818	-0.47680783	-0.49094492	-0.48556002	-0.45706208	-0.42538813	-0.37212211	-0.47870263	-0.22184626	-0.2890841	-1.1108402	-0.81184969	-0.63911973	-0.80236206	-0.59392018	-0.11732707	-0.30276769	-0.33799545	-0.061676792	-0.23116315	-0.71195927	-0.7753767	-0.60924898	-0.79717173	-1.3387166	-1.4144027	-2.0733511	-3.1051832	-3.2153327	-2.8757394	-3.6146754	-3.0123509	-1.8085455	-1.7783334	-1.6283134	-4.0103515	-2.3132614	-1.8868006	-0.84078304	-0.51012409	-0.37360624	0.048422983	0.26568507	0.32161758	0.55430832	0.60841667	0.54409543	0.42583166	0.29773389	0.38983247	0.67936431	0.85140864	0.7118272	0.61419447	0.53331487	0.46345747	0.54405925	0.64966246	0.55449959	0.62539855	0.53207132	0.52946158	0.63274717	0.62314215	0.53320948	0.48904747	0.33607416	0.29504896	0.48746661	0.15817302	0.46816958	0.45381994	0.56698465	0.59940152	0.64941402	0.63465371	0.67942855	0.64455881	0.51849288	0.48438594	0.56458912	0.65168113	0.73986852	0.70713657	0.69432223	0.54226144	0.55291444	0.5299065	0.49812312	0.58813884	0.51156958	0.5353145	0.60407479	0.59184508	0.64378481	0.70158626	0.71814028	0.73486851	0.70859031	0.61168411	0.60672617	0.69767839	0.67909333	0.62927986	0.64635055	0.70666909	0.69194996	0.75612098	0.74738912	0.74897564	0.74726591	0.74922099	0.78273438	0.6260803	0.71146036	0.60250978	0.72961484	0.71627684	0.68899659	0.55612678	0.57986068	0.55915308	0.53584957	0.53135088	0.59026739	0.72727366	0.70715921	0.69413132	0.59199489	0.59707823	0.72603873	0.73845215	0.74925125	0.76413226	0.61111333	0.61586347	0.5972666	0.54865519	0.69796462	0.56588377	0.56870838	0.56094161	0.64056031	0.62896622	0.59145717	0.46412773	0.54861984	0.58930038	0.59196769	0.58669874	0.5915572	0.58753074	0.75732359	0.59658926	0.58748688	0.5835253	0.58987285	0.60710148	0.76114296	0.66855257	0.76362317	0.76868942	0.75892555	0.68194741	0.59852712	0.74534152	0.7304681	0.66968978	0.74675707	0.65218251	0.68252438	0.58796335	0.59308196	0.6501771	0.76210626	0.76084746	0.81005356	0.75464841	0.63181381	0.61570902	0.7428739	0.5793783	0.57547979	0.57029156	0.7400734	0.57943675	0.57363342	0.57653659	0.73527582	0.72617972	0.55012102	0.39649907	0.55063418	0.75839118	0.73387571	0.7341556	0.72828011	0.7226057	0.71506205	0.71336591
30	0.5645813	0.55041738	0.7120428	0.81009917	0.70367251	0.80908905	0.6624255	0.67936744	0.75497331	0.66916311	0.74411804	0.6960444	0.63761611	0.59118838	0.53886736	0.52938175	0.50546277	0.55964683	0.48121848	0.47153565	0.47178173	0.48248416	0.44093653	0.46107641	0.42929793	0.46259988	0.46935662	0.50466797	0.45534277	0.43515242	0.39434533	0.30251271	0.18022505	0.01420315	-0.77512775	-1.0254131	-1.0554071	-2.0400426	-2.0895318	-2.14826	-2.3200336	-2.9063867	-2.9505357	-2.8144941	-2.8502344	-2.6796012	-2.6057876	-2.4504188	-2.1393729	-1.8944926	-1.5632786	-1.3157649	-1.0776992	-0.62698672	-0.59411852	-0.37836359	-0.25111465	-0.14957257	-0.30439346	-0.17313001	-0.081232047	-0.2791503	-0.38843181	0.47782991	-0.42807904	-0.58026893	-0.3381627	-0.19688826	-0.56106557	-0.81821771	-0.50819877	-0.20894037	-0.46476106	-0.60164686	-0.51852253	-0.47766903	-0.44052082	-0.45853928	-0.60468084	-0.63706372	-0.43712675	-0.47403354	-0.52355627	-0.53116608	-0.44356187	-0.42093473	-0.54974295	-0.5263882	-0.49459211	-0.31771541	-0.46332082	-0.54300403	-0.47143057	-0.29540242	-0.40548862	-0.50069888	-0.40556889	-0.34033291	-0.35282764	-0.32823987	-0.30424513	-0.31897902	-0.42728109	-0.36887207	-0.34832537	-0.3432361	-0.3572111	-0.34033581	-0.18983882	-0.236	-0.31790888	-0.40153582	-0.37182776	-0.35857894	-0.32870884	-0.31190593	-0.17921079	-0.14163298	-0.090615871	-0.22471092	-0.13663925	-0.15030599	-0.018452874	0.49161348	0.67379896	0.70178713	0.58991783	0.19577237	-0.02363997	0.06785846	-0.28584735	-1.2230246	-1.3146568	-0.78899758	-1.5194517	-3.0957854	-2.0649842	-1.8778533	-2.3346298	-2.5788991	-2.6919567	-2.6783788	-3.0632608	-3.0475997	-2.8827964	-2.4862547	-2.3969213	-2.2332671	-1.8913271	-1.7563587	-1.5407584	-1.3696587	-1.1945961	-1.2606453	-1.2192896	-1.0185302	-0.7342245	-0.51324658	-0.29965851	-0.23537504	-0.21748063	-0.22353299	-0.21523956	-0.20827991	-0.17511917	-0.047564821	-0.046258999	-0.01826423	0.03970038	0.10529461	0.023772474	0.58418595	0.44546095	0.37261336	0.4057686	0.33516293	0.28573008	0.34980892	0.34581498	0.32074091	0.3703623	0.32401532	0.33089762	0.46939825	0.47242095	0.44787259	0.55795924	0.63695459	0.54717234	0.60571575	0.49473483	0.484316	0.51121804	0.67214954	0.6649417	0.74149693	0.82419822	0.78804554	0.7767933	0.59376187	0.58639646	0.63336602	0.56887508	0.59599165	0.80896816	0.76708175	0.70209772	0.76596672	0.76997704	0.78097585	0.7358553	0.74339554	0.93509389	0.79258284	0.79041439	0.70182323	0.73699034	0.87590637	0.73266392	0.75664845	0.83383397	0.68921237	0.59297278	0.54182492	0.66874813	0.76169059	0.891582	0.81455707	0.82615675	0.73737663	0.66721072	0.79445879	0.6943103	0.76601754	0.83364014	0.84546392	0.70925634	0.68961083	0.74449734	0.82798231	0.66821047	0.70041941	0.69148869	0.84875301	0.88489849	0.836815	0.81355319	0.72173477	0.7247392	0.85245432	0.86039461	0.81554549	0.98717362	0.9847655	0.85631506	0.72735067	0.89688689	0.87683254	0.99008574	0.86579403	0.87456088	0.74647069	0.77026265	0.77063454	0.86877189	0.85864971	0.84482368	0.85536814	0.86000473	0.88475293	0.9780858	0.98760002	0.87076048	0.89029728	0.87646256	1.0001191	0.89070039	0.89187767	0.8695776	0.85313935	0.86299106	0.86330038	0.86327159	0.98206743	0.87607808	0.99016937	0.98212819	0.86955357	0.85422876	0.85834907	0.83353576	0.83347531	0.84419614	0.85184467	0.85619195	0.72997729	0.85251668	0.84795038	0.96388968	0.9604365
30	0.67149385	0.35501211	0.57025311	0.6275018	0.65199654	0.77681343	0.88502474	0.79578683	0.62176349	0.76127044	0.72384832	0.6851606	0.52617936	0.49789938	0.45639241	0.47270667	0.55849146	0.55957035	0.5803616	0.51048497	0.49456399	0.55149939	0.59119173	0.56511335	0.53590398	0.57045382	0.57983584	0.56820735	0.56942634	0.59074998	0.55563732	0.59634405	0.5546856	0.45676353	0.49889796	0.51731994	0.55186059	0.51330904	0.48414911	0.5164841	0.43448754	0.41803499	0.34203633	0.34680452	0.27545666	0.25381935	0.25068803	0.16019609	0.054386283	-0.067036222	-0.55671009	-0.86022064	-1.5067585	-1.6505863	-2.1226976	-2.4055024	-2.613286	-2.7542251	-3.1514837	-2.9779367	-2.9276039	-3.0887973	-2.5024754	-1.9958245	-2.1420423	-1.8818111	-1.6518132	-1.3522301	-1.4258929	-1.0402078	-0.86142853	-0.79224978	-0.56771807	-0.41889662	-0.47194097	-0.54439819	-0.60057567	-0.59338509	-0.42649069	-0.45673631	-0.92134011	-1.6419788	-1.0609925	-0.82172071	-0.89166326	-0.96412083	-1.0574442	-0.9206272	-0.76874341	-0.73399193	-0.82837534	-0.83284311	-0.83666653	-0.76346744	-0.68702152	-0.74190517	-0.79386406	-0.74663472	-0.79110879	-0.71969326	-0.68661826	-0.73540274	-0.72915387	-0.74909949	-0.78462202	-0.75105367	-0.70101911	-0.74251341	-0.69835137	-0.72556476	-0.69666356	-0.77923492	-0.6974822	-0.73343128	-0.74465477	-0.7315769	-0.92221939	-0.6153339	-0.72362403	-0.77427778	-0.62032632	-0.45185825	-0.79858149	-0.88453566	-0.87153365	-0.63951894	-0.63682383	-0.50688692	-0.26449314	-0.29080413	-0.2743843	-0.073774113	-0.33369597	-0.56604959	-0.13280351	-0.20353818	-0.94382833	-1.2546036	-1.0226376	-2.1666142	-2.7692406	-2.3236322	-2.800634	-3.6111016	-3.2204128	-2.6449394	-2.1505255	-1.8125502	-2.0400189	-2.0710291	-1.4246744	-0.86037679	-1.1050406	-1.2892701	-1.1496479	-0.47093072	-0.31152464	-0.084622529	0.15522053	0.21278625	0.36252977	0.43342801	0.59672037	0.57968865	0.43794302	0.26933047	0.20054742	0.28266967	0.4590456	0.46068086	0.62815024	0.61133794	0.6520053	0.57465227	0.49184892	0.37322385	0.31230026	0.3135954	0.37908535	0.35994445	0.43353908	0.50593554	0.39233241	0.39744919	0.48588225	0.54156429	0.62634999	0.60441238	0.48694048	0.57656141	0.45606425	0.43828367	0.54338662	0.51695459	0.60957726	0.68573956	0.70849889	0.82147992	0.61382575	0.62044668	0.81022549	0.82469032	1.3863009	0.58742428	0.87328449	0.6222965	0.80743486	0.77532189	0.77508002	0.8033192	0.87283941	0.90018618	0.93722709	0.99506335	0.90101785	0.81076851	0.69758244	0.68311098	0.61427158	0.63002174	0.65266508	0.85607236	0.88135488	0.81729145	0.84088301	0.70458065	0.62370201	0.65984184	0.77368789	0.78787517	0.65801648	0.66391284	0.72252849	0.86152121	0.82043127	0.82997842	0.68632348	0.66681224	0.66735699	0.62797293	0.95173525	0.69267251	0.64184723	0.69181409	0.81998225	0.80300892	0.8346491	0.83262988	0.83304649	0.82710163	0.83395779	0.69523116	0.70225309	0.83671847	0.69457187	0.81517282	0.83393187	0.84961335	0.84104171	0.70243597	0.70951857	0.84912501	0.93787414	0.8416475	0.74423863	0.6940664	0.77294199	0.82692273	0.83182046	0.83176686	0.82887261	0.8354851	0.84162425	0.76623513	0.84711369	0.84623999	0.84158711	0.84251063	0.83840848	0.82328399	0.74916225	0.69494051	0.78253841	0.68815413	0.69332536	0.69597775	0.78943355	0.69154612	0.6873729	0.68098593	0.82940333	0.6665995	0.67006182	0.70154985	0.68751973	0.68804179	0.81085264	0.81651164	0.80889935	0.80639764
30	0.55842203	0.60343641	0.70802008	0.76408182	0.77820668	0.65338809	0.60875044	0.62311785	0.73504032	0.67942629	0.59172201	0.56949287	0.50319564	0.42465054	0.43419738	0.53508448	0.55304358	0.57259526	0.5845007	0.59791258	0.6165928	0.64137124	0.60512297	0.58695651	0.62172017	0.65792055	0.67163237	0.64408614	0.66748299	0.68956523	0.68216126	0.66221983	0.71009681	0.67919471	0.69316801	0.66232507	0.66580687	0.64239971	0.63583298	0.67927562	0.59604604	0.57635181	0.49703214	0.50722343	0.46699671	0.40627425	0.36627487	0.35433264	0.32649438	0.32002987	0.25224804	0.20483248	0.20532119	0.17649929	0.15572486	0.11510501	0.067747609	0.019470292	-0.005448617	-0.2474591	-0.28584069	-0.65786169	-1.0544386	-1.4307441	-1.8297187	-2.1794939	-2.704475	-2.4895117	-2.6914034	-2.8154351	-2.6713336	-2.6312436	-2.4974574	-2.3128925	-2.0528696	-1.9660166	-1.6138136	-1.1732971	-1.1738595	-1.0696774	-0.95015365	-0.64158533	-0.55139533	-0.71389707	-0.5754718	-0.51675004	-0.71748778	-0.9059654	-1.1221093	-1.3344065	-0.35705424	0.19734183	-0.47696368	-0.34298749	0.13322912	-0.25581049	-0.49960891	-0.24254014	-0.33250218	-0.39079539	-0.36051883	-0.44606494	-0.37226731	-0.48045577	-0.39067983	-0.47067727	-0.53134362	-0.44420187	-0.31381229	-0.40102224	-0.34832572	-0.60595603	-0.32994894	-0.47582495	-0.51301741	-0.4179983	-0.36496802	-0.41393292	-0.4152671	-0.34754414	-0.31828423	-0.34321844	-0.25605286	-0.28888744	-0.27513206	-0.27145305	-0.27754735	-0.26651104	-0.22492086	-0.2416043	-0.17278233	-0.16631452	-0.2640369	-0.13310612	-0.25635381	-0.38446226	-0.23091293	0.066639086	-0.34373569	-0.24462052	-0.32773611	0.34160575	-0.20834236	-0.52396127	-0.43334294	-0.20177916	-0.10085767	-0.25874232	-0.13991862	0.21186047	0.13224426	0.21468411	0.27600789	-0.54260217	-0.61701764	-0.40071769	-0.92393597	-1.539672	-1.7313241	-2.615148	-4.818387	-4.3486549	-3.3197744	-4.0130657	-4.5418596	-2.9883073	-1.7744574	-1.1378045	-1.5995803	-1.2285748	-1.0216214	-1.4564898	-1.7618788	-2.0387602	-1.2660336	-0.21349793	-0.18528721	-0.16583268	0.53659659	1.1767748	0.93320605	0.63769507	0.48546908	0.5540816	0.59979616	0.75494974	0.79899775	0.59031539	0.56224045	0.60135299	0.75802777	0.69457571	0.80684481	0.86776255	0.83542707	0.67185394	0.66035479	0.55447311	0.31031386	0.25942482	0.46212405	0.41894812	0.41661057	0.43973168	0.47243659	0.53925649	0.63798688	0.61806492	0.56650407	0.43840131	0.4361151	0.58638092	0.59079953	0.68588347	0.67278838	0.5927684	0.67015466	0.64140458	0.62452063	0.64561785	0.66717107	0.77235359	0.50466897	0.61807806	0.67523363	0.76198611	0.85648608	0.76094891	0.72699583	0.75226455	0.55208832	0.49382706	0.5586965	0.56973403	0.60669	0.73779344	0.68894469	0.66930788	0.6665083	0.53031975	0.50580736	0.52609889	0.47887798	0.55127065	0.55216078	0.58158036	0.55629449	0.6862167	0.68870894	0.61110063	0.48132292	0.46759117	0.60972936	0.69383901	0.68621471	0.68348504	0.57692855	0.56552183	0.68478929	0.83857334	0.84540697	0.84038337	0.55712582	0.53577734	0.52750609	0.5451237	0.67088339	0.82534842	0.83060848	0.54728902	0.54697317	0.61005473	0.63870917	0.59976092	0.65763012	0.44531915	0.4337472	0.53109742	0.54589835	0.67353712	0.54329598	0.68168715	0.81014482	0.82147299	0.82673805	0.829651	0.67655906	0.67886745	0.67498943	0.52759279	0.51685754	0.51471371	0.65647447	0.66887742	0.82097909	0.9613629	0.78868858	0.81143074	0.79156928	0.93629807
30	-0.68262339	-0.51248032	-0.83767848	-0.90093861	-0.94643284	-1.0352405	-1.0900256	-0.99738907	-0.79309299	-0.83239544	-0.77250832	-0.69103947	-0.5729615	-0.47161407	-0.37533884	-0.25630606	-0.18253862	0.00051158487	0.10014664	0.18532943	0.19702139	0.27233499	0.38907988	0.35982336	0.42198934	0.44915269	0.42932006	0.39964071	0.5110922	0.5263231	0.54479903	0.49707101	0.55510791	0.54607156	0.59412893	0.57822187	0.55795092	0.60141176	0.59537145	0.55209287	0.53180375	0.55455162	0.54086774	0.53449902	0.52181978	0.46667247	0.47237736	0.41511887	0.43350611	0.39330469	0.33583372	0.33700575	0.35845493	0.33668486	0.31211344	0.25470039	0.19975894	0.35207677	0.64561525	0.85794472	0.3238755	-0.56781922	-0.79303461	-1.5054726	-1.9619805	-1.7877648	-2.236714	-0.80710698	-1.1240153	-2.4680881	-1.8063775	-1.9415807	-1.5026442	-1.4892436	-1.0718986	-0.86262394	-0.60047336	-0.15479303	-0.09086847	0.24620401	0.5115396	0.60187714	0.68135826	0.87033643	0.90982501	1.1237613	0.9219868	1.1807259	1.1208349	1.1618299	1.0939878	1.6621783	1.1149414	0.97744013	1.0867326	0.94970461	0.89406308	0.6670658	0.77944603	0.99417092	0.94024136	0.86377414	0.84324635	0.88293738	1.0442787	1.0788806	0.98771948	0.90296083	1.0156055	1.0452867	0.93914789	0.9171792	0.94261844	0.90262811	0.92851157	0.99656088	0.99427433	1.0222863	1.1368988	1.0697808	1.0548891	1.0878304	1.1371967	1.1793212	1.1635146	1.1588986	1.1177771	1.1702784	1.1919851	1.2108317	1.2422786	1.2562352	1.2241334	1.2628249	1.2774401	1.2500405	1.1847238	1.3258788	1.3294696	1.2387265	1.2578378	1.3407811	1.2107298	1.0998688	1.3197874	1.394453	1.2882719	1.2268892	1.3766167	1.6129854	1.7175972	1.7935465	2.3096622	2.7557894	2.5527207	2.2520856	1.8953275	1.7080995	1.7823927	1.6596018	0.8629444	0.069282827	-0.99998713	-1.9093616	-1.5033383	-1.3508222	-3.307951	-2.3800039	-2.4670394	-2.47489	-2.0903129	-2.1207743	-2.8284503	-3.0884869	-2.4677661	-2.2654186	-2.125352	-1.9914414	-1.5758241	-1.3464272	-1.1874272	-1.353101	-1.3201759	-0.33576476	-0.18237258	0.10373906	0.58667473	0.9736042	0.34520299	0.028967804	-0.08394292	-0.45596156	-0.46089292	-0.24282174	-0.15988334	0.077750759	0.11181108	-0.096002306	-0.12360264	-0.075594446	0.022326995	-0.13759615	-0.034339178	-0.029130509	-0.055369563	-0.11589334	-0.24807133	-0.14825157	-0.11125713	-0.17893876	-0.2181614	-0.35911869	-0.48467476	-0.53740339	-0.25347763	-0.23449956	-0.39768936	-0.36856561	-0.13999537	-0.17100904	-0.062348439	-0.06018713	-0.23497267	-0.45107537	-0.47849236	-0.32165105	-0.08194995	-0.14902296	-0.23366753	-0.36787284	-0.25511733	-0.28048309	-0.33117248	-0.20161584	-0.20381906	-0.44649015	-0.58154263	-0.3608794	-0.26610109	-0.44020209	-0.54445178	-0.54421474	-0.38281502	-0.40383878	-0.4040117	-0.39031621	-0.41373457	-0.52289042	-0.52376074	-0.53724348	-0.54384158	-0.65026144	-0.64552165	-0.41936989	-0.42779868	-0.55587759	-0.54956039	-0.42604906	-0.42241622	-0.53267399	-0.43578564	-0.52848319	-0.42825803	-0.54215952	-0.44282778	-0.56086289	-0.44699075	-0.44777033	-0.33246657	-0.43904764	-0.65852749	-0.56143336	-0.44646575	-0.56108591	-0.56403606	-0.44709812	-0.44893254	-0.46613533	-0.58462365	-0.69559566	-0.57369138	-0.46302104	-0.22784833	-0.35356524	-0.47080746	-0.58620126	-0.46447232	-0.46027416	-0.573352	-0.71574052	-0.58502947	-0.59126147	-0.47251816	-0.47377616	-0.58818076	-0.59014121	-0.35019324	-0.47748572	-0.3524853	-0.47334987
30	-0.15734926	-0.090557539	0.16484811	0.11854142	0.1030851	0.29013549	0.15640819	0.1400821	0.15666349	0.15167087	0.16662363	0.18746646	0.23383669	0.27072376	0.29574104	0.38443813	0.47965193	0.55433212	0.095566045	-0.054660127	-1.3642055	-2.2773476	-3.5574216	-3.9614013	-4.578575	-4.889344	-4.7443327	-4.413855	-3.7714793	-3.5405771	-3.1809582	-2.7104363	-1.8132161	-0.97762992	-0.94340539	-0.48005961	0.38773824	0.60842458	0.69467178	1.2016128	1.1244276	1.1660755	1.2350962	1.2180211	1.1250805	1.2163016	0.96568661	1.2027231	0.41020144	-0.054739476	1.2699028	1.7459986	1.0696756	0.64288876	0.73313019	0.9615406	0.9278503	0.79253865	0.66446055	0.46488099	0.57629999	0.55155436	0.62021522	0.511271	0.45501328	0.49043831	0.46130414	0.28448776	0.32897734	0.3109109	0.35517706	0.21043531	0.28709043	0.28765855	0.33333258	0.26727985	0.1661746	0.22857717	0.3129758	0.28189184	0.3309777	0.21151464	0.39253864	0.24024362	0.17355889	-0.077425925	-0.87045125	-0.044659915	0.18076317	0.23313663	0.14190878	-0.16874817	-0.034806621	-0.23217552	-0.034991013	-0.48282228	-0.1556535	-0.6431291	-1.3633091	-1.2274642	-1.4253064	-1.8485086	-2.0838801	-2.4554823	-2.4993906	-2.2307939	-2.3097835	-2.6963645	-2.3536774	-2.0296663	-1.9853279	-1.8902053	-1.8283278	-1.7782195	-1.3326768	-1.2439546	-0.75638827	0.019171667	0.13389356	0.29147639	0.56062226	0.65923615	0.76322341	0.60439427	0.62876852	0.76759013	0.79420702	0.69729881	0.47921417	0.52321834	0.59401913	0.77180084	0.83716907	0.83237372	0.75759058	0.64986821	0.56859267	0.51897255	0.50515872	0.53032277	0.55428956	0.5580879	0.61112612	0.53852719	0.51671082	0.5530927	0.64929751	0.72187084	0.64692389	0.58360685	0.51639005	0.39699226	0.28768885	0.37036502	0.31538637	0.39208721	0.39088142	0.42234039	0.35612229	0.37067977	0.39914568	0.45117159	0.43968893	0.47501482	0.45168975	0.46383854	0.5642558	0.58108568	0.57205588	0.53649509	0.64613083	0.5658023	0.54092707	0.55805032	0.55497091	0.54455863	0.53801434	0.53072396	0.50298064	0.4995828	0.30679587	0.34300977	0.56709452	0.55433975	0.56681889	0.53378716	0.51804304	0.49819097	0.34775003	0.26589315	0.29161111	0.23677583	0.19175657	0.19986514	0.22003321	0.21539063	0.22581887	0.21095954	0.24024252	0.27290679	0.091181753	0.1799583	0.4009042	0.36697377	0.11699243	0.10513152	0.06714486	0.10439672	0.3941491	0.37847263	0.37322434	0.39037954	0.38603184	0.35539122	0.32097675	0.31557307	0.31560797	0.32326886	0.31496492	0.30182627	0.32001879	0.32531917	0.32751702	0.31748086	0.33753628	0.029478967	0.047664824	0.049908241	0.34071107	0.34256951	0.34238752	0.32812201	0.31914529	0.32236424	-0.035322434	-0.044290894	-0.068250561	-0.087997741	-0.10975412	-0.13717194	-0.1465235	-0.14932171	-0.13462704	-0.11293109	-0.095866039	-0.10539317	-0.11735279	-0.11648054	-0.11550314	-0.12859502	-0.13049517	-0.13545754	-0.12647393	-0.12161098	-0.13340851	-0.14419918	-0.13571457	-0.12087255	-0.12213747	-0.13206677	-0.13199458	-0.12126285	0.24946223	0.25297672	0.25005387	0.23071362	0.21826089	0.22468608	-0.14709585	-0.14322692	-0.13715068	-0.14558878	0.2361743	0.23731895	0.24077084	0.23896319	0.23421115	-0.15460301	-0.16494123	-0.16963734	-0.16566037	-0.16567626	-0.17525864	-0.17762849	0.20989438	0.21454225	0.21184314	0.21632332	0.21347311	0.19933777	0.19295155	0.18777714	0.18870463	0.19986023	0.20647181	0.20551657	0.19906171	0.19304578	0.18892251	0.19022588
30	-0.64126793	-0.57415038	-0.68080275	-0.97622566	-1.0250101	-1.1174215	-0.91830031	-0.45821409	0.078918528	0.32520249	0.34502445	0.028311734	-0.21290225	-0.41393541	-0.41135919	-0.56981978	-0.2540963	0.28293698	0.41977704	0.35887141	0.30229386	0.41322678	0.52413772	0.48606232	0.49593315	0.47150098	0.42315452	0.38818845	0.38573679	0.47688535	0.61746277	0.61888931	0.67825729	0.61386995	0.62280996	0.59807243	0.66028454	0.70406928	0.75616109	1.0331584	2.1826103	2.3329877	1.8452655	1.8776785	1.5555177	1.6550468	1.2364894	0.98984105	1.2566616	1.295447	0.81187204	0.48317194	0.38631834	0.12091426	0.021194824	-0.12854532	-0.36163868	-0.45907871	-0.81188421	-1.2040056	-1.5238006	-1.4542599	-1.4084055	-1.5784168	-1.5748954	-1.0140795	-0.60999526	-0.33001834	-0.69495431	-0.85056985	-0.73839207	-0.69991827	-0.58113433	-0.3436926	-0.096572443	-0.14442626	-0.38748289	0.34156093	0.43759106	0.41722554	0.64267446	0.52878208	0.56691015	0.3496703	0.52092874	1.2160317	0.38988932	0.02635491	1.2045868	1.7074495	0.67488778	0.010740894	0.17085764	0.62850099	0.87643154	0.60095832	0.44007942	0.62554528	0.9251572	0.78403936	0.44551974	0.54015077	0.76545612	0.67659575	0.66602648	0.65951886	0.77557318	0.74615377	0.75222855	0.68839996	0.76622076	0.68448558	0.71525027	0.6765572	0.70250857	0.72591445	0.65545945	0.71170976	0.79024812	0.79470664	0.82648697	0.85308242	0.85286028	0.87044726	0.90596339	0.96882728	0.80414891	0.81272613	1.0108181	0.97045142	0.85307947	1.0065212	1.0712557	0.94845112	0.93132933	0.94281247	1.0194218	1.0170746	1.0175212	1.0119135	1.0589838	1.0594482	1.0745375	0.96201745	1.2532129	1.5006495	2.4227882	1.0941216	0.74163507	1.3791299	1.0184741	0.83500752	0.76267293	0.66676104	0.098614158	-0.72535256	-0.77017204	-1.0588732	-1.5732851	-1.8747815	-2.0466917	-2.2347799	-2.2705384	-2.0179799	-1.2116469	-1.0813857	-0.76161884	-0.85498499	-0.9101899	-0.64230485	-0.33532017	-0.011329884	0.0071863372	0.057671302	0.85073824	1.5620434	1.4972437	1.1685597	1.5636715	1.4059847	1.4505499	1.6799176	2.0425422	1.7110424	1.6743086	1.7011987	1.631512	2.048951	6.4616602	2.3913202	-0.056796202	-0.071893784	-0.12628556	-0.49740452	-0.27457176	-0.20537468	0.0034758149	-0.40064658	-0.12921778	-0.032232285	-0.022932603	-0.3813096	-0.67388799	-0.72712824	-0.41857429	-0.3643562	-0.50466679	-0.50959736	-0.61205823	-0.58715336	-0.7071915	-0.71783628	-0.68470955	-0.63138112	-0.56599824	-0.7189572	-0.61570935	-0.64725608	-0.62274318	-0.66656404	-0.66845514	-0.54673368	-0.5728678	-0.58722089	-0.64797898	-0.67747859	-0.63301988	-0.55499061	-0.63450032	-0.76405114	-0.75338665	-0.67093316	-0.59224465	-0.70790929	-0.60938945	-0.636726	-0.76143506	-0.76916038	-0.79835431	-0.83801895	-0.94474573	-0.85214965	-0.78846437	-0.82549227	-0.799345	-0.80767372	-0.85192152	-0.829972	-0.83125907	-0.84654585	-0.85476949	-0.85839671	-0.75676831	-0.75189838	-0.85507662	-0.86808346	-0.86130834	-0.85599738	-0.85029236	-0.86068719	-0.86723804	-0.85607241	-0.85720659	-0.853604	-0.85813623	-0.87389973	-0.87620774	-0.87867626	-0.87381822	-0.86890915	-0.85880789	-0.87504257	-0.87937662	-0.87504747	-0.82650675	-0.88085268	-0.88234491	-0.81602258	-0.82330761	-0.89488861	-0.94030294	-0.89796315	-0.90910707	-0.90735237	-0.90716567	-0.90323967	-0.87073962	-0.9214911	-0.89288981	-0.90719416	-0.89893766	-1.1252472	-0.90934094	-0.90907138	-1.0215301	-0.90694328	-0.91089172	-0.9086363	-0.90753531	-0.90598599
