21	-0.0042690039	-0.0066343667	0.0046330965	-0.013227023	0.0077057872	-0.0091641899	0.0015216501	0.010974417	-0.01799579	0.0066983406	-0.0089308871	-0.0029843831	0.0074007306	-0.013767837	0.0086530102	-0.0093096197	-0.010267076	0.010021896	-0.01829421	0.0086197229	-0.0079256613	-0.0014722649	101.67609	231.82808	225.71791	270.85675	274.08203	214.3226	172.67256	170.52901	203.9924	208.04497	162.42229	133.35301	133.97102	160.98593	167.57462	130.95717	109.30414	111.27769	134.77362	142.36458	111.59225	94.297943	97.037086	117.97255	125.67805	98.585548	84.141472	87.218338	106.34324	114.11604	89.896667	77.141754	80.327568	98.068649	105.48151	83.15284	71.644257	75.017059	91.72393	99.19516	78.514778	67.914246	71.431633	87.41925	94.806175	75.120369	65.117928	68.633278	83.99453	91.242424	72.471252	62.866062	66.405159	81.250793	88.537239	70.282669	61.090366	64.625336	79.094803	86.336357	68.602005	59.762817	63.271198	77.470551	84.663391	67.366768	58.688152	62.17345	76.220299	83.276886	66.323792	57.84547	61.290924	75.124115	82.145805	65.521782	57.137508	60.587124	74.21949	81.243477	64.941338	56.562199	59.970078	73.626457	80.473885	64.392166	56.097538	59.475494	72.93792	79.908592	64.007462	55.688152	59.104454	72.433067	79.440834	63.616535	55.344246	58.761868	71.974518	79.059143	63.294132	55.087101	58.520943	71.525887	78.767914	63.121418	54.921432	58.264217	71.36499	78.576042	62.894566	54.750854	58.063755	71.140556	78.330078	62.813541	54.635761	57.948345	70.972153	78.122719	62.777798	54.536076	57.789852	70.782959	77.954308	62.640102	54.397366	57.641323	70.606842	77.852402	62.577564	54.27729	57.559956	70.416573	77.73703	62.579002	54.222591	57.50634	70.338264	77.739166	62.486179	54.207455	57.425514	70.266579	77.603203	62.481739	54.149826	57.357578	70.103035	77.59523	62.440514	54.069504	57.24802	70.031258	77.431938	62.420319	54.075436	57.189564	69.961349	77.496605	62.406021	54.020573	57.112293	69.840012	77.36602	62.431152	53.988937	57.064896	69.804184	77.343102	62.397396	53.941685	57.000748	69.660156	77.32267	62.513287	53.926861	57.057514																																																																																																																																																																																																																																																																																																																																																																																																																																																																																																																																																																																																																																																																																																																																																																																																																																																																																																																																																																																																																																																																																																																																																																																								
21	-0.0017841001	-0.0030014468	-0.0051341001	0.0065638274	-0.0048358832	0.00057235715	-0.0070396378	0.0048250202	0.0021665702	-0.0094683273	-0.0019946904	-0.0053798463	-0.0051429565	-0.0001097936	-0.0016367998	-0.0031058367	-0.0030873066	-0.0002755936	0.0030270433	-0.01114388	0.00088643708	-0.0018292269	-0.0083180415	0.0080845114	-0.0064591537	0.0029621073	-0.0010335799	-0.0035798701	-0.00080314971	-0.0097505748	-0.0024822834	35.553429	319.97171	242.51128	208.13016	205.62061	250.41554	240.48422	181.78902	155.53653	159.21347	191.61755	186.60049	141.98306	122.50909	128.38449	155.27681	153.02945	117.05052	102.44358	109.13424	132.77937	132.08618	101.39371	89.637352	96.338593	117.65916	117.69953	90.623932	80.815941	87.553009	107.10838	107.59285	83.08213	74.447441	81.136223	99.242111	100.05137	77.372978	69.76474	76.433426	93.630257	94.619377	73.33046	66.432472	73.04892	89.53833	90.592072	70.31385	63.864868	70.409615	86.305321	87.287842	67.912094	61.829662	68.318672	83.721748	84.837502	65.969437	60.212708	66.626526	81.769402	82.734444	64.471115	58.97673	65.339287	80.166199	81.184151	63.283939	57.927589	64.286865	78.925285	79.931938	62.35397	57.169727	63.469154	77.912041	78.91053	61.600891	56.486725	62.772579	77.028587	78.011154	60.962303	55.910507	62.216537	76.318802	77.390251	60.419357	55.420456	61.813061	75.744865	76.79512	59.968601	55.00362	61.380997	75.191017	76.23851	59.551876	54.738827	61.044102	74.801437	75.907837	59.250248	54.514462	60.81086	74.634514	75.570915	59.099934	54.347351	60.613205	74.404411	75.294144	58.883999	54.214363	60.451523	74.180229	75.023643	58.687683	54.036758	60.301277	74.012825	74.764778	58.488712	53.856655	60.133888	73.817398	74.599632	58.443378	53.768013	60.080807	73.715508	74.590775	58.325768	53.727409	60.069401	73.653984	74.45343	58.312786	53.660648	59.994175	73.518471	74.460663	58.157547	53.611816	59.926888	73.403725	74.252243	58.116642	53.587215	59.842514	73.428276	74.248199	58.087616	53.574806	59.834576	73.412865	74.254807	58.045135	53.533783	59.792702	73.377785	74.098579	58.020859	53.509922	59.769115	73.367256	74.1241	57.998837	53.505795																																																																																																																																																																																																																																																																																																																																																																																																																																																																																																																																																																																																																																																																																																																																																																																																																																																																																																																																																																																																																																																																																																																																																																																								
21	0.008168688	-0.0016073036	-0.018123953	0.013784127	-0.025800603	0.0028825775	-0.0054142	-0.016410638	0.020005124	-0.023473198	0.0073330202	-0.0030141035	-0.016249768	0.012529344	-0.024614763	0.0099731646	-0.011776196	-0.026443899	0.016653704	-0.029140554	0.011396302	-0.0036265531	-0.019288406	0.016183209	-0.021392034	-0.0024173602	-0.0095819123	-0.0070130061	0.018836312	-0.032229308	0.002127734	-0.0067459331	-0.016217399	0.01762297	-0.020759599	0.0079973834	-0.0024994072	-0.014679777	0.017216679	-0.019682294	0.011138323	140.31395	295.17099	209.68228	208.53058	218.5486	253.54086	218.87685	161.35701	155.81308	169.86397	195.62154	169.7088	127.52314	123.29337	137.25117	159.77225	139.09586	106.24938	103.34686	116.62222	137.08044	120.26724	92.696663	90.660583	103.05823	121.71276	107.32088	83.152557	81.863228	93.626617	110.8793	98.351151	76.437958	75.534439	86.561646	102.75805	91.541916	71.343582	70.898415	81.450363	97.081253	86.80455	67.7603	67.554947	77.664665	92.851128	83.181175	64.994331	64.957443	74.743958	89.465675	80.290001	62.90369	62.950455	72.490028	86.980942	78.015709	61.290989	61.28672	70.679817	84.81443	76.216545	60.028881	59.920612	69.256416	83.160057	74.838852	59.004486	58.871883	68.139816	81.718521	73.824707	58.177589	58.066971	67.242203	80.571716	72.975166	57.462063	57.35125	66.385979	79.607582	72.342804	56.859596	56.768856	65.614342	78.696892	71.678955	56.327938	56.294956	64.989975	78.084435	71.318413	55.966583	55.879051	64.472511	77.593864	70.871239	55.691055	55.584492	64.084274	77.225784	70.542831	55.453541	55.297291	63.753574	76.861969	70.33886	55.310005	55.024101	63.420227	76.563904	70.151833	55.153236	54.844597	63.239159	76.296028	70.157501	55.110645	54.687759	63.064426	76.099899	70.029099	55.006985	54.565845	62.944679	75.789757	69.946671	54.920925	54.429409	62.679649	75.577751	69.962746	54.780689	54.311119	62.547642	75.495544	69.956146	54.816242	54.315228	62.409813	75.426758	70.042244	54.79752	54.248055	62.268288	75.442139	70.005592	54.81929	54.228588	62.18935	75.388649	70.0951	54.859962	54.172195	62.136536	75.364845	70.01828	54.846413	54.122173																																																																																																																																																																																																																																																																																																																																																																																																																																																																																																																																																																																																																																																																																																																																																																																																																																																																																																																																																																																																																																																																																																																																																																																								
21	-8.0893289e-05	0.00058501004	-0.00071979006	0.00075876666	-0.00022129665	-0.00041043662	0.0006248267	-0.00095473009	0.0010044667	-0.00047663998	-0.00017422666	0.00073001668	-0.0010732267	0.00078395003	-0.00033198998	8.5573345e-05	0.00066694	-0.00083042664	0.00085514667	-0.00016949009	0.00025944671	0.00036879332	9.0582581	12.800519	14.528235	15.577685	12.442951	9.6636982	9.375638	10.994933	11.822271	9.3668594	7.5189991	7.3230772	8.7070131	9.518836	7.5213857	6.1551113	6.0545235	7.2688055	8.0676985	6.4350905	5.347084	5.3015924	6.4353709	7.2193432	5.6867065	4.7761188	4.7945366	5.7991781	6.531436	5.1481323	4.35532	4.3882775	5.3027611	6.0076814	4.7320542	4.0322499	4.0842075	4.9562502	5.6396956	4.4426961	3.8144336	3.8697338	4.7108231	5.3579707	4.2151308	3.6353996	3.7048748	4.5136552	5.1380386	4.0575128	3.5053744	3.5827603	4.3749318	4.9740977	3.9272633	3.4044733	3.4855697	4.2625175	4.8462019	3.8276978	3.3263416	3.4147778	4.1691017	4.7489347	3.7471321	3.2571492	3.3547289	4.0951409	4.665092	3.6828275	3.2038679	3.3078504	4.0429454	4.5951934	3.6276205	3.1617908	3.2686217	3.9982991	4.5437388	3.5853918	3.13115	3.2358806	3.9571712	4.5032139	3.5465202	3.1038344	3.2139471	3.9255655	4.4663405	3.51847	3.0821881	3.1900024	3.9009221	4.4315519	3.4875441	3.0619578	3.1743112	3.881346	4.4080057	3.4662113	3.0451224	3.1574118	3.8683395	4.3890929	3.4504228	3.0356832	3.1466599	3.8607323	4.3726716	3.4390576	3.0234962	3.1372035	3.8483546	4.3608537	3.4258804	3.0189092	3.1326098	3.8419046	4.3437438	3.4169526	3.0113087	3.1305368	3.8340869	4.3373618	3.4101844	3.004889	3.125371	3.8308861	4.327404	3.3986783	2.9993274	3.1181445	3.8256567	4.3251767	3.3880775	2.9954615	3.1144059	3.8186181	4.3167348	3.3813357	2.9901721	3.1107066	3.8183007	4.3089714	3.3775177	2.9860539	3.1082451	3.8183031	4.3027234	3.3713107	2.983573	3.1082349	3.8185027	4.2989321	3.3681595	2.9809637	3.1067677	3.8184891	4.2947145	3.3646049	2.9791951	3.1036842	3.8203142	4.2898707	3.361798	2.9788859	3.1044414	3.8217325	4.2877364	3.3594198	2.9785266	3.1044886	3.8192456	4.2909503	3.3581519	2.980844	3.1121604	3.8222249																																																																																																																																																																																																																																																																																																																																																																																																																																																																																																																																																																																																																																																																																																																																																																																																																																																																																																																																																																																																																																																																																																																																																																																								
21	0.0011044734	-0.00090862345	0.00076075998	-0.00036729337	-9.2756622e-05	0.0012126833	-0.00074628671	0.00085529673	-0.00017998666	0.00032465006	0.0012888467	-7.9790007e-05	0.0011310468	0.00070050667	-0.00016801993	0.00052607001	-0.0005651433	0.00047295005	-5.3999873e-05	0.00036821008	0.00082200667	0.00024492331	0.00054499332	0.00031966672	5.7498088	6.0921998	5.1136231	5.0615754	6.3110738	6.5077233	4.9713297	4.3085918	4.2418652	5.3195238	5.496788	4.1951885	3.6918035	3.6605144	4.5929904	4.7839479	3.658541	3.2437227	3.2482433	4.0679321	4.2759156	3.2763608	2.9211493	2.9393368	3.6729467	3.8924606	2.9907608	2.6773164	2.7092466	3.3785889	3.6049922	2.7780466	2.4934585	2.5310948	3.1528392	3.377732	2.6174004	2.3493359	2.3923528	2.9748096	3.2048972	2.4908814	2.2344849	2.2779126	2.8316464	3.0646691	2.385046	2.1412601	2.1841562	2.7150588	2.9463646	2.3072815	2.0689778	2.1132584	2.6276877	2.8630681	2.2408857	2.0100765	2.0528882	2.5466695	2.7839351	2.1933362	1.9599195	2.0011575	2.4796844	2.7226708	2.1506677	1.9220687	1.9617517	2.4290757	2.6723073	2.1137979	1.8874506	1.9256635	2.3812723	2.6291163	2.0883131	1.8576459	1.892385	2.3419459	2.5915618	2.0663624	1.8357544	1.8693994	2.3145273	2.5602198	2.0474639	1.8142983	1.8467226	2.2811072	2.5380936	2.0329151	1.7980059	1.8269513	2.2562678	2.5129113	2.0240746	1.784389	1.8089545	2.2340584	2.4961143	2.0140829	1.7713957	1.7951107	2.2152677	2.4792528	2.0059359	1.7617283	1.7832866	2.1945662	2.4690738	1.9982668	1.7536652	1.7702628	2.181329	2.4548914	1.9977794	1.7461056	1.7626054	2.1643209	2.4432142	1.9941168	1.7381879	1.7514681	2.1507061	2.4362354	1.9882983	1.7337534	1.743224	2.1401014	2.4268591	1.9895877	1.7300452	1.7369494	2.1311295	2.4200487	1.991713	1.7269589	1.729401	2.1194479	2.4140456	1.9927649	1.7238191	1.7228733	2.1118243	2.4111204	1.9968688	1.7238461	1.7199572	2.1029932	2.405206	2.0007558	1.7219707	1.7142737	2.0950549	2.3989913	2.0011897	1.7191793	1.7068052	2.0886445	2.396765	2.0057867	1.7180429	1.7032312	2.0776157	2.3929036	2.0114126	1.7179554	1.6973474	2.072233	2.3857019	2.0131164	1.714779	1.6947906	2.0635226	2.3832283																																																																																																																																																																																																																																																																																																																																																																																																																																																																																																																																																																																																																																																																																																																																																																																																																																																																																																																																																																																																																																																																																																																																																																																								
21	0.00033544321	-0.0024459569	0.0028198967	-0.0037359567	-0.00092817348	0.00025268667	-0.0016646634	0.0027909637	-0.00028218675	-0.0018194199	0.0011797769	-0.0019118401	0.0014829399	-0.00036340655	0.0027779967	0.00057541352	-0.0026700934	0.0033165803	-0.0023748202	0.002312473	0.0020401631	-0.00281419	0.0054832236	-0.0053334003	1.4648633	28.457035	23.300268	17.596142	17.533186	18.473505	23.432474	19.833168	14.626984	15.19566	15.983092	19.905611	16.783428	12.233401	13.064013	13.948171	17.518667	14.69089	10.831876	11.77148	12.199674	15.897235	13.345894	9.9666796	11.227415	11.21752	14.632804	12.389292	9.3355417	10.19634	10.580356	13.599912	11.449016	8.7336969	9.6563692	9.9213257	12.973285	10.904951	8.2694283	8.9819403	9.3483973	11.967421	10.258348	7.8253164	8.4820976	9.0268946	11.544065	9.8365393	7.5659194	8.2040596	8.631566	11.148346	9.5904198	7.3545995	8.0039673	8.3845768	10.725888	9.3606377	7.2005892	7.7411408	8.1372652	10.520616	9.0697651	7.0044236	7.5217757	7.9225717	10.268841	8.9585533	6.8831801	7.3991795	7.722785	10.062835	7.7394953	6.5652823	7.1069603	7.6363902	9.8461151	8.4685631	6.6199942	7.1172948	7.4551988	9.6905613	8.4701452	6.5453386	6.9925585	7.4054298	9.5255518	8.3555984	6.4876022	6.9414997	7.310926	9.4267321	8.3767471	6.4165664	6.7916718	7.1692724	9.3761568	8.2403679	6.369379	6.7403932	7.0222135	9.2256985	8.166522	6.3206029	6.6489577	7.0102377	9.1590271	8.1386623	6.2981715	6.6329703	6.9993219	9.1061935	8.2440271	6.2913003	6.6678662	6.9629922	9.0771809	8.1399183	6.2420897	6.5728216	6.8945246	9.0007601	8.0617762	6.2414589	6.5178294	6.8730941	8.9788723	8.0790281	6.2369576	6.4682112	6.8357625	8.8798742	8.0420723	6.1873884	6.4535294	6.7892251	8.8633499	8.0605097	6.2029362	6.5229917	6.7705674	8.7501402	8.0735483	6.1984687	6.4711957	6.7887688	8.7526836	8.0837011	6.2405581	6.3942189	6.6979055	8.9309855	8.2207289	6.2763119	6.55481	6.7404923	8.9151497	8.1055613	6.2787485	6.4804459	6.6926742	8.8996325	8.1922789	6.2793236	6.4044399	6.702002	8.801796	8.1043301	6.2636204	6.4015608	6.6524458	8.7912941	8.1721535	6.2850499	6.4768801	6.6526918																																																																																																																																																																																																																																																																																																																																																																																																																																																																																																																																																																																																																																																																																																																																																																																																																																																																																																																																																																																																																																																																																																																																																																																								
21	0.0010410834	0.00017321655	-0.0023971302	0.0023453634	-0.0018178165	-0.00047165345	-0.00097580027	0.0023759766	-0.00074689992	-0.0029855235	0.00242888	0.0025086936	-0.00096829672	0.0040213936	-0.0034783101	0.0020467301	0.00040586342	-0.0021159237	-0.0015183834	-0.0024647769	0.00012280677	-0.00061837671	-0.0026282135	0.0016375437	-0.0031654269	0.0001751099	-0.0029519869	12.060488	14.146273	12.381412	13.545929	18.717016	17.529322	13.423148	12.650928	12.421412	16.764515	16.200945	12.160232	11.458008	10.797555	14.674629	14.271657	10.747806	10.413261	11.570481	14.292573	14.569596	11.354649	10.11598	10.743335	13.185883	13.545586	10.560703	9.3802958	9.9843102	12.24122	12.607656	9.8454037	8.7645693	9.3641882	11.42809	11.841548	9.281004	8.2869453	8.8927917	10.85897	11.315656	8.8851776	7.9438028	8.5430193	10.42383	10.897627	8.5897884	7.6734929	8.2372913	10.039606	10.532391	8.3338432	7.415472	8.0036745	9.742795	10.273148	8.121007	7.2424121	7.8044677	9.4871778	10.019932	7.9465427	7.0780683	7.6371312	9.2617626	9.8465033	7.816824	6.9479566	7.4999266	9.1063337	9.708478	7.7364454	6.8686686	7.4140968	8.9798813	9.6059895	7.6584487	6.7912774	7.3204279	8.8778381	9.5050611	7.6089802	6.7293587	7.2449937	8.7930803	9.425355	7.5789356	6.680624	7.1906333	8.7053308	9.377676	7.5461969	6.651443	7.1505394	8.4405756	8.6066589	7.023169	6.2191358	6.7710028	8.123148	8.4826679	6.9751415	6.1629939	6.6246715	8.0288219	8.7493572	7.0891209	6.2049956	6.6512098	8.0706463	8.783927	7.123714	6.2263422	6.6725192	8.0459948	8.8106575	7.1458187	6.2351284	6.6645298	8.063242	8.8244982	7.1958432	6.2696662	6.7009912	8.0793695	8.8821764	7.2659016	6.2986546	6.7369242	8.1043253	8.9451942	7.3231273	6.3380442	6.7591057	8.1312428	8.9920998	7.381691	6.3669143	6.7876701	8.1373835	9.0108967	7.4056501	6.3634553	6.7575393	8.0862198	8.9741402	7.386354	6.3364644	6.7295384	8.0579367	8.9907455	7.4483876	6.3814602	6.7618809	8.1230106	9.054388	7.5160351	6.4257107	6.7916274	8.1543617	9.1277275	7.5696883	6.4564533	6.8205504	8.1663961	9.176424	7.6455722	6.5036874	6.8559246	8.2045536	9.2293701	7.7200694	6.5567231																																																																																																																																																																																																																																																																																																																																																																																																																																																																																																																																																																																																																																																																																																																																																																																																																																																																																																																																																																																																																																																																																																																																																																																								
21	0.00039888333	-0.0016539934	0.0027102702	-0.0013455601	0.0018122733	0.0010156567	-0.0011810766	0.0026749668	-0.00097802677	0.0010729268	0.00043337335	-0.0014628734	0.0030749035	-0.0019516766	0.0013234699	0.00121683	-0.0018233302	0.0029250635	0.07270772	4.2260857	5.0610118	4.2113967	2.9818668	3.1057067	3.3196676	3.7388599	3.1604414	2.3826513	2.4017904	2.6769202	3.0089104	2.5402915	1.9675602	1.9865617	2.2433858	2.5459549	2.1581748	1.6979686	1.7300968	1.9751028	2.2428746	1.9136897	1.5149325	1.5577914	1.7829512	2.0504293	1.7391801	1.3924137	1.4346775	1.6524876	1.901242	1.6104482	1.3041186	1.3434857	1.559074	1.7912419	1.5200403	1.2389313	1.2751163	1.4921901	1.7005854	1.4518619	1.1849757	1.2242996	1.4363362	1.6308335	1.3983868	1.1433541	1.18178	1.3944108	1.5730491	1.3598009	1.1108936	1.1533427	1.359764	1.5318846	1.3293967	1.0826663	1.1309562	1.3288581	1.5066367	1.3021358	1.0593718	1.114406	1.3031319	1.4832499	1.2793655	1.0434302	1.098259	1.281358	1.4576621	1.2630259	1.0257007	1.0846385	1.262516	1.4422393	1.2452105	1.0157384	1.0716834	1.2489682	1.4274421	1.2301605	1.0072124	1.059234	1.2414508	1.4195991	1.2159157	1.0028896	1.0506655	1.2313627	1.4086862	1.205876	0.99612021	1.0402972	1.2280279	1.3976253	1.1987474	0.98994386	1.0339674	1.2223464	1.3879763	1.194479	0.98424447	1.0321705	1.2181261	1.3770046	1.1914113	0.9783327	1.0265532	1.2129326	1.3733094	1.1885724	0.97453916	1.0265229	1.2071338	1.3696672	1.1854594	0.97009665	1.0254269	1.2037864	1.3719217	1.1811274	0.96895999	1.0220262	1.1986203	1.3645314	1.1782486	0.96457976	1.0186888	1.1928791	1.3668637	1.1707698	0.96633649	1.0157425	1.1942462	1.3611721	1.1687781	0.96652627	1.0151565	1.1938847	1.3613129	1.1636994	0.96843851	1.0101471	1.1940409	1.3546324	1.1666694	0.9634434	1.0083692	1.1936294	1.3516705	1.1655853	0.9595533	1.0090865	1.1935567	1.34611	1.1659794	0.95867777	1.0089108	1.1926793	1.3431203	1.1669186	0.9568556	1.009259	1.1888958	1.3449177	1.164397	0.95328003	1.009305	1.1819892	1.3472812	1.1631957	0.95188403	1.0107092	1.1810279	1.3490763	1.1605922	0.95290244	1.0056481	1.1759422																																																																																																																																																																																																																																																																																																																																																																																																																																																																																																																																																																																																																																																																																																																																																																																																																																																																																																																																																																																																																																																																																																																																																																																								
21	0.0019660532	-0.0011012133	0.0015302234	0.00109725	-0.00147542	0.0028198068	-0.0016514767	0.0009084334	0.00037305336	-0.0011984835	0.00274845	-0.00145361	0.0015787367	0.0011654634	-0.0014845367	0.013064187	2.8445992	3.3497882	3.6303174	2.9277477	2.3456359	2.2232575	2.5711372	2.8162439	2.3044674	1.8257996	1.8139478	2.0892799	2.3011885	1.905992	1.5057437	1.5421077	1.7772404	1.9710419	1.6424419	1.3137763	1.362572	1.5690802	1.7612411	1.4635284	1.1823766	1.2384403	1.436676	1.6097084	1.3401998	1.0943459	1.1455282	1.3352313	1.501184	1.2515662	1.0251585	1.0792294	1.2620476	1.4136567	1.183163	0.9749825	1.0268294	1.2070069	1.3509178	1.1335518	0.93589002	0.98963958	1.1655279	1.3025138	1.0957642	0.90653938	0.95943135	1.1333805	1.2589103	1.0632299	0.88180614	0.93546802	1.1061835	1.2274753	1.0428983	0.86095041	0.92014992	1.0820032	1.2096848	1.0194511	0.84516233	0.90408933	1.0629916	1.1859508	1.0042847	0.83091193	0.89059812	1.0480223	1.1706464	0.98894167	0.81895691	0.87992257	1.031677	1.1571819	0.97544199	0.81143594	0.87072223	1.0218251	1.1448681	0.96492481	0.80489933	0.86049438	1.0132325	1.1365321	0.95631063	0.79997081	0.85571373	1.0090193	1.1274362	0.94747967	0.79364276	0.848153	1.0014086	1.118951	0.94480366	0.79030895	0.84430796	0.99897218	1.1134219	0.94071758	0.7861405	0.84002304	0.99653238	1.1066331	0.9369452	0.78366488	0.83865988	0.99247986	1.1019001	0.9328835	0.77787983	0.83480436	0.98790079	1.0961192	0.93192971	0.7755301	0.83244896	0.98576528	1.0948277	0.9277938	0.77310723	0.83197039	0.98015368	1.0927315	0.92412436	0.77245563	0.82960081	0.97941577	1.0922096	0.92184407	0.76802737	0.82739377	0.97535229	1.0892789	0.92040843	0.76783276	0.82618141	0.97512037	1.0872185	0.91755795	0.76749575	0.82552344	0.97458851	1.0864249	0.91580462	0.76669312	0.82441068	0.97319967	1.0840007	0.91464031	0.76577729	0.82263851	0.97190553	1.0813766	0.91307777	0.76462799	0.82241577	0.96908796	1.0802221	0.91459292	0.76380557	0.8215034	0.96787781	1.0809129	0.90935504	0.7642315	0.82225537	0.97101277	1.0786755	0.91172558	0.76092583	0.81970704	0.9692387	1.078678	0.90966308	0.76275826	0.81890714	0.97017139	1.0791671	0.90883595																																																																																																																																																																																																																																																																																																																																																																																																																																																																																																																																																																																																																																																																																																																																																																																																																																																																																																																																																																																																																																																																																																																																																																																								
21	0.0083144195	0.011654878	-0.018499937	0.028168093	-0.017036647	0.010018355	0.018360348	5.9976931	215.19778	239.43497	274.98639	265.31808	203.13373	165.16269	175.85765	206.60568	203.44609	153.80695	130.23454	137.67543	164.10982	164.47083	123.74307	107.2201	113.50404	136.73424	139.65709	105.36439	92.689949	98.698792	119.68286	123.6219	93.233932	82.711586	88.564018	107.32915	112.17492	84.84684	75.508125	81.243774	98.342667	103.88086	78.857567	70.404099	75.828903	91.802849	98.085236	74.404762	66.504822	71.839302	87.161026	93.387695	71.221748	63.691868	68.796089	83.343216	89.843033	68.676735	61.366901	66.464928	80.548279	87.094749	66.836693	59.700535	64.617699	78.279655	85.211418	65.511612	58.382664	63.199127	76.663551	83.737579	64.530251	57.418255	62.011028	74.937721	82.632454	63.656616	56.477345	61.123302	73.803459	81.489494	63.140965	55.930546	60.396347	72.945732	80.817642	62.735847	55.402546	59.855835	72.257118	80.111626	62.367825	54.938908	59.333736	71.544006	79.751183	62.196877	54.546986	58.764832	71.016998	79.286446	61.922123	54.326828	58.455334	70.15477	78.878532	61.937519	54.045399	58.098053	69.780876	78.726631	61.936913	53.821964	57.674393	69.253349	78.412262	61.766647	53.574127	57.546951	69.177887	78.292381	61.954018	53.591923	57.372643	68.797455	78.205902	61.942032	53.397976	57.236172	68.627068	77.917679	62.067551	53.389324	57.03392	68.245918	77.882553	62.264149	53.256451	56.79974	67.832062	77.596367	62.265625	53.165291	56.616844	67.361809	77.582359	62.298901	53.009869	56.423107	67.166733	77.388519	62.451283	52.967201	56.166954	66.910873	77.281448	62.524212	52.871941	56.052254	66.725739	77.052803	62.650307	52.794216	55.857765	66.465195	77.088791	62.858501	52.776222	55.801636	66.244652	76.924515	62.999199	52.723267	55.588509	65.709831	76.715889	63.171597	52.604237	55.367935	65.455612	76.475487	63.184246	52.512291	55.166328	65.20887	76.287033	63.226673	52.389896	55.067078	65.059418	75.985725	63.340809	52.374283	54.919693	64.73848	75.978668	63.5919	52.348507	54.789009																																																																																																																																																																																																																																																																																																																																																																																																																																																																																																																																																																																																																																																																																																																																																																																																																																																																																																																																																																																																																																																																																																																																																																																								
21	-0.023362501	0.014714713	0.0097616799	-0.015100625	0.02557347	60.918556	260.64346	295.78818	244.33937	182.88879	177.27982	197.94012	221.13211	184.4518	140.26286	136.89447	154.78836	175.50575	147.23744	113.40603	111.79436	126.79711	145.96776	123.64123	96.129646	95.70192	109.61667	127.70895	108.35179	84.64061	85.064781	97.576965	114.40352	97.698105	76.700127	77.339539	89.093597	105.00601	89.983765	70.971992	71.912476	82.788864	97.950699	84.493881	66.664864	67.779793	78.135544	92.673462	80.241196	63.425892	64.64566	74.447334	88.765999	77.319382	60.991302	62.22401	71.808441	85.644196	74.778511	59.082317	60.409233	69.690895	83.283226	73.052666	57.733379	58.941608	68.079819	81.490326	71.518272	56.573196	57.825378	66.825897	80.042107	70.545128	55.679836	56.875481	65.641396	78.695366	69.486977	54.966919	56.109283	64.701874	77.596794	68.997231	54.330688	55.46685	63.900318	76.779266	68.335426	53.939022	54.975384	63.379562	76.137306	68.111443	53.584042	54.568794	63.003242	75.69622	67.834091	53.424061	54.385311	62.631336	75.285484	67.648781	53.140663	54.009712	62.227566	74.964378	67.386139	52.992554	53.818172	61.888794	74.795563	67.528076	52.864647	53.683258	61.738247	74.294678	67.378296	52.89127	53.646053	61.548061	74.435844	67.44957	52.565788	53.318703	61.393517	74.119972	67.341881	52.692657	53.352158	61.179218	74.036224	67.426872	52.675964	53.256855	61.119175	73.90126	67.386017	52.663971	53.272427	61.033703	73.764832	67.527138	52.566792	53.06216	60.822701	73.608383	67.689964	52.61919	53.005226	60.65601	73.470917	67.777695	52.606373	52.99535	60.63623	73.4729	67.755974	52.602482	52.94257	60.517864	73.375793	67.811272	52.57555	52.810852	60.443802	73.251076	67.830986	52.632393	52.870827	60.228367	73.160759	67.942673	52.591457	52.733337	60.132713	73.102356	67.900719	52.553078	52.651218	60.00256	72.890472	68.11512	52.533932	52.633389	59.882858	72.729019	68.138657	52.574261	52.574844	59.676132	72.723763	68.22924	52.521206	52.477882	59.740013	72.710732	68.322983	52.641022																																																																																																																																																																																																																																																																																																																																																																																																																																																																																																																																																																																																																																																																																																																																																																																																																																																																																																																																																																																																																																																																																																																																																																																								
21	-0.00052160898	-0.0024968481	0.021827811	-0.023873167	218.1004	268.11197	283.6662	221.57846	184.0788	164.78462	199.40184	215.16917	171.61012	138.57903	131.74951	155.90636	171.77869	139.03786	111.58552	109.1217	128.41193	144.19489	117.58689	94.917694	94.48851	111.10075	126.32276	103.41832	83.830902	84.304375	99.246948	113.6161	93.391716	76.050186	76.832405	90.390167	104.33337	86.256737	70.262451	71.401047	84.061401	97.547241	80.927902	66.163055	67.28862	79.316605	92.515335	76.89727	62.918934	64.294502	75.923409	88.530098	74.03614	60.715351	61.984207	72.994133	85.452385	71.660439	58.669777	60.050507	70.884163	83.099922	69.928986	57.243202	58.579765	69.082642	81.160812	68.645218	56.065197	57.391907	67.642647	79.519836	67.465843	55.096413	56.355064	66.382828	78.289375	66.67804	54.39444	55.704136	65.566689	77.358894	66.101181	53.870659	55.037045	64.709953	76.459183	65.536545	53.295071	54.526821	64.241364	75.750076	65.106667	52.985996	54.139996	63.737774	75.413498	64.845352	52.595482	53.76474	63.25642	74.942177	64.666794	52.478951	53.552143	62.719948	74.370605	64.503479	52.16951	53.237427	62.408176	74.168922	64.560822	52.104801	53.063328	62.323608	73.966995	64.463997	51.95647	52.902275	61.958797	73.711548	64.469452	51.928017	52.808601	61.777199	73.449989	64.433655	51.81406	52.645119	61.721954	73.443016	64.556946	51.855362	52.582592	61.468029	73.252281	64.607338	51.714012	52.384205	61.327358	73.024979	64.70591	51.779087	52.329945	61.13612	73.013161	64.840988	51.868996	52.439663	61.136967	72.9767	64.974297	51.841171	52.236458	60.942383	72.905952	65.065498	51.759911	52.249214	60.858749	72.779716	65.234131	51.871906	52.23056	60.674335	72.775238	65.322823	51.781654	52.094784	60.695946	72.669556	65.496376	51.843731	52.059948	60.44735	72.563766	65.684547	51.892941	52.023491	60.364876	72.434677	65.747551	51.994484	51.964844	60.226665	72.47641	65.814087	51.855152	51.930267	60.186737	72.32029	65.865273	51.880447	51.811329	60.008236	72.157875	65.912712	51.870556	51.714569																																																																																																																																																																																																																																																																																																																																																																																																																																																																																																																																																																																																																																																																																																																																																																																																																																																																																																																																																																																																																																																																																																																																																																																								
21	0.0078900587	-0.027163375	0.014842601	-0.014925208	0.00044000626	0.0045064888	-0.026517628	0.012929235	-0.014864362	-0.012493593	0.0015603717	-0.019066155	0.019879274	-0.014111395	-0.0042674206	7.7861943e-05	-0.026555998	0.015849268	-0.011679997	-0.0027707657	0.0025453775	-0.025421198	23.230511	40.138355	45.644196	41.277252	31.752979	27.595032	31.212458	35.357029	32.097584	24.522936	22.386847	25.289799	28.854424	26.391729	20.238619	18.923279	21.510136	24.715736	22.774361	17.573769	16.71792	19.083891	22.02564	20.247839	15.777659	15.149697	17.345694	20.037539	18.451532	14.495474	13.977254	15.92993	18.336025	16.948084	13.517045	12.736081	14.825417	17.270264	15.823535	12.371702	12.162129	14.116079	16.369598	15.102537	11.867563	11.608841	13.675901	15.725257	14.551146	11.520365	11.333636	13.211723	15.294434	14.13029	11.317083	11.077976	13.103872	14.945361	13.761454	11.021395	10.794677	12.666107	14.68597	13.59409	10.662338	10.704327	12.612858	14.473246	13.542743	10.714523	10.756023	12.548749	14.324092	13.197123	10.615234	10.526766	12.357673	14.476252	13.32244	10.576873	10.482839	12.381982	14.215756	12.950562	10.455768	10.384869	12.240901	14.110409	13.005735	10.357327	10.371764	12.210931	13.787531	12.948665	10.340396	10.136991	12.003332	13.861061	12.865664	10.262352	10.092757	11.890965	13.822762	12.729717	10.056952	10.223597	11.972418	13.770825	12.713959	10.059557	10.120898	12.116769	13.59886	12.535285	10.029587	10.152247	11.860235	13.635018	12.425694	10.057612	10.079848	11.912186	13.641571	12.490389	10.074406	10.084991	11.896071	13.631828	12.445562	10.109921	10.109111	11.785438	13.595947	12.371457	9.9291506	9.9728823	11.981406	13.486124	12.429424	9.8902063	9.975111	11.882276	13.483716	12.326318	9.9662657	10.074884	11.833759	13.582471	12.35773	9.9025917	9.8879976	11.781137	13.600662	12.275324	9.8671646	10.013653	11.735476	13.403378	12.086265	9.7884932	9.9179459	11.735824	13.387176	12.080558	9.8500185	9.8793402	11.73258	13.461832	12.110708	9.8111143	9.9720306	11.721438	13.405101	12.077473	9.8234777	9.9143009	11.655702	13.480574																																																																																																																																																																																																																																																																																																																																																																																																																																																																																																																																																																																																																																																																																																																																																																																																																																																																																																																																																																																																																																																																																																																																																																																								
21	-0.015043877	0.0010347907	0.0015926679	-0.022227112	0.015137391	-0.016944425	0.0048803631	-0.00018365702	-0.020412948	0.018049851	-0.018494291	0.0018631895	0.0069124843	-0.023117507	0.017962743	-0.01538197	0.0067596803	0.0038208573	-0.019238461	0.014001646	24.056623	47.965958	45.056149	34.246078	29.335676	30.628679	36.254116	34.987339	26.668396	23.190596	24.790508	29.16748	28.470657	21.846945	19.299704	21.02109	24.761803	24.238619	18.798861	16.833109	18.518705	21.907692	21.647331	16.80475	15.135329	16.797884	19.88373	19.682268	15.421279	13.992637	15.610734	18.477955	18.348627	14.330708	13.035861	14.572197	17.143627	17.072147	13.539277	12.387386	13.772818	16.267605	16.213577	12.718143	11.775702	13.14461	15.506299	15.159603	12.115576	11.045596	12.64408	14.75974	14.92544	11.809287	10.894495	12.427023	14.616642	14.48528	11.319602	10.563256	12.152313	14.261758	14.179708	11.469287	10.707031	11.922467	14.062995	14.083779	11.005114	10.336564	11.773088	13.739053	13.90186	11.00174	10.307023	11.771446	13.765284	13.853145	10.928669	10.177094	11.419673	13.470112	13.709655	10.954587	10.013247	11.315848	13.481754	13.732555	10.817395	10.066524	11.347808	13.577358	13.57274	10.788659	10.04249	11.397495	13.472943	13.444078	10.723462	9.9439888	11.309087	13.363406	13.290569	10.586151	9.8864241	11.346889	13.255985	13.354122	10.750614	9.8568974	11.287853	13.293001	13.479478	10.661377	9.7769518	11.100576	13.205032	13.330999	10.52319	9.7337065	11.250217	13.288464	13.22644	10.471539	9.7400713	11.266687	13.116206	13.157563	10.385659	9.7297659	11.270514	13.228325	13.159016	10.434473	9.6513653	11.073833	13.050629	13.130346	10.356626	9.5068016	11.133698	13.080236	13.049505	10.412262	9.7717428	11.093381	12.897892	13.079709	10.245395	9.6500177	11.150327	12.989383	13.128227	10.399734	9.7061834	11.050284	13.021612	13.004223	10.29711	9.6049166	11.055761	13.173642	12.962902	10.351138	9.5986109	10.756921	12.824926	13.044927	10.312539	9.6491909	11.037821	12.915291	12.921628	10.356481	9.6335773	10.97349	13.017359	12.954571	10.304268	9.5891666																																																																																																																																																																																																																																																																																																																																																																																																																																																																																																																																																																																																																																																																																																																																																																																																																																																																																																																																																																																																																																																																																																																																																																																								
21	-0.0090815704	0.015216267	0.00095665059	0.0024519239	0.012850564	-0.012868174	0.014549481	0.0040886435	-0.0062487666	0.0097927777	-0.014579857	0.015410956	0.0013999231	-0.0039351503	0.019466773	-0.013744815	0.014080216	-0.0026839869	215.32027	391.39261	307.01642	331.74203	381.34775	377.17038	291.59183	241.56671	254.61671	300.3537	298.01526	228.24979	196.06209	206.64888	248.2646	247.92198	189.10533	166.38794	176.0782	213.1609	213.26416	162.26331	145.29933	155.29097	189.74919	191.71513	145.77405	131.98996	141.62331	173.0538	174.86417	133.04291	121.46726	131.0965	160.68713	162.63081	123.99768	114.04439	123.71797	151.83313	153.49519	117.11606	108.22224	117.88561	144.88612	145.98834	111.48301	103.60466	113.15448	139.22343	140.29768	107.26131	100.01852	109.5443	134.8398	135.61559	103.76863	97.008255	106.54282	131.1712	131.77878	100.9351	94.647217	104.11949	128.39844	128.71143	98.645973	92.790062	102.35061	126.26714	126.05205	96.89077	91.319923	100.82336	124.34367	123.93608	95.296089	90.05574	99.55397	122.99445	122.13582	93.962852	89.007744	98.610329	121.81307	120.65253	92.749702	88.047134	97.596718	120.4836	119.12846	91.499138	87.010895	96.669655	119.37583	117.57875	90.460236	86.211006	95.928497	118.45967	116.3259	89.589378	85.468605	95.138885	117.57499	115.02867	88.638344	84.947563	94.659065	117.04555	114.3242	88.340347	84.671234	94.659622	117.0169	114.16113	88.294411	84.723305	94.706566	117.02843	113.79018	87.966942	84.644775	94.630119	116.76732	113.25426	87.690628	84.481636	94.618011	116.87703	112.70621	87.350677	84.28064	94.629463	116.56221	112.35396	87.040733	84.226631	94.438606	116.62578	111.93289	86.893021	84.076836	94.500687	116.4417	111.42044	86.445419	83.997406	94.385139	116.50677	111.05498	86.304802	83.848579	94.473221	116.4353	110.78512	86.157524	83.913605	94.49025	116.59238	110.35438	85.85984	83.77652	94.64724	116.32331	110.09863	85.656151	83.814659	94.650574	116.62559	109.74895	85.705193	83.850121	94.636963	116.45751	109.61206	85.391556	83.858681	94.858231	116.70222	109.13299	85.305557																																																																																																																																																																																																																																																																																																																																																																																																																																																																																																																																																																																																																																																																																																																																																																																																																																																																																																																																																																																																																																																																																																																																																																																								
21	0.018472223	-0.0079619698	0.010944547	0.0054395469	-0.0059346599	0.015979253	7.3350163	403.41165	460.84964	378.854	281.9621	296.1088	331.70215	354.6113	286.36279	223.41708	228.98875	264.86035	284.93753	229.96242	184.14162	188.80882	221.05505	241.06656	194.04967	157.82652	162.20396	191.30751	211.21268	170.43448	140.24654	145.32951	171.85095	191.05989	154.18233	127.58233	132.77641	157.16782	175.86623	142.1974	118.26888	123.60583	146.56761	164.91881	133.55635	111.56578	116.81558	138.62196	156.6476	127.04356	106.28647	111.59335	132.43271	149.94992	121.74985	102.04658	107.25107	127.35849	144.75684	117.58341	98.665932	103.80048	123.25854	140.48849	114.23284	96.02581	101.05078	120.0196	137.04796	111.63248	93.864792	98.788155	117.32544	134.14159	109.44373	91.981918	96.830116	115.02071	131.69417	107.65965	90.47641	95.211731	113.02565	129.77782	106.20315	89.19294	93.949165	111.59773	128.131	105.12671	88.326538	92.90258	110.20094	126.73148	104.11389	87.403938	91.934349	108.90174	125.72627	103.42943	86.672188	91.200455	108.02224	124.68763	102.71917	85.9907	90.423126	107.10145	123.65024	102.19466	85.56942	89.909569	106.48174	123.20554	101.71803	85.040665	89.352631	105.83047	122.40182	101.42831	84.804398	88.998489	105.30595	121.99689	101.28909	84.541573	88.692917	104.90143	121.67789	101.06474	84.309021	88.297874	104.46748	121.32534	101.00272	84.10672	88.163361	104.09729	121.10177	100.77488	83.921425	87.830009	103.64095	120.7123	100.77805	83.767929	87.62178	103.33321	120.43339	100.71233	83.54776	87.275848	102.82477	120.17561	100.52374	83.353348	87.048073	102.65067	119.94305	100.69025	83.432953	87.009048	102.49813	119.95441	100.86987	83.252083	86.875267	102.20303	119.82499	100.76653	83.297554	86.77018	102.1414	119.68774	100.99768	83.300499	86.714516	101.9909	119.56526	101.05786	83.262016	86.615837	101.78273	119.58552	101.06754	83.234619	86.472496	101.5228	119.45322	101.12134	83.207138	86.37529	101.37551	119.31737	101.25861	83.144493	86.220703	101.12867	119.14926	101.33723																																																																																																																																																																																																																																																																																																																																																																																																																																																																																																																																																																																																																																																																																																																																																																																																																																																																																																																																																																																																																																																																																																																																																																																								
21	0.013547675	-0.0090072136	0.0099079367	0.0018699201	-0.0024717096	0.0069656912	-0.0073552607	0.0088265128	-0.00036939781	-0.0071371379	0.013364941	-0.0079105468	0.01055646	0.0063925632	-0.0017568036	0.0089453869	-0.0030942664	0.014252406	210.36249	452.02927	313.24777	319.5665	326.1474	382.44403	340.2948	249.06828	241.84972	260.38654	302.53818	269.57828	202.66943	195.40816	215.70638	252.57426	225.76765	171.79587	166.29677	185.50455	219.33421	196.80824	150.82214	147.02634	165.09901	196.33893	176.41975	135.90039	133.13635	149.96715	179.623	161.63985	125.04793	123.04732	139.00612	167.16893	150.74022	116.93295	115.48138	130.64597	157.59857	142.40819	110.74008	109.6423	124.31646	150.26634	135.88925	105.87727	105.03406	119.15032	144.47704	130.79187	102.0937	101.41553	115.09992	139.75951	126.6868	99.078606	98.506493	111.95759	135.92102	123.32487	96.706375	96.161591	109.38677	133.06548	120.81261	94.85421	94.272835	107.31851	130.64529	118.72881	93.285843	92.768333	105.61745	128.52034	117.07722	91.961273	91.49247	104.26727	127.00903	115.6269	90.821487	90.361053	102.79061	125.41342	114.3157	89.864258	89.445419	101.81971	124.29802	113.56915	89.233803	88.727211	101.04147	123.3895	112.81174	88.654938	88.157707	100.35487	122.62341	112.05116	88.220299	87.501205	99.713051	121.80019	111.48826	87.667137	87.169151	99.302299	121.18833	111.15768	87.410988	86.766045	98.723923	120.79555	110.7034	87.07193	86.354218	98.394081	120.02976	110.38075	86.755249	86.091568	98.050987	119.89973	110.08717	86.570549	85.873734	97.814079	119.31594	109.98479	86.365898	85.588737	97.584938	119.08424	109.80279	86.254868	85.530312	97.258072	119.01586	109.54198	86.038895	85.168076	96.876801	118.51257	109.36317	85.851158	84.899399	96.729691	118.14481	109.09715	85.591476	84.757004	96.450783	117.78849	109.08089	85.456741	84.514389	96.114677	117.60513	108.88966	85.370918	84.470352	95.968292	117.63751	108.74168	85.334999	84.281097	95.81073	117.31567	108.69276	85.163361	84.063713	95.52597	117.02963	108.64693	82.028702	80.760483	91.516853	111.88221	104.70581																																																																																																																																																																																																																																																																																																																																																																																																																																																																																																																																																																																																																																																																																																																																																																																																																																																																																																																																																																																																																																																																																																																																																																																								
21	0.0041542742	-0.029228395	0.01492417	-0.024577221	-0.0082763247	0.0046138605	-0.025193686	0.01689592	-0.020981099	-0.0017147827	0.0088714436	-0.032393575	0.018992256	-0.023586659	-0.010579164	0.011958806	-0.035264593	14.361462	280.25232	336.80356	307.21463	229.28847	215.37665	234.88193	273.86771	248.97679	190.25371	177.3858	198.22939	230.38145	211.40034	164.42921	153.1825	173.48724	201.17427	185.12651	144.52386	134.90228	153.85107	179.12061	165.65855	130.06723	121.7269	139.47299	163.17993	151.67325	119.70957	112.16994	128.74347	151.38628	141.5773	111.7594	105.0125	121.03341	142.15381	133.73294	106.00996	99.677841	114.69211	135.42076	127.61729	101.21948	95.139	109.78469	129.79311	122.95156	97.865082	91.860382	105.74043	125.14935	119.14095	94.919777	89.007317	102.63237	121.59953	116.24865	92.876045	86.874428	100.02939	118.72076	113.77129	90.932251	85.069443	97.903824	116.12988	111.90418	89.500732	83.435043	95.866325	114.11907	110.37238	88.201668	82.213654	94.453751	112.15894	109.06816	87.292793	81.166275	92.925415	110.8009	108.09483	86.387932	80.203728	91.708107	109.65867	106.90836	85.744606	79.290352	90.582367	108.42527	106.18706	85.368401	78.819878	89.786774	107.58755	105.75623	84.950378	78.159531	88.899658	106.74583	105.37229	84.661865	77.741714	88.510315	106.01988	104.93149	84.540482	77.268036	87.783127	105.46601	104.79619	84.427399	76.980316	87.358543	104.997	104.66946	84.298492	76.669739	86.925102	104.35154	104.55737	84.235275	76.525406	86.588776	104.02327	104.55555	84.349297	76.357925	86.25396	103.73506	104.62944	84.2686	76.295273	85.978722	103.38148	104.58309	84.479584	76.142891	85.540833	103.10667	104.58385	84.576691	76.053314	85.312744	102.72456	104.44974	84.724182	75.950851	84.925156	102.49301	104.5909	84.750305	75.87426	84.685837	102.22069	104.64059	84.926735	75.796387	84.55349	101.98186	104.66931	85.080391	75.652611	84.201637	101.55733	104.73466	85.301689	75.534737	83.977554	101.45272	104.69579	85.261208	75.515114	83.754257	101.08265	104.92621	85.510963	75.57196	83.586823	100.97112																																																																																																																																																																																																																																																																																																																																																																																																																																																																																																																																																																																																																																																																																																																																																																																																																																																																																																																																																																																																																																																																																																																																																																																								
21	0.020112339	-0.022575557	-0.012161437	0.001110506	-0.026896957	0.013048708	-0.020704256	-0.022388	0.0046386868	-0.034561064	0.015394038	-0.025650173	-0.015471004	0.0048731496	-0.034649584	6.1606131	311.53964	340.44186	296.16132	217.1355	223.59972	250.54898	277.41577	237.15401	182.71629	182.03938	210.19243	232.58775	198.22398	156.73376	155.05804	181.85971	201.28201	172.33492	137.90822	136.58104	161.448	179.60503	154.16373	124.18728	123.46278	146.55127	163.98116	141.17557	114.33594	113.77563	135.57397	152.43205	131.74329	107.14792	106.86016	127.14565	143.66183	124.6739	101.52058	101.41463	121.13797	137.02055	119.40829	97.41848	97.244118	115.95661	131.83014	115.13362	93.948486	93.840103	112.03904	127.48745	111.7875	91.385971	91.125107	108.78483	123.74407	109.06735	89.066338	88.877197	106.23254	121.00413	107.14997	87.495003	87.137383	104.03751	118.85203	105.65888	86.202698	85.708855	102.30328	116.93737	104.39647	85.105247	84.532028	100.73425	115.58234	103.36852	84.097382	83.458786	99.516502	114.15562	102.52814	83.408562	82.647568	98.352348	113.06164	101.98275	82.76635	81.762184	96.983154	111.92224	101.37426	82.16143	80.986198	96.161201	111.24405	100.80634	81.69725	80.546951	95.584396	110.51083	100.56908	81.571747	80.082619	94.743149	109.93211	100.34186	81.225227	79.553764	94.320854	109.304	100.09873	81.168449	79.240967	93.720085	108.94495	100.04388	81.069923	78.8162	93.411865	108.51414	100.19984	81.006416	78.748047	92.810783	108.37087	100.18009	80.877121	78.524261	92.437805	108.08402	100.08467	80.914894	78.275795	92.118843	107.68146	100.24065	80.904076	77.989418	91.836082	107.19409	100.34269	80.913704	77.929077	91.40139	106.99943	100.63403	80.949112	77.718582	91.177971	107.00368	100.74614	81.115547	77.717377	90.782433	106.7807	100.93892	81.117538	77.512611	90.571548	106.73174	101.10751	81.297318	77.477135	90.317757	106.64243	101.26568	81.408302	77.387779	90.138008	106.34042	101.47395	81.620468	77.280441	89.763435	106.23517	101.64233	81.56736	77.16848	89.564011	105.93513	101.76134	81.826164																																																																																																																																																																																																																																																																																																																																																																																																																																																																																																																																																																																																																																																																																																																																																																																																																																																																																																																																																																																																																																																																																																																																																																																								
