42	-0.34789011	-0.3426413	-0.33186741	-0.30921463	-0.25341143	-0.19374068	-0.16998288	-0.17357417	-0.19401693	-0.2357312	-0.27689297	-0.30313705	-0.32634234	-0.34485133	-0.34954763	-0.32385606	-0.25810773	-0.15644646	-0.072189147	-0.0067170738	0.11787324	0.29439921	0.46788639	0.66457887	0.86596765	0.97122022	1.0074094	1.0579638	1.1587963	1.3460962	1.5800829	1.7494263	1.8626902	2.0436362	2.2922643	2.4770779	2.5497326	2.5779104	2.6350949	2.7541601	2.9281998	3.0933994	3.1533464	3.0870456	2.9378687	2.7762604	2.6867543	2.6345424	2.4425462	2.0522001	1.6773241	1.5209646	1.5775966	1.688098	1.6883742	1.5430649	1.3248247	1.1162533	0.95685504	0.84994495	0.78447287	0.73833854	0.6988343	0.66706515	0.63198096	0.57645401	0.4963405	0.39274545	0.25599998	0.093562937	-0.05091763	-0.14125252	-0.17633671	-0.17799423	-0.16832536	-0.15755147	-0.14733009	-0.13655621	-0.1205335	-0.10009075	-0.081029258	-0.062244022	-0.038762477	-0.0061645669	0.03416844	0.080855277	0.12284581	0.1501949	0.16511259	0.16842763	0.16400757	0.15710124	0.14687986	0.13140966	0.11151941	0.084446572	0.045771086	0.0093056276	-0.01279465	-0.023844789	-0.033513661	-0.050088869	-0.066111571	-0.076056696	-0.070531626	-0.050641376	-0.021358508	0.010686895	0.036654722	0.05958376	0.086380347	0.11317693	0.14384107	0.16483633	0.17754399	0.2101419	0.23776725	0.2457786	0.24660736	0.24135855	0.22505959	0.21483821	0.20268306	0.17091391	0.14135479	0.12091203	0.099640514	0.096049218	0.11151941	0.1300284	0.1620738	0.18942289	0.2095894	0.21925827	0.20820813	0.18389782	0.16842763	0.14356482	0.11676823	0.088590375	0.072567673	0.055992465	0.00018926302	-0.068874105	-0.12992612	-0.23103489	-0.29733573	-0.40700836	-0.52082479	-0.63132618	-0.69817952	-0.73989379	-0.78989567	-0.83906879	-0.8633791	-0.87802053	-0.89321447	-0.91061844	-0.9434926	-0.91724852	-0.91255221	-0.9233261	-0.93492875	-0.9316137	-0.93603376	-0.94238759	-0.94266384	-0.96089657	-0.95592401	-0.94653139	-0.94680764	-0.94017756	-0.88851816	-0.85923529	-0.83133369	-0.80757589	-0.78354184	-0.75370647	-0.73796002	-0.73574999	-0.7404463	-0.74403759	-0.756469	-0.78602812	-0.83105744	-0.87746802	-0.92166858	-0.97111795	-0.97885305	-0.97277547	-0.97774803	-0.97443299	-0.97028919	-0.97719553	-0.98741691	-0.95454274	-0.91420973	-0.90481712	-0.89791078	-0.89791078	-0.8794018	-0.85509149	-0.85260521	-0.85371022	-0.83575375	-0.816416	-0.7998408	-0.78575187	-0.7487339	-0.70591462	-0.6608853	-0.64154756	-0.63049742	-0.59292694	-0.5813243	-0.60259582	-0.65149268	-0.69956079	-0.73906503	-0.79763077	-0.85813028	-0.91448599	-0.95454274	-1.0050971	-1.0492977	-1.0843819	-1.1219523	-1.1410138	-1.1470914	-1.1551028	-1.1581416	-1.1691917	-1.1769268	-1.174993	-1.174993
42	-0.39810246	-0.38312106	-0.36531297	-0.33337148	-0.26807516	-0.19486414	-0.1527466	-0.14059187	-0.15868263	-0.19882149	-0.23782968	-0.26553115	-0.29266728	-0.31669407	-0.32602211	-0.31245404	-0.25931245	-0.16546666	-0.07981824	-0.0018018585	0.13783616	0.33626913	0.55194485	0.80549809	1.050854	1.1854039	1.2328922	1.261159	1.3162793	1.4559173	1.6546329	1.806991	1.9053595	2.0591309	2.2818733	2.4486475	2.5252505	2.5744347	2.6549951	2.7918065	2.9653647	3.097936	3.1109387	3.0122875	2.8506014	2.6832619	2.5741521	2.4961357	2.2883747	1.9152529	1.5802912	1.4573306	1.5325203	1.6535022	1.669049	1.5466537	1.3499168	1.1514838	0.99092833	0.8823838	0.82076216	0.78344998	0.75490051	0.71843633	0.6585107	0.57314495	0.47025378	0.35831724	0.22461525	0.06801715	-0.072751539	-0.16122664	-0.19401613	-0.19062412	-0.17112002	-0.14822391	-0.13126382	-0.11769576	-0.099605003	-0.073034207	-0.041092717	-0.0097165638	0.021376922	0.058689104	0.10250265	0.14659887	0.18193237	0.20256714	0.20963384	0.20228447	0.18815107	0.173735	0.15734025	0.1392495	0.11918007	0.09402261	0.061515785	0.028726291	0.006395515	-0.0068898833	-0.021023286	-0.041658053	-0.062858157	-0.073599543	-0.067663514	-0.050420763	-0.024980638	0.0041341706	0.028726291	0.053035743	0.080737212	0.10589467	0.1321828	0.14744687	0.15451357	0.18362838	0.20935117	0.21867922	0.22178857	0.21556987	0.19663111	0.18504172	0.17260433	0.13755349	0.10646	0.087803913	0.069713158	0.068865154	0.083281224	0.10137198	0.13557481	0.16101494	0.18023637	0.18956441	0.17627901	0.14857754	0.13246546	0.10730801	0.073670511	0.038902341	0.018832909	0.0015901581	-0.05522612	-0.12787181	-0.19118945	-0.29351529	-0.36050761	-0.46820414	-0.57929268	-0.68642387	-0.74917618	-0.78903237	-0.84019529	-0.89192354	-0.91453699	-0.92753972	-0.94025978	-0.95919854	-0.99255337	-0.96117722	-0.95976388	-0.97672396	-0.98350799	-0.97587596	-0.97559329	-0.98039864	-0.99255337	-1.0078174	-0.99255337	-0.98463866	-0.98633467	-0.98407333	-0.9303664	-0.89729424	-0.87072344	-0.84443531	-0.81305916	-0.77942166	-0.76246158	-0.76020023	-0.76359225	-0.76274425	-0.77263763	-0.79779508	-0.83256325	-0.86987544	-0.90209959	-0.93997711	-0.96174255	-0.9436518	-0.93064907	-0.917081	-0.91312365	-0.9232997	-0.92358237	-0.917081	-0.89983825	-0.89164088	-0.8888142	-0.88118216	-0.86280874	-0.85206735	-0.84726199	-0.84415264	-0.83114991	-0.80768847	-0.78507502	-0.76500559	-0.71440801	-0.66098375	-0.6030368	-0.57392199	-0.55385256	-0.50664699	-0.48827357	-0.50862567	-0.56431128	-0.62112755	-0.67002913	-0.74210948	-0.81786452	-0.89135821	-0.94252113	-1.0035774	-1.0578497	-1.0991192	-1.1437808	-1.1663942	-1.1728956	-1.181941	-1.1847676	-1.1966397	-1.2048371	-1.2017277	-1.2017277
42	-0.36827734	-0.36827734	-0.3712418	-0.35345507	-0.29653754	-0.24614182	-0.22064751	-0.21649727	-0.24495603	-0.28705129	-0.32440342	-0.3484155	-0.37094535	-0.39110364	-0.39436454	-0.37390981	-0.31491716	-0.21116125	-0.12311695	-0.057009615	0.063050795	0.23528561	0.40929909	0.61592157	0.8228405	0.9271893	0.96572721	1.0134549	1.1154322	1.3072324	1.5411278	1.7103982	1.8263084	2.0083259	2.2582294	2.4429149	2.5167298	2.5437064	2.5988452	2.7106052	2.8772075	3.0361023	3.091834	3.0313592	2.8863973	2.730467	2.6442014	2.5994381	2.4203851	2.0450851	1.6837181	1.5390527	1.6116819	1.7355961	1.7430072	1.5992312	1.3751184	1.154563	0.98292105	0.86078552	0.78222747	0.7282744	0.68291824	0.64734479	0.60910333	0.55485381	0.47540643	0.36750028	0.22846736	0.067793922	-0.076871461	-0.16817666	-0.19604253	-0.1853705	-0.16550865	-0.14386813	-0.1234134	-0.10562667	-0.083096815	-0.057602506	-0.029736633	-0.0015743146	0.029552458	0.072240604	0.12145055	0.1706605	0.21127352	0.23617494	0.24832921	0.24951499	0.24269674	0.22906025	0.21068063	0.189633	0.1673996	0.13775505	0.098920695	0.065422359	0.044078286	0.03726004	0.03073824	0.012358622	-0.0095783419	-0.025586397	-0.021732606	-0.0063174419	0.018583976	0.05030364	0.074612168	0.096845577	0.12589723	0.154356	0.1837041	0.1994157	0.20593751	0.24358608	0.27856664	0.29042446	0.29635337	0.29072091	0.26700527	0.25455456	0.24328963	0.20712329	0.17510718	0.1602849	0.14190529	0.13834794	0.15791334	0.17777519	0.21097708	0.23528561	0.25010788	0.25574034	0.23350693	0.19793348	0.18518632	0.1635458	0.13538349	0.10573894	0.094474013	0.081133968	0.017101749	-0.066792315	-0.1462397	-0.266893	-0.32914654	-0.43764558	-0.55652021	-0.67420906	-0.73527682	-0.76847871	-0.82332112	-0.88201732	-0.89921116	-0.91492277	-0.92826281	-0.94871755	-0.98992347	-0.94604954	-0.94338153	-0.95968603	-0.96709717	-0.95731447	-0.95583224	-0.96205759	-0.97421186	-1.0068209	-0.98992347	-0.97865854	-0.97925143	-0.97361897	-0.90395428	-0.8636377	-0.83073226	-0.80286638	-0.77025738	-0.71926877	-0.69258867	-0.68636332	-0.69081	-0.69525668	-0.69940692	-0.72312256	-0.77114672	-0.82598913	-0.88913201	-0.9451602	-0.97065451	-0.98488389	-0.99348081	-0.99674171	-0.97717631	-0.97628698	-0.99229503	-0.97480475	-0.93359883	-0.91136542	-0.90247206	-0.92114812	-0.91047608	-0.87549552	-0.86334126	-0.87193818	-0.86008036	-0.81946733	-0.79397302	-0.78685833	-0.73764838	-0.67628417	-0.60988039	-0.58231096	-0.57312115	-0.51916808	-0.49663823	-0.52361476	-0.59327945	-0.65760811	-0.70859673	-0.78596899	-0.86571282	-0.94130641	-0.9908128	-1.054845	-1.1090945	-1.1517827	-1.2039571	-1.2264869	-1.2294514	-1.2383448	-1.2392341	-1.2546493	-1.2668035	-1.2608746	-1.2608746
42	-0.32666989	-0.31515691	-0.29706507	-0.26158627	-0.1939181	-0.11638165	-0.069154911	-0.059756554	-0.078318309	-0.11990604	-0.16219865	-0.19344818	-0.22046846	-0.24631394	-0.25923668	-0.24349443	-0.18428478	-0.090301214	-0.0066558365	0.073700116	0.21913969	0.423319	0.64746981	0.90803926	1.1481673	1.2710508	1.3102889	1.3349596	1.3817165	1.5125886	1.7040801	1.8495197	1.9573658	2.1356997	2.3758277	2.5548664	2.636867	2.6805694	2.7451831	2.8678317	3.0351224	3.1650547	3.1798571	3.0736557	2.8983763	2.7181628	2.6039728	2.5189177	2.2959416	1.9087293	1.5621649	1.4230692	1.470296	1.5562909	1.5466576	1.4209546	1.241211	1.0739203	0.95056683	0.87138567	0.82227925	0.78821021	0.75766555	0.71701766	0.65945272	0.58074148	0.48699287	0.38290606	0.25461849	0.10142527	-0.04307447	-0.14152226	-0.19062868	-0.2070758	-0.20731076	-0.20637092	-0.20919043	-0.20919043	-0.20237662	-0.19297826	-0.18428478	-0.17535635	-0.16196369	-0.14269705	-0.11685157	-0.08254757	-0.046833813	-0.020518413	-0.0038363294	0.0072067402	0.014490467	0.016840056	0.014960385	0.012610795	0.0057969866	-0.012999727	-0.040020004	-0.068450034	-0.089361378	-0.10251908	-0.1161467	-0.13282878	-0.14763119	-0.15421004	-0.14857103	-0.12883448	-0.10016949	-0.069154911	-0.040020004	-0.015114358	0.0079116169	0.03140751	0.058427786	0.083568391	0.10635941	0.12891546	0.14418779	0.14982681	0.15170648	0.15264632	0.15170648	0.14630242	0.13525935	0.11646264	0.090852118	0.063596882	0.043860333	0.03563677	0.041275784	0.058662745	0.084273268	0.10964883	0.13596423	0.15429103	0.15969508	0.1510016	0.13831382	0.11857727	0.096726091	0.072760281	0.048324552	0.023888824	-0.01252981	-0.054352498	-0.083017487	-0.15397508	-0.22963186	-0.33818288	-0.43639571	-0.53296383	-0.61472954	-0.66736034	-0.71176757	-0.74583662	-0.77544144	-0.79235849	-0.80857065	-0.81303487	-0.81585438	-0.81373975	-0.81326983	-0.81491454	-0.82548769	-0.83488605	-0.84334457	-0.84334457	-0.83488605	-0.83512101	-0.84310961	-0.84498928	-0.84076002	-0.83277142	-0.82666249	-0.81984868	-0.80739586	-0.80011213	-0.7940032	-0.79118369	-0.80081701	-0.81068528	-0.81843893	-0.83112671	-0.85297789	-0.88563718	-0.92276069	-0.95706469	-0.98244026	-1.0096955	-1.0400052	-1.0505783	-1.0343662	-1.0045264	-0.99888738	-0.9913687	-0.96340858	-0.94531675	-0.92417044	-0.92417044	-0.91876639	-0.90584365	-0.89691521	-0.89503554	-0.89268595	-0.88869164	-0.87835345	-0.87224452	-0.86308112	-0.84616408	-0.82642753	-0.80974545	-0.78812922	-0.77121218	-0.75382522	-0.73596834	-0.73173908	-0.73855289	-0.75359026	-0.77238698	-0.79212353	-0.81773405	-0.84357953	-0.87341931	-0.89832496	-0.92252573	-0.94508179	-0.96199883	-0.97421669	-0.98314513	-0.98925407	-0.99301341	-0.99489308	-0.99677275	-0.99724267	-0.99794755	-0.99794755
42	-0.27238298	-0.27041689	-0.25960335	-0.24043389	-0.18759502	-0.12738327	-0.10796805	-0.10624772	-0.12222226	-0.16842556	-0.20750176	-0.23551865	-0.26156945	-0.27951009	-0.28663719	-0.26402707	-0.19963736	-0.10206976	-0.023917371	0.038506235	0.16581107	0.34300564	0.52167478	0.72565743	0.92030111	1.0151653	1.0426907	1.0859449	1.1758938	1.3471901	1.5646897	1.7273843	1.8541976	2.0596548	2.3270441	2.5236539	2.6123741	2.6435859	2.6870858	2.791289	2.9620937	3.1267544	3.1813136	3.1112714	2.9557039	2.7895686	2.6996196	2.6470265	2.4582811	2.0741548	1.7015792	1.5410965	1.5801727	1.6649607	1.6457912	1.4956305	1.2874699	1.0933177	0.94758072	0.84927583	0.77947936	0.72885234	0.69346258	0.66397111	0.63128473	0.58164076	0.50815785	0.41083601	0.28230237	0.1252603	-0.019739413	-0.11239177	-0.15466288	-0.16572218	-0.16523065	-0.16645946	-0.17211199	-0.1753069	-0.17063742	-0.16498489	-0.16056117	-0.15294254	-0.13770528	-0.11509516	-0.082900306	-0.043578349	-0.0047479171	0.026218124	0.046124864	0.057429927	0.066768891	0.071929898	0.071684136	0.067997703	0.059641787	0.042438431	0.013438488	-0.017773315	-0.036942769	-0.047264783	-0.05684951	-0.071595243	-0.088307075	-0.0998579	-0.098383326	-0.083883355	-0.060290181	-0.031781762	-0.0045021549	0.018599495	0.042192669	0.06775194	0.095523072	0.12108234	0.14320094	0.17269241	0.19407373	0.19898897	0.19898897	0.1975144	0.19063305	0.18375171	0.17293817	0.14836195	0.12157387	0.097980695	0.076599381	0.068489227	0.078073954	0.096014597	0.11739591	0.13926875	0.1623704	0.17367546	0.17220089	0.16089583	0.1513111	0.13533655	0.11272643	0.085692583	0.064065507	0.042929955	0.0026249498	-0.046281734	-0.083637593	-0.16031541	-0.23109493	-0.34045912	-0.44195892	-0.54198415	-0.61915349	-0.66633984	-0.71524652	-0.75825491	-0.78725485	-0.80445821	-0.82387343	-0.83542425	-0.85287337	-0.84525474	-0.84402593	-0.85041575	-0.86221233	-0.87032249	-0.88359365	-0.88801737	-0.8826106	-0.89465295	-0.89981395	-0.89809362	-0.89514447	-0.88285636	-0.85483947	-0.83763611	-0.81650056	-0.80667007	-0.79462772	-0.78086504	-0.78209385	-0.79044976	-0.80421245	-0.81674632	-0.83345815	-0.86639029	-0.91210207	-0.95437317	-0.99394089	-1.0244154	-1.051695	-1.0934746	-1.0983898	-1.067178	-1.0330171	-1.0285934	-1.0212205	-0.99836461	-0.94994945	-0.93225457	-0.92045798	-0.90423767	-0.89022923	-0.87695807	-0.8695852	-0.86712758	-0.85533099	-0.83812764	-0.82559376	-0.81650056	-0.79315315	-0.77029726	-0.74424646	-0.72876344	-0.71721262	-0.69484826	-0.68821268	-0.70148384	-0.73072954	-0.76169558	-0.7882379	-0.8233819	-0.85901742	-0.89317837	-0.91628002	-0.94355963	-0.96961043	-0.99025445	-1.010407	-1.0231866	-1.0283476	-1.0327713	-1.0359662	-1.0418645	-1.045551	-1.0445679	-1.0445679
42	-0.33914314	-0.34134302	-0.33584332	-0.32126912	-0.26352226	-0.20357552	-0.18350161	-0.18405158	-0.20165062	-0.23932358	-0.27507163	-0.30092022	-0.31961921	-0.33034362	-0.33336846	-0.30806983	-0.24372334	-0.15297827	-0.074332552	-0.007236202	0.1121073	0.27902322	0.44978893	0.65217792	0.84439246	0.93816236	0.97336045	1.0228578	1.1224023	1.3055424	1.5233305	1.6869466	1.8142647	2.0067542	2.26854	2.4687291	2.5547994	2.5875226	2.6372949	2.7439891	2.91173	3.0728712	3.1286932	3.0621468	2.9136549	2.7577384	2.6757928	2.6345451	2.4552548	2.0768754	1.7158201	1.5670531	1.6187503	1.7185699	1.7122452	1.5648533	1.3434903	1.1309269	0.96456093	0.84466745	0.76519677	0.71404956	0.67582664	0.64832813	0.62055464	0.57050737	0.4926866	0.39121712	0.26032424	0.10495769	-0.034184736	-0.11833016	-0.14857851	-0.14720359	-0.13455428	-0.12410484	-0.11778019	-0.11365541	-0.10155607	-0.086706878	-0.073782582	-0.056458524	-0.028135065	0.007338005	0.046660866	0.092033397	0.13410611	0.1618796	0.17260401	0.17590383	0.17342897	0.16490443	0.15610491	0.14428055	0.13025632	0.11100736	0.082133936	0.053260507	0.035386479	0.026036988	0.014487616	-0.0047613367	-0.0256602	-0.038859482	-0.039684437	-0.028135065	-0.0064112469	0.021637227	0.048860746	0.070309579	0.098083068	0.12558157	0.15335506	0.1764538	0.19185297	0.22457619	0.25042478	0.25839935	0.25894932	0.25262466	0.24052532	0.22952592	0.21302681	0.18222849	0.15472999	0.13355614	0.11238229	0.10880748	0.12338169	0.14318061	0.17012915	0.18882813	0.20725213	0.21275183	0.19707768	0.17260401	0.1599547	0.13685596	0.10743256	0.077734175	0.057935252	0.034286539	-0.020160499	-0.086156908	-0.14087893	-0.23244895	-0.30147019	-0.41173919	-0.51925834	-0.62017785	-0.68644925	-0.72989688	-0.78186906	-0.83054141	-0.85199024	-0.86573949	-0.88333854	-0.89708779	-0.91963656	-0.89956265	-0.89736277	-0.90396241	-0.91138701	-0.91496182	-0.92321137	-0.9226614	-0.92458629	-0.94493519	-0.93751059	-0.92953602	-0.92458629	-0.91633674	-0.874814	-0.84649054	-0.81266738	-0.79451837	-0.77719431	-0.74722094	-0.74309617	-0.74777091	-0.74914584	-0.76289509	-0.78709377	-0.82806654	-0.87316409	-0.90918713	-0.96198426	-1.0065318	-1.0642787	-1.1096512	-1.095352	-1.1308251	-1.1126761	-1.076378	-1.040355	-1.0290806	-1.002957	-0.96528408	-0.93338581	-0.90808719	-0.90011262	-0.88856325	-0.87728887	-0.87893878	-0.85419012	-0.81431729	-0.79589329	-0.78929365	-0.74447109	-0.69332387	-0.63887684	-0.61495314	-0.60230383	-0.5550064	-0.53795733	-0.5605061	-0.61440317	-0.66857522	-0.71449772	-0.77994416	-0.84841544	-0.90781221	-0.9446602	-0.99305757	-1.0367802	-1.0728032	-1.1124011	-1.131925	-1.1376997	-1.1459492	-1.150349	-1.1629983	-1.1701479	-1.168773	-1.168773
42	-0.25418529	-0.24862973	-0.23292926	-0.20370222	-0.13486168	-0.051286846	-0.0024946024	0.013205872	-0.0078086091	-0.059740948	-0.1080501	-0.14307424	-0.17109354	-0.19887131	-0.22036888	-0.21312251	-0.16384717	-0.078098426	0.001128584	0.080355594	0.22528305	0.43011386	0.66562097	0.94533097	1.1975047	1.3272148	1.3704515	1.3844612	1.4078911	1.5136881	1.6873595	1.8247991	1.9211758	2.08277	2.3134462	2.4904992	2.5760064	2.629388	2.7071657	2.8390497	3.012238	3.1412235	3.1465375	3.0327694	2.8533009	2.6755233	2.5629629	2.476248	2.2535428	1.8692435	1.5264901	1.3953307	1.4557172	1.5590987	1.5646543	1.4462969	1.2711762	1.1042681	0.97431646	0.88856771	0.84050011	0.81344698	0.78373685	0.73736006	0.66827798	0.57431668	0.47069354	0.36441341	0.23760188	0.085186509	-0.057083944	-0.15249452	-0.19669739	-0.2046684	-0.19838821	-0.1909003	-0.18679402	-0.18341238	-0.17254282	-0.15732544	-0.14283269	-0.12833994	-0.11143174	-0.090175714	-0.062639497	-0.027856907	0.0071672281	0.032287987	0.045331458	0.050162374	0.052819377	0.052577831	0.049920828	0.044606821	0.035186536	0.019486062	-0.00491006	-0.030513911	-0.048629843	-0.062156405	-0.077615334	-0.096697449	-0.11288102	-0.12133512	-0.11843657	-0.10080373	-0.073025965	-0.043315836	-0.015538074	0.0081334111	0.033737262	0.060548841	0.086152692	0.10281935	0.11393045	0.1400174	0.16079033	0.1653797	0.16803671	0.16658743	0.15837487	0.15306087	0.14315749	0.11876137	0.090742062	0.06634594	0.044365275	0.035669628	0.042674455	0.056442563	0.08059714	0.10620099	0.13180484	0.14557295	0.14412367	0.13277102	0.12600774	0.11030727	0.087118875	0.058858021	0.036394265	0.015379784	-0.02713227	-0.078339971	-0.11988584	-0.19862976	-0.26433021	-0.36771179	-0.46771174	-0.56505468	-0.63437831	-0.67833964	-0.72785652	-0.77326713	-0.79959562	-0.81843618	-0.83655212	-0.84983713	-0.87664871	-0.86722843	-0.86988543	-0.8776149	-0.88558591	-0.89089991	-0.89887092	-0.89862938	-0.90152793	-0.91650376	-0.9145714	-0.91336367	-0.91577913	-0.91674531	-0.89017528	-0.87133471	-0.8517695	-0.84259076	-0.83510284	-0.82302555	-0.82544101	-0.83075502	-0.84089994	-0.86046515	-0.8829289	-0.91553758	-0.95297717	-0.98993368	-1.0408998	-1.0686776	-1.0969384	-1.12375	-1.1208515	-1.12375	-1.0983877	-1.0805133	-1.0488708	-1.0421076	-0.99573077	-0.95442645	-0.92737332	-0.90442648	-0.90201102	-0.89065837	-0.87423326	-0.87133471	-0.8544265	-0.82737338	-0.81360527	-0.8090159	-0.7778565	-0.7409	-0.70225267	-0.68534447	-0.67858119	-0.6464556	-0.63292904	-0.64573097	-0.68051355	-0.7150546	-0.74331545	-0.78582751	-0.8290642	-0.8660207	-0.888726	-0.91867768	-0.94597235	-0.96940229	-0.99548923	-1.0066003	-1.0094989	-1.0150544	-1.0165037	-1.0247163	-1.0297887	-1.0271317	-1.0271317
42	-0.30051942	-0.30804964	-0.31012694	-0.29662447	-0.24676921	-0.1880854	-0.16549473	-0.17094765	-0.19275933	-0.23326674	-0.26806156	-0.29143122	-0.31246391	-0.32778401	-0.32804368	-0.29870178	-0.22365921	-0.11875542	-0.042154882	0.016009596	0.13259821	0.29384884	0.44834824	0.62206268	0.79162252	0.87783059	0.91028844	0.96871258	1.0873785	1.2906945	1.5277667	1.6970669	1.8209261	2.0159328	2.2742974	2.4641109	2.5412308	2.5705727	2.619649	2.728188	2.9060571	3.0828875	3.1589687	3.1046992	2.9564317	2.7969987	2.709752	2.66509	2.4869613	2.1065552	1.7321214	1.5687934	1.6095605	1.7017408	1.6864207	1.5246507	1.2964071	1.0868592	0.93261945	0.8295333	0.75916467	0.70801109	0.66906166	0.64413402	0.62569796	0.59142247	0.5304017	0.43770206	0.30553367	0.14636035	0.0038054419	-0.080325321	-0.10862857	-0.10836891	-0.10810925	-0.11615879	-0.12083273	-0.11875542	-0.10888823	-0.094606777	-0.081363972	-0.065784201	-0.041895219	-0.011774329	0.025876784	0.072875759	0.11909575	0.14973596	0.16635438	0.17544258	0.17648124	0.17154764	0.16168045	0.14765866	0.13207889	0.10741092	0.070798457	0.034445658	0.01003735	-0.0029457921	-0.014890283	-0.031508705	-0.046828813	-0.057215327	-0.056176676	-0.041895219	-0.016707923	0.010556676	0.035743972	0.05833464	0.087157216	0.12169237	0.15700652	0.1837518	0.20270718	0.23672302	0.25801537	0.25671706	0.25126414	0.24373391	0.22971212	0.21958527	0.2060828	0.17648124	0.15077461	0.12766462	0.10351598	0.097803393	0.10715126	0.12169237	0.14817799	0.17024933	0.19387865	0.20478449	0.19309966	0.17102832	0.16297877	0.14687967	0.12169237	0.090792496	0.074693399	0.05833464	0.0071810589	-0.056176676	-0.10577228	-0.19431731	-0.2628683	-0.36803176	-0.47059858	-0.57160743	-0.63886011	-0.68144481	-0.73337738	-0.78349231	-0.80426534	-0.81984511	-0.84035848	-0.8569769	-0.88502049	-0.86294914	-0.86294914	-0.87541296	-0.88605914	-0.89177172	-0.90345655	-0.90813048	-0.9135834	-0.93098081	-0.92422958	-0.91955564	-0.91592037	-0.91072711	-0.86944072	-0.8429551	-0.81465185	-0.79933175	-0.78556962	-0.76142097	-0.75856468	-0.76219996	-0.76557558	-0.77985703	-0.80140905	-0.83957949	-0.88917509	-0.92500856	-0.97823945	-1.0299124	-1.0898945	-1.1298826	-1.1122255	-1.1278052	-1.1184574	-1.1179381	-1.0898945	-1.0719777	-1.0345863	-0.98369237	-0.95175384	-0.94344463	-0.95149418	-0.93357744	-0.90813048	-0.9044952	-0.88787678	-0.85126432	-0.83516522	-0.83594421	-0.80192837	-0.75778569	-0.70819009	-0.68845571	-0.68404144	-0.64119707	-0.62042404	-0.63834078	-0.68559942	-0.72636649	-0.75804535	-0.80764096	-0.8611315	-0.9065725	-0.93253879	-0.97096889	-1.005504	-1.0343266	-1.0678231	-1.0808063	-1.0831432	-1.0891155	-1.0891155	-1.1005406	-1.1072919	-1.1036566	-1.1036566
42	-0.28474114	-0.29226224	-0.300695	-0.28337366	-0.23095381	-0.18126891	-0.16577087	-0.17830605	-0.20907422	-0.23870283	-0.26582441	-0.28610861	-0.29727632	-0.31072315	-0.30889985	-0.27243387	-0.19357618	-0.082582843	-0.0060042792	0.04254106	0.15786473	0.31352889	0.44617391	0.59021454	0.73699012	0.80240098	0.81949441	0.88171449	1.0191457	1.2447789	1.4922918	1.6677843	1.8166111	2.0445235	2.3364793	2.553224	2.6332212	2.6421098	2.6639894	2.7542427	2.92267	3.1049999	3.1963927	3.1603826	3.024091	2.8661477	2.7943553	2.7745269	2.6024531	2.2056576	1.8006573	1.6071596	1.6333696	1.7104039	1.6750775	1.502092	1.2698493	1.0654119	0.91886421	0.81584781	0.74063672	0.68343071	0.63853197	0.6152849	0.60821962	0.58861915	0.53870634	0.44936468	0.31580802	0.15307857	0.0078983767	-0.08326658	-0.1240629	-0.13295148	-0.13409104	-0.13910512	-0.1443471	-0.14662623	-0.14229589	-0.14092842	-0.1425238	-0.13637017	-0.12018839	-0.092610988	-0.052498407	-0.0082834032	0.030461704	0.05872284	0.076044182	0.089718926	0.099291246	0.10111455	0.095416735	0.087895626	0.07490462	0.047783045	0.011317063	-0.023097709	-0.045888948	-0.057056655	-0.062754465	-0.071187223	-0.082354931	-0.089420215	-0.086685266	-0.069591837	-0.042014437	-0.013753301	0.013140362	0.036159513	0.056215804	0.082197817	0.11524511	0.15034362	0.18498631	0.21096832	0.22487097	0.22578262	0.22304768	0.22122438	0.21643822	0.20435886	0.18908873	0.16720914	0.13256646	0.098835421	0.077867481	0.063281088	0.063053176	0.073765058	0.0910864	0.1186638	0.14601329	0.1628788	0.170172	0.16151133	0.14829241	0.12846403	0.10544488	0.083109466	0.056899541	0.026587193	-0.016260337	-0.0689081	-0.10058792	-0.17876187	-0.26628023	-0.37886895	-0.46935017	-0.5415984	-0.60997212	-0.6592012	-0.69566718	-0.72575161	-0.75971056	-0.77634817	-0.79389742	-0.79572072	-0.79572072	-0.80438139	-0.80529304	-0.81121876	-0.84814057	-0.88756941	-0.92380748	-0.96392006	-0.97691107	-0.95594313	-0.95457566	-0.94568707	-0.92699826	-0.90808153	-0.89623008	-0.88437864	-0.86933642	-0.86295487	-0.85497794	-0.85064761	-0.84836848	-0.84289858	-0.84836848	-0.86021993	-0.87321093	-0.89691382	-0.92449122	-0.94751037	-0.98762295	-1.0268239	-1.031838	-1.0436894	-1.0589595	-1.0614666	-1.0409545	-1.0158841	-0.9867113	-0.95936182	-0.92677034	-0.91788176	-0.89349514	-0.87754127	-0.87982039	-0.87138763	-0.8579408	-0.84950804	-0.83287044	-0.82170273	-0.8100792	-0.79002291	-0.76928288	-0.75355693	-0.73919845	-0.72483996	-0.7125327	-0.71093731	-0.72142128	-0.73942636	-0.76130595	-0.79025082	-0.80233018	-0.80688843	-0.81691657	-0.84016364	-0.86409444	-0.88711359	-0.91150021	-0.92950529	-0.940673	-0.95275236	-0.95936182	-0.96300841	-0.96665501	-0.96711084	-0.96665501	-0.96688293	-0.96688293
42	-0.36906638	-0.36135754	-0.3536487	-0.31856017	-0.259016	-0.18750983	-0.12876313	-0.11121887	-0.13354793	-0.17661113	-0.21887685	-0.24918058	-0.2733704	-0.29862351	-0.31031968	-0.29038302	-0.23934516	-0.15056055	-0.067889854	0.011590978	0.15672989	0.35184337	0.5703492	0.83138658	1.0754113	1.203006	1.2460692	1.2689299	1.3109298	1.4411827	1.6381569	1.785954	1.8829791	2.0440674	2.2766618	2.4568892	2.5448764	2.59618	2.6706102	2.8083061	2.9837488	3.1161282	3.1256978	3.0281411	2.8681161	2.6982558	2.5959142	2.51856	2.3037756	1.9167385	1.5706381	1.4459675	1.5150812	1.6315113	1.6461316	1.521461	1.3258158	1.1368163	0.99141153	0.89225986	0.8316524	0.79310819	0.75961459	0.71575393	0.65142497	0.56051378	0.45445073	0.34067884	0.20351459	0.045882039	-0.096332827	-0.18538326	-0.21781356	-0.21356041	-0.19229463	-0.16943393	-0.15215548	-0.13753526	-0.11733278	-0.092611316	-0.068953142	-0.043965857	-0.017117817	0.015046667	0.056249104	0.099312298	0.13493247	0.15433749	0.1604514	0.15912229	0.15221091	0.14184385	0.12642616	0.11180594	0.097451542	0.074325013	0.045350395	0.015578311	-0.0054216413	-0.016320351	-0.027750704	-0.046624079	-0.066029098	-0.075332875	-0.07107972	-0.053269634	-0.02349755	0.0076036455	0.035514974	0.061299726	0.083628789	0.10861607	0.13626158	0.1604514	0.18384375	0.20165384	0.21653988	0.22584366	0.22797023	0.22557783	0.2168057	0.19926144	0.18171717	0.15938811	0.12775527	0.099312298	0.081768034	0.074325013	0.082033856	0.10064141	0.12376794	0.1508818	0.170021	0.1771982	0.17879313	0.16390709	0.14024891	0.11180594	0.083628789	0.056780749	0.027274487	-0.0059532857	-0.055662033	-0.12610491	-0.17102886	-0.26247169	-0.3584335	-0.47911677	-0.57268617	-0.64578727	-0.71490104	-0.76221739	-0.79757174	-0.82548307	-0.85844502	-0.87492599	-0.8906095	-0.88901457	-0.88236901	-0.89007786	-0.89140697	-0.89247026	-0.92596385	-0.96636882	-1.0006599	-1.0344193	-1.0405332	-1.0309636	-1.0314953	-1.0190016	-0.99800166	-0.96716629	-0.93766003	-0.92091323	-0.89326772	-0.87093866	-0.85073617	-0.83372355	-0.81724258	-0.80209072	-0.79863503	-0.80448311	-0.81378689	-0.82973622	-0.86349564	-0.90709048	-0.95095114	-0.99055864	-1.0059763	-1.0240522	-1.045318	-1.0586091	-1.0357484	-1.013951	-0.98816624	-0.96902704	-0.9589258	-0.93898914	-0.91187528	-0.88768546	-0.85924248	-0.8462172	-0.83930582	-0.82973622	-0.80687551	-0.7850781	-0.75769841	-0.72260988	-0.67954669	-0.63967336	-0.60192661	-0.56923049	-0.537066	-0.52111667	-0.52829387	-0.55088875	-0.58996462	-0.65057207	-0.6952302	-0.74148326	-0.79039454	-0.85498933	-0.90948288	-0.95839416	-1.0073054	-1.0410649	-1.0644572	-1.090242	-1.1059255	-1.1149634	-1.1218748	-1.1232039	-1.1253305	-1.1277229	-1.1277229
42	-0.33791361	-0.31676883	-0.29177955	-0.25549703	-0.18845847	-0.10652245	-0.047172898	-0.032515721	-0.050296558	-0.091144427	-0.14064243	-0.17788608	-0.20599902	-0.23194943	-0.24732745	-0.23243	-0.17716523	-0.086338795	-0.002961087	0.079215213	0.23155374	0.44732659	0.68832902	0.96729593	1.2243972	1.3630397	1.4134988	1.4305588	1.4557884	1.5636748	1.7465291	1.884691	1.9678284	2.1180044	2.339544	2.5106245	2.5879952	2.6379738	2.7230334	2.8655204	3.0394843	3.161307	3.1565014	3.0385232	2.8587925	2.6725743	2.5481084	2.4510347	2.226852	1.8457654	1.5096115	1.3856262	1.4478591	1.5516607	1.5619928	1.4478591	1.271973	1.1059384	0.98003086	0.89761428	0.85051909	0.82504924	0.79957939	0.75704955	0.68520536	0.58500794	0.47255616	0.35794185	0.22722867	0.073929019	-0.06879824	-0.16779425	-0.21633113	-0.22882577	-0.22522155	-0.21969507	-0.21729226	-0.21272691	-0.20263508	-0.18821819	-0.17356101	-0.15746214	-0.13872018	-0.11685456	-0.087540203	-0.052218811	-0.018339108	0.0085724288	0.025872703	0.033801995	0.035724247	0.033801995	0.03163946	0.02707411	0.015300313	-0.0041624949	-0.031314314	-0.059907822	-0.081533164	-0.09763203	-0.11252949	-0.12982976	-0.1449675	-0.15169539	-0.14400637	-0.12262131	-0.094027806	-0.061589793	-0.03083375	-0.0051236213	0.018904537	0.044614666	0.071526203	0.093151545	0.11213379	0.13183688	0.14625377	0.15105941	0.1525011	0.15129969	0.14697462	0.14120786	0.13015491	0.10876985	0.080416621	0.052063395	0.030678334	0.021547634	0.028275518	0.04821889	0.0741693	0.10132112	0.1289535	0.14601349	0.15081912	0.14192871	0.13087575	0.11261435	0.089066758	0.063596911	0.042452132	0.019865663	-0.020741924	-0.068077395	-0.10003485	-0.17211932	-0.24948999	-0.3602598	-0.46093778	-0.5546476	-0.63297939	-0.68463993	-0.73005315	-0.76705651	-0.79468889	-0.81198917	-0.82832832	-0.83217282	-0.83986183	-0.83817986	-0.83457564	-0.83866042	-0.85307732	-0.86413027	-0.87662491	-0.88311252	-0.87902773	-0.87758604	-0.87998885	-0.88215139	-0.88359308	-0.87974857	-0.86749421	-0.8571621	-0.84442718	-0.83385479	-0.82784775	-0.82544494	-0.82664634	-0.83217282	-0.83986183	-0.84971338	-0.86653309	-0.8924835	-0.93068827	-0.95759981	-0.98451134	-1.0159882	-1.0349705	-1.0565958	-1.0549138	-1.0424192	-1.0335288	-1.0289634	-0.99652542	-0.96889304	-0.94053981	-0.91795334	-0.90401701	-0.89488631	-0.88503477	-0.87758604	-0.87302069	-0.86941647	-0.85836351	-0.84731056	-0.83433535	-0.81487255	-0.79156523	-0.76705651	-0.738463	-0.71996132	-0.70049851	-0.67911345	-0.67382726	-0.67935374	-0.69737485	-0.72404611	-0.74855483	-0.77955115	-0.81198917	-0.84923281	-0.88143054	-0.91362828	-0.94390376	-0.96745135	-0.98595303	-0.99892824	-1.0068575	-1.0114229	-1.0147868	-1.018391	-1.0198327	-1.0207939	-1.0207939
42	-0.37962405	-0.38509446	-0.37597711	-0.34654111	-0.29157655	-0.22541068	-0.18477338	-0.17826099	-0.19649568	-0.23244406	-0.26891344	-0.29522349	-0.31840759	-0.33351634	-0.33638179	-0.3121557	-0.24677132	-0.14674102	-0.067029386	-0.0011240106	0.13355219	0.31850403	0.50111142	0.70924736	0.91451786	1.0194976	1.0562274	1.0999907	1.1916851	1.374553	1.5980582	1.7593049	1.8778304	2.0687737	2.3227568	2.5131791	2.5973191	2.6288391	2.6835432	2.8031106	2.9745167	3.1256041	3.1779637	3.1091929	2.955761	2.7939933	2.7098532	2.661401	2.460038	2.0674712	1.699912	1.5470011	1.5946717	1.6905341	1.6835007	1.5376232	1.3221934	1.1197884	0.96531449	0.85851132	0.79052198	0.74545625	0.71133133	0.68241632	0.64568645	0.58525148	0.5018929	0.39717369	0.26041353	0.097603804	-0.050618166	-0.14778301	-0.19180676	-0.20352906	-0.20248707	-0.19910063	-0.19962162	-0.2009241	-0.19545369	-0.18607585	-0.17617702	-0.16445472	-0.14569904	-0.11808651	-0.081617137	-0.037072397	0.0027834227	0.03221942	0.050193613	0.059310958	0.064781364	0.065562851	0.063739382	0.058529471	0.047067667	0.026488518	-0.0034684706	-0.035509424	-0.05739105	-0.067810872	-0.079012181	-0.095423401	-0.11079264	-0.11730503	-0.11027165	-0.092036959	-0.064684926	-0.034467441	-0.0073759039	0.016850183	0.040294782	0.064781364	0.092914884	0.11766196	0.14084607	0.17340801	0.19789459	0.20596995	0.20961689	0.20805392	0.19789459	0.18643279	0.17262652	0.14761895	0.12052741	0.099427273	0.085100018	0.086923486	0.10437669	0.13459417	0.17002157	0.19685261	0.21873424	0.23123802	0.2268096	0.20701194	0.18929824	0.16090422	0.1273003	0.095259344	0.070772762	0.046025685	-0.0037289661	-0.061558979	-0.10401975	-0.18060545	-0.25588866	-0.36842274	-0.47340245	-0.57108828	-0.64402704	-0.69013475	-0.73728444	-0.77687977	-0.79980338	-0.8159541	-0.83080235	-0.83809622	-0.85086051	-0.84122217	-0.83861721	-0.84617159	-0.85815438	-0.86675073	-0.88159898	-0.8920188	-0.89280029	-0.89097682	-0.88420394	-0.87769155	-0.87170015	-0.85372596	-0.81647509	-0.79329099	-0.76593896	-0.74145237	-0.71774728	-0.70263854	-0.6930002	-0.69039524	-0.69847061	-0.70967192	-0.72894859	-0.75786359	-0.80006387	-0.83991969	-0.87977551	-0.92458075	-0.96157112	-0.98866265	-0.98996513	-0.97824283	-0.98267126	-0.97120945	-0.94021048	-0.92432025	-0.89670772	-0.88837187	-0.88133849	-0.87117916	-0.86075934	-0.85424695	-0.8513815	-0.85060001	-0.85528893	-0.85607042	-0.84981852	-0.83835672	-0.81334915	-0.78860207	-0.75942657	-0.74145237	-0.72530165	-0.70055457	-0.69404218	-0.70576448	-0.73441899	-0.76698094	-0.79693793	-0.83705424	-0.87743105	-0.91702638	-0.94906733	-0.98501572	-1.0175777	-1.0441482	-1.0670718	-1.0811386	-1.0889534	-1.0939029	-1.0983313	-1.1043227	-1.1071881	-1.1079696	-1.1079696
42	-0.45865437	-0.45399606	-0.43769196	-0.41148895	-0.36461466	-0.30522116	-0.27203067	-0.26591663	-0.27698013	-0.31075291	-0.34714598	-0.36665267	-0.37888075	-0.39052653	-0.38761509	-0.35413345	-0.28484103	-0.18381385	-0.10141992	-0.035038946	0.091608966	0.25930827	0.42147583	0.61217555	0.79996384	0.90040873	0.94932103	1.0130817	1.1315776	1.3414928	1.5918772	1.7700577	1.8838953	2.0559617	2.285966	2.4562856	2.5232489	2.5494519	2.6088454	2.726759	2.879901	3.0184859	3.0746768	3.0184859	2.8874708	2.7424808	2.6621249	2.616124	2.4306649	2.0673164	1.7310443	1.6003204	1.6658279	1.7779186	1.7811212	1.6323463	1.4014686	1.1714644	0.98513182	0.85644589	0.77317853	0.72135479	0.69136689	0.67535394	0.6555561	0.60431465	0.51638897	0.40226028	0.2575614	0.09190011	-0.051634189	-0.13985101	-0.17071234	-0.16576288	-0.14771192	-0.12966095	-0.11743287	-0.1078251	-0.093267871	-0.072305458	-0.049305032	-0.024266595	0.0068858801	0.047063838	0.094520412	0.14547072	0.18797784	0.21476314	0.22582664	0.22611778	0.21767459	0.20253507	0.18826898	0.1708003	0.1492556	0.12421716	0.090153243	0.057545045	0.038620644	0.030468595	0.021734256	0.0013541322	-0.023102016	-0.039406115	-0.041444128	-0.027178041	-0.0024307479	0.024354558	0.047937272	0.06860854	0.091317821	0.1166474	0.14314156	0.16264825	0.18040808	0.20981368	0.2360167	0.24737134	0.25057393	0.24737134	0.23689013	0.22320634	0.20428194	0.17458518	0.14692644	0.12392602	0.10500162	0.10500162	0.1224703	0.15042018	0.18361067	0.20661109	0.22204176	0.22407977	0.21039597	0.18244609	0.15798994	0.12829319	0.095393846	0.066279383	0.052595586	0.037164921	-0.01640569	-0.091812148	-0.15091451	-0.24903024	-0.33258875	-0.44933775	-0.55764355	-0.65808844	-0.73262147	-0.78066033	-0.82957263	-0.8717886	-0.89508017	-0.90876396	-0.91895403	-0.92332119	-0.93205553	-0.9122577	-0.90468794	-0.90847282	-0.91662487	-0.92215662	-0.93613156	-0.95039764	-0.95680283	-0.96262572	-0.95447367	-0.94806849	-0.93962529	-0.91982746	-0.87877607	-0.84878817	-0.81297738	-0.78211605	-0.74776099	-0.71777309	-0.69681068	-0.68749405	-0.68283574	-0.67963314	-0.68836748	-0.70670959	-0.74222924	-0.77600201	-0.82986377	-0.90876396	-0.95214451	-0.97456265	-0.9827147	-0.98184126	-0.99930994	-1.0112469	-0.98358813	-0.95476481	-0.93700499	-0.92070089	-0.90759939	-0.9096374	-0.89711818	-0.88139637	-0.86538341	-0.85926938	-0.85431992	-0.84005383	-0.81880027	-0.79114154	-0.74543183	-0.69913983	-0.6467338	-0.61441675	-0.58617572	-0.54192174	-0.52794679	-0.54454204	-0.58908717	-0.64120205	-0.68953206	-0.75649532	-0.82578775	-0.89973848	-0.96029656	-1.0260952	-1.0851976	-1.1297427	-1.1696295	-1.1952503	-1.2068961	-1.216795	-1.2223267	-1.2304788	-1.2354282	-1.2363017	-1.2363017
42	-0.35771782	-0.34798286	-0.32723202	-0.29034165	-0.22603967	-0.14559816	-0.082833283	-0.057214967	-0.074635422	-0.11844274	-0.16686136	-0.20375174	-0.2301386	-0.25498837	-0.27164027	-0.25678165	-0.20528884	-0.12100457	-0.038513596	0.044745933	0.19358835	0.4013529	0.63704141	0.91602487	1.1724642	1.3118279	1.3653701	1.3830468	1.4094336	1.5252284	1.7101927	1.8434079	1.9192381	2.0573209	2.2635483	2.4223819	2.5020548	2.5640512	2.6647311	2.82254	3.0003311	3.1238114	3.1304721	3.0208257	2.8417537	2.6573018	2.5397138	2.4492811	2.2287074	1.8516058	1.5252284	1.4109707	1.4837268	1.6020834	1.6259084	1.5172868	1.3320663	1.1486392	1.0072261	0.91500014	0.86248259	0.83507099	0.81278306	0.77128138	0.69391407	0.58708569	0.46949762	0.35139718	0.21741338	0.060885472	-0.082064734	-0.17659632	-0.21451143	-0.21451143	-0.19837189	-0.18069525	-0.16967938	-0.15943205	-0.14175541	-0.11536854	-0.086932214	-0.060032981	-0.030315734	0.00017006202	0.035779522	0.078049744	0.11391539	0.13722805	0.14619447	0.14593828	0.13902134	0.12698073	0.11724577	0.10418043	0.085222872	0.061397838	0.032705324	0.0042689926	-0.016738027	-0.032877566	-0.049273289	-0.069767942	-0.090006412	-0.1007661	-0.09794809	-0.079502902	-0.05260367	-0.024167339	0.0042689926	0.029887309	0.055249442	0.080099209	0.10648607	0.12621218	0.13697187	0.15464851	0.17104423	0.17360606	0.1715566	0.1700195	0.16207782	0.15362378	0.14183935	0.11724577	0.089834169	0.063703487	0.04295265	0.036548071	0.047307764	0.069339516	0.097263481	0.1213447	0.14312027	0.15541706	0.15311141	0.13620332	0.12467508	0.10469279	0.078049744	0.050381962	0.030912042	0.012723037	-0.037488863	-0.10307175	-0.14995327	-0.23603081	-0.31211721	-0.42330071	-0.52679871	-0.62363594	-0.69895379	-0.74481058	-0.79092355	-0.8342185	-0.86111773	-0.87802582	-0.89544628	-0.90390032	-0.92721299	-0.91850276	-0.91414765	-0.92311406	-0.93797268	-0.94591436	-0.95846734	-0.96897085	-0.97127649	-0.98229237	-0.98306092	-0.98152382	-0.97742489	-0.97204504	-0.94847619	-0.92670062	-0.90518124	-0.88571132	-0.86752231	-0.85317606	-0.84574674	-0.84420965	-0.84702766	-0.85496934	-0.86598521	-0.8828933	-0.91978368	-0.95308749	-0.9894655	-1.0317357	-1.0527427	-1.0660643	-1.0632463	-1.0565855	-1.0681137	-1.0650395	-1.0212322	-0.99920046	-0.98126764	-0.95052566	-0.92362643	-0.91209818	-0.89621483	-0.87981911	-0.8570188	-0.84164781	-0.83037575	-0.80885637	-0.78118859	-0.75121516	-0.70868875	-0.66718708	-0.61928083	-0.58572083	-0.56087107	-0.52551779	-0.51142772	-0.52193123	-0.55830923	-0.60493457	-0.64515533	-0.70023471	-0.75787592	-0.82012843	-0.86905941	-0.92029605	-0.96845848	-1.0043241	-1.0353223	-1.0570979	-1.0663204	-1.0742621	-1.0788734	-1.085278	-1.0893769	-1.0888646	-1.0888646
42	-0.45398717	-0.46606982	-0.46761888	-0.44531245	-0.40751545	-0.36940864	-0.34369429	-0.34772184	-0.36940864	-0.39481318	-0.41835885	-0.43261018	-0.44593207	-0.45181849	-0.43415924	-0.38273053	-0.3034188	-0.19281611	-0.10575909	-0.050302835	0.059060612	0.19630709	0.30226261	0.41782229	0.54732348	0.61981936	0.66722051	0.76016395	0.93303875	1.2140377	1.5179628	1.7094263	1.8187897	1.9867075	2.2097718	2.3646775	2.4182749	2.4371734	2.4941787	2.6084991	2.7702207	2.9412367	3.0397567	3.0159012	2.8947649	2.7562792	2.6998935	2.6881207	2.529807	2.1654687	1.8039188	1.6508719	1.7112851	1.8324214	1.837998	1.6648134	1.3906303	1.1291494	0.92839158	0.78742736	0.69200543	0.62973333	0.59751293	0.59007746	0.59162652	0.57396726	0.51572271	0.41596342	0.27190109	0.10832063	-0.027996409	-0.10204135	-0.11133569	-0.089339079	-0.068891523	-0.059287367	-0.04720472	-0.027686598	0.00050624511	0.036754186	0.069904013	0.10553233	0.15634141	0.21303691	0.27561882	0.33913017	0.3859117	0.41596342	0.42649701	0.41534379	0.38870001	0.35493056	0.3236396	0.29048977	0.25176334	0.21117804	0.16222783	0.11420705	0.083225906	0.064637218	0.048836833	0.030867768	0.014137949	0.0042239827	0.0101104	0.025910785	0.052554571	0.08415534	0.10770101	0.13217612	0.16067877	0.19351879	0.22976673	0.25548108	0.27004222	0.29513695	0.31589431	0.31310601	0.30412148	0.2938977	0.27468939	0.25919882	0.2452573	0.21117804	0.17616934	0.15386292	0.1371331	0.13806253	0.16067877	0.18949124	0.21892333	0.24091994	0.25393202	0.25362221	0.23503352	0.19568747	0.17059274	0.13589385	0.092830061	0.055342874	0.037373809	0.021883236	-0.050612646	-0.14882288	-0.21574216	-0.32014862	-0.39729167	-0.51099248	-0.6222148	-0.72631145	-0.79570921	-0.83443565	-0.88245642	-0.92923796	-0.94441872	-0.95805042	-0.97354099	-0.97725873	-1.0032829	-0.98004703	-0.96641533	-0.97694892	-0.989961	-0.99120025	-1.0023535	-1.0057614	-0.99460817	-1.0020436	-0.98748251	-0.97385081	-0.96362703	-0.95154438	-0.89577832	-0.8548832	-0.81708621	-0.78331676	-0.75450429	-0.72724088	-0.71051106	-0.70803257	-0.71577786	-0.72259371	-0.74830806	-0.78548544	-0.83071791	-0.8818368	-0.93822249	-0.99925535	-1.0454173	-1.065555	-1.0689629	-1.0841437	-1.0801161	-1.0674139	-1.0355033	-1.0091693	-0.96889382	-0.94070098	-0.9196338	-0.9060021	-0.89422926	-0.87966812	-0.85023603	-0.83567489	-0.81491753	-0.77681072	-0.73839409	-0.70369521	-0.63460725	-0.55963288	-0.48248983	-0.43446905	-0.39946035	-0.34462372	-0.3251056	-0.34772184	-0.41340187	-0.49488228	-0.56273099	-0.65722349	-0.75636316	-0.86355792	-0.94689721	-1.0345739	-1.1141954	-1.1730596	-1.226657	-1.2613558	-1.2743679	-1.2870702	-1.2945057	-1.3056589	-1.315263	-1.3155728	-1.3155728
42	-0.41478754	-0.42566042	-0.43198186	-0.42262613	-0.39026036	-0.35941174	-0.36244603	-0.38596178	-0.41352325	-0.435269	-0.44083187	-0.44310759	-0.4466476	-0.4400733	-0.41478754	-0.36067602	-0.26661301	-0.14422995	-0.066349824	-0.028674047	0.059573241	0.17639343	0.24694069	0.31015508	0.38677092	0.41079239	0.41913669	0.5281183	0.77111442	1.1033693	1.4237398	1.6439787	1.826289	2.0814223	2.3813114	2.5871374	2.6356861	2.5947231	2.5540131	2.586126	2.7312662	2.9332994	3.0761639	3.0933583	3.005111	2.9047265	2.8984051	2.9325408	2.7916992	2.4060914	1.9969679	1.8002447	1.8240133	1.9016406	1.8505633	1.6353816	1.3549625	1.1028635	0.91119751	0.7706087	0.66466138	0.58045982	0.52483115	0.52432544	0.57110409	0.60877986	0.59386127	0.51092399	0.36780661	0.19662204	0.044654645	-0.049661225	-0.08961272	-0.098462734	-0.098209877	-0.099474164	-0.10149702	-0.10276131	-0.10200274	-0.1022556	-0.10124417	-0.094669871	-0.075199839	-0.037018347	0.015323168	0.070193259	0.11697191	0.14933768	0.16956628	0.18043916	0.18574916	0.18397916	0.175382	0.16273913	0.14326909	0.11140904	0.067917541	0.027966046	0.0034388628	-0.0043997216	-0.0061697245	-0.016284027	-0.032466911	-0.045615504	-0.045868362	-0.033225483	-0.011985448	0.012794593	0.033528913	0.048700366	0.06387182	0.086123285	0.1182362	0.15034911	0.18220916	0.21811493	0.24592926	0.25806643	0.26008929	0.25730785	0.24946927	0.23682639	0.22013779	0.19586347	0.16248627	0.12936193	0.10913332	0.10660475	0.1200062	0.14731481	0.17816344	0.2004149	0.21760922	0.22418351	0.22064351	0.20623063	0.18726631	0.16299198	0.1402348	0.11899477	0.10281188	0.085364712	0.045666075	-0.012744021	-0.053201231	-0.14018423	-0.23222438	-0.34727457	-0.44942903	-0.55487063	-0.63983077	-0.69191943	-0.73743379	-0.77864957	-0.81430249	-0.8314968	-0.85096683	-0.85425398	-0.85754113	-0.85754113	-0.85374827	-0.85425398	-0.8732183	-0.89091833	-0.8982512	-0.90330835	-0.90027406	-0.91139979	-0.92555982	-0.91822695	-0.9000212	-0.87220687	-0.85248398	-0.83351966	-0.8029239	-0.77915529	-0.7546281	-0.73718093	-0.72302091	-0.71619375	-0.71265375	-0.71366518	-0.71973376	-0.73288235	-0.76221383	-0.80090104	-0.84388682	-0.89015976	-0.9065955	-0.90634264	-0.91064122	-0.91443408	-0.94781128	-0.948317	-0.94806414	-0.93036411	-0.92277838	-0.94578842	-0.95413272	-0.94325984	-0.91620409	-0.9048255	-0.90533121	-0.89192976	-0.87751688	-0.87852831	-0.863104	-0.83099109	-0.79508531	-0.76853527	-0.74046808	-0.71568804	-0.68939085	-0.66916225	-0.66309367	-0.66865653	-0.68863228	-0.72175662	-0.75209953	-0.7880053	-0.82492251	-0.87119544	-0.91443408	-0.95590272	-0.9953485	-1.0224043	-1.04061	-1.0572986	-1.0664015	-1.0694358	-1.0699415	-1.0691829	-1.0701943	-1.0727229	-1.0727229
42	-0.61332556	-0.61047867	-0.60620834	-0.57802412	-0.53275857	-0.48407674	-0.47496669	-0.49147866	-0.50742124	-0.521371	-0.52393321	-0.52364852	-0.52023225	-0.50912938	-0.48436143	-0.42827769	-0.33518438	-0.21105996	-0.12024417	-0.076117366	0.019822836	0.14508601	0.21995922	0.30479655	0.41127025	0.45482767	0.47532528	0.57525113	0.79560044	1.1238469	1.4580718	1.681268	1.8233278	2.0217561	2.279115	2.45306	2.4883614	2.4598925	2.4567609	2.5236628	2.6773949	2.8789547	3.0147514	3.0193064	2.9151102	2.7938327	2.7699188	2.8015193	2.674548	2.3070145	1.9218302	1.7478852	1.8065312	1.9209762	1.9030408	1.7009115	1.396579	1.1124593	0.8978038	0.74748799	0.64955497	0.58009084	0.53567935	0.53909562	0.57439706	0.59233247	0.56898797	0.4904138	0.35632527	0.19490659	0.056547721	-0.021741762	-0.038538414	-0.017471426	0.0018874277	0.0092893424	0.011851544	0.018114702	0.030071641	0.043736715	0.060533367	0.085016624	0.12544247	0.18238027	0.24785875	0.31476067	0.36913627	0.39902862	0.40557647	0.39646642	0.38023915	0.35774871	0.33383483	0.30906689	0.28401425	0.24785875	0.19519128	0.14451663	0.1114927	0.093557295	0.077899398	0.059963989	0.04231327	0.030071641	0.028648196	0.037758245	0.057686477	0.081315666	0.10209797	0.11804055	0.13882285	0.16843051	0.20600946	0.23817932	0.2646554	0.29113148	0.30735875	0.30963627	0.30394249	0.29625588	0.27860516	0.25469128	0.23305492	0.19946161	0.1581817	0.12316495	0.10466017	0.10494486	0.12288026	0.15419606	0.18921281	0.21227262	0.22024391	0.22081329	0.2154042	0.18778936	0.15590419	0.12259558	0.089286959	0.060533367	0.040320446	0.018399391	-0.040531237	-0.12109823	-0.16921068	-0.26002648	-0.36023702	-0.48350736	-0.59311264	-0.69930165	-0.7912562	-0.8536031	-0.90143086	-0.93587823	-0.96463182	-0.9808591	-1.0013567	-1.0070505	-1.009328	-1.0087586	-1.0036342	-1.0024955	-1.013883	-1.0247012	-1.0323878	-1.0392203	-1.0426366	-1.0323878	-1.0261247	-1.0155912	-0.99737106	-0.96434713	-0.92819163	-0.90854808	-0.87894042	-0.8459165	-0.80862223	-0.78300022	-0.76050979	-0.75367725	-0.75424663	-0.74883754	-0.75424663	-0.76961984	-0.80349783	-0.83225142	-0.83623707	-0.86840693	-0.90854808	-0.90171555	-0.9028543	-0.92050502	-0.92562942	-0.93473947	-0.92989976	-0.90683995	-0.91822751	-0.92135909	-0.92420598	-0.93986388	-0.93018445	-0.91623469	-0.89915334	-0.87410071	-0.85047152	-0.82314137	-0.78271553	-0.72577773	-0.64663418	-0.57688537	-0.49916526	-0.44393559	-0.39582314	-0.3528351	-0.33888534	-0.34714132	-0.38044994	-0.43824181	-0.49745713	-0.57830881	-0.66713179	-0.77702175	-0.87637822	-0.96491651	-1.0437754	-1.0987204	-1.1362993	-1.1653376	-1.1804261	-1.1909596	-1.2000696	-1.2037706	-1.2063328	-1.2094644	-1.2094644
42	-0.52914952	-0.53569725	-0.53962589	-0.51893505	-0.48305346	-0.4563387	-0.44638614	-0.45529106	-0.47257708	-0.48933929	-0.49981566	-0.49091074	-0.48357728	-0.48436301	-0.46524362	-0.40998073	-0.31385998	-0.18709582	-0.10328481	-0.070022317	0.023217433	0.14343385	0.2002682	0.26469791	0.35715193	0.3896287	0.4006289	0.49858302	0.72094411	1.036283	1.34586	1.5585304	1.7345335	1.9943477	2.3091628	2.5325715	2.5904535	2.5472384	2.5097854	2.5595482	2.7303131	2.9594839	3.1202962	3.1451776	3.048795	2.9238642	2.8934827	2.927269	2.8054811	2.4220457	1.9982763	1.7866535	1.8042014	1.8832981	1.8390354	1.6302936	1.3424551	1.0831648	0.89066141	0.75394469	0.65310957	0.57217956	0.51822622	0.51141658	0.55253635	0.59339422	0.5954895	0.53655988	0.40586708	0.23745933	0.089218605	-0.0037592359	-0.040688463	-0.045140923	-0.037807459	-0.030212087	-0.033616909	-0.035450275	-0.030997815	-0.032307362	-0.033616909	-0.022616714	0.0059314123	0.050456012	0.10650463	0.16360088	0.20943503	0.23745933	0.24898335	0.25212626	0.24924526	0.2392927	0.22462577	0.20367302	0.17774399	0.14160049	0.094718703	0.053075106	0.026360346	0.013526785	0.0051456841	-0.0074259677	-0.021830985	-0.02864063	-0.025235808	-0.013973703	0.0085505064	0.037360542	0.060670479	0.080313685	0.099956891	0.12274301	0.1557436	0.19188709	0.22907823	0.26286455	0.28329348	0.29246031	0.29193649	0.28512685	0.27596002	0.25474535	0.23143542	0.20393493	0.16910098	0.13819567	0.11750482	0.11488573	0.13295748	0.16621997	0.2002682	0.22095904	0.23719742	0.24610234	0.24348325	0.22122095	0.19162519	0.16124369	0.13269557	0.10702845	0.082147051	0.057265657	0.011955329	-0.048807655	-0.09097507	-0.18342909	-0.27850221	-0.39636144	-0.49850612	-0.59986506	-0.6899619	-0.74548669	-0.79079702	-0.8237976	-0.85810774	-0.88037004	-0.89817988	-0.8987037	-0.90551334	-0.90577525	-0.89634651	-0.89425124	-0.91206108	-0.92594228	-0.92594228	-0.92803755	-0.9293471	-0.92856137	-0.93118046	-0.92070409	-0.90001324	-0.86989366	-0.8431789	-0.8235357	-0.78870174	-0.75753452	-0.72977213	-0.70829555	-0.69231908	-0.68472371	-0.68053316	-0.67581879	-0.68262843	-0.69939063	-0.72741494	-0.76565372	-0.80232103	-0.84265508	-0.87408421	-0.90210852	-0.92332318	-0.91729926	-0.90918007	-0.91127535	-0.91337062	-0.92279936	-0.93301383	-0.93563292	-0.92515655	-0.93118046	-0.93589483	-0.93301383	-0.93249001	-0.93118046	-0.90656098	-0.88115577	-0.85810774	-0.8235357	-0.77246336	-0.72741494	-0.68289034	-0.64491348	-0.60746043	-0.58126949	-0.57472175	-0.58336476	-0.61243671	-0.65800895	-0.704105	-0.76146316	-0.81698796	-0.88272722	-0.93877584	-0.98644335	-1.0288727	-1.0574208	-1.0775878	-1.0948738	-1.1024692	-1.1063979	-1.108755	-1.109017	-1.1103265	-1.1124218	-1.1124218
42	-0.46327558	-0.44967434	-0.4308799	-0.39873152	-0.34877788	-0.28299733	-0.23996796	-0.23551664	-0.25752592	-0.29412562	-0.31588761	-0.32924155	-0.3472941	-0.36040075	-0.35446567	-0.32355376	-0.25505297	-0.14649035	-0.062162663	-0.0038009808	0.11861018	0.29270604	0.45913576	0.65672467	0.853819	0.95199522	0.97944499	1.0249473	1.1327681	1.3254111	1.5603416	1.7371577	1.8761376	2.0875751	2.363062	2.562382	2.6286571	2.6323665	2.6588271	2.7599709	2.9338195	3.110141	3.1801256	3.114345	2.9634949	2.8067097	2.7278225	2.6934485	2.5183634	2.131099	1.7411144	1.5655348	1.6043601	1.7035255	1.6936337	1.5343756	1.3090896	1.0988886	0.94432906	0.83452997	0.75935221	0.71063504	0.66958403	0.64337073	0.62259793	0.58303068	0.51823932	0.42674008	0.29864113	0.1381465	-0.011219839	-0.10865417	-0.15267273	-0.16157536	-0.15539298	-0.15465109	-0.15811323	-0.1593497	-0.15786593	-0.15118896	-0.14154444	-0.13041616	-0.10939606	-0.077742265	-0.038175023	0.0073273061	0.046894548	0.07607539	0.091407696	0.095859011	0.09956844	0.098331964	0.094622535	0.09017122	0.077064571	0.053324225	0.019939365	-0.014187382	-0.037927727	-0.053260034	-0.066613978	-0.081698989	-0.095052934	-0.098020477	-0.090107028	-0.073538246	-0.04930331	-0.020122468	0.0090583729	0.031809537	0.053571521	0.08126859	0.11490075	0.14655454	0.17721915	0.20936754	0.22766739	0.23310788	0.23409706	0.23112952	0.22247419	0.20466893	0.18265965	0.15595176	0.12479256	0.093386058	0.071624075	0.066925465	0.082505067	0.11267509	0.14630724	0.17697186	0.20170138	0.21307697	0.21381885	0.195519	0.17004759	0.14235052	0.11168591	0.080526705	0.050109387	0.022906908	-0.020617059	-0.070323407	-0.099256953	-0.17418742	-0.26222453	-0.37696954	-0.47687682	-0.57628952	-0.66333745	-0.71749512	-0.76101908	-0.79415665	-0.82383208	-0.84188463	-0.85820612	-0.86142096	-0.87007629	-0.87007629	-0.86785064	-0.87452761	-0.89134369	-0.89975173	-0.90222468	-0.90964354	-0.9168151	-0.91953535	-0.91904076	-0.91088001	-0.89703148	-0.87304384	-0.8540021	-0.83743332	-0.8124565	-0.79193099	-0.77264196	-0.76101908	-0.75458941	-0.75013809	-0.74890161	-0.75557859	-0.76893253	-0.78550131	-0.81863888	-0.85721694	-0.88615049	-0.91533133	-0.92077182	-0.92126641	-0.93808249	-0.94006085	-0.95044726	-0.94624324	-0.93338388	-0.93709331	-0.93560954	-0.92299748	-0.90914895	-0.91360026	-0.91582592	-0.91186919	-0.91038542	-0.90197738	-0.89431123	-0.88689237	-0.86216285	-0.82951987	-0.79959714	-0.76893253	-0.72936529	-0.69870068	-0.67174549	-0.64874703	-0.64058629	-0.64553219	-0.666305	-0.70067904	-0.73455849	-0.77536221	-0.81690781	-0.86587227	-0.90741788	-0.94550135	-0.9796281	-1.002132	-1.0191953	-1.0345276	-1.0414519	-1.044914	-1.0471397	-1.0478816	-1.0496127	-1.0510964	-1.0510964
42	-0.51350416	-0.50987581	-0.5075433	-0.47696149	-0.41735289	-0.35981762	-0.33752919	-0.34038003	-0.3551526	-0.36707432	-0.3841794	-0.40335782	-0.40931868	-0.41631622	-0.41191036	-0.37562686	-0.29865401	-0.18798933	-0.10583312	-0.052185378	0.063662654	0.21501668	0.34330477	0.50528468	0.67011544	0.7413866	0.76834005	0.83935205	0.99018774	1.2312138	1.4947876	1.6803517	1.8239307	2.0465559	2.3388973	2.5472682	2.6073952	2.5980651	2.608691	2.6929206	2.8624163	3.048758	3.1412809	3.1044791	2.976191	2.8396096	2.7851843	2.7698934	2.5980651	2.2051666	1.8099357	1.6300732	1.6694667	1.7645813	1.7459212	1.5733154	1.3299568	1.1070724	0.93913167	0.82095113	0.74190493	0.68151882	0.63538694	0.61828187	0.62087354	0.61024766	0.56048743	0.46951952	0.33449306	0.17121731	0.024528308	-0.06643961	-0.1011681	-0.10401895	-0.094429738	-0.08820971	-0.087432206	-0.083026353	-0.076287988	-0.067476281	-0.058664574	-0.044928678	-0.018234389	0.019604118	0.065735997	0.11549622	0.15592641	0.18158403	0.19039574	0.18702655	0.18313904	0.17588234	0.16499729	0.15022472	0.12819545	0.097354475	0.058220129	0.021936629	0.00042569699	-0.014087703	-0.027305264	-0.04104116	-0.055295392	-0.062552092	-0.05918291	-0.044410342	-0.017975221	0.011310747	0.03515419	0.056665122	0.080767732	0.10875786	0.14141301	0.17147648	0.2043908	0.23523177	0.25363269	0.26348107	0.26374024	0.25726104	0.24430265	0.22331005	0.20024411	0.1673298	0.13234214	0.10435201	0.086987761	0.082581907	0.097354475	0.13052796	0.1688848	0.19661576	0.21553502	0.2261609	0.22460589	0.20153995	0.17354982	0.14348635	0.11445955	0.086987761	0.058479297	0.029711665	-0.014346871	-0.073955478	-0.11386733	-0.19991106	-0.28880563	-0.40283949	-0.50261911	-0.60524958	-0.69440332	-0.7477919	-0.79107293	-0.82243225	-0.85405072	-0.86985996	-0.88800171	-0.89188923	-0.89318507	-0.89733176	-0.89681342	-0.89759092	-0.91080848	-0.92324854	-0.93413359	-0.94424114	-0.94424114	-0.93983528	-0.94812866	-0.93983528	-0.92480355	-0.9074393	-0.87582082	-0.85197738	-0.82398725	-0.79962547	-0.77085784	-0.7470144	-0.73198266	-0.72420763	-0.72161595	-0.72550347	-0.72939098	-0.74494106	-0.77630037	-0.81802639	-0.85923408	-0.89836843	-0.92273021	-0.93853944	-0.96367873	-0.98752217	-0.97560045	-0.95564452	-0.95305284	-0.95901371	-0.95175701	-0.95642203	-0.94216779	-0.92972774	-0.93802111	-0.92998691	-0.90925348	-0.9001826	-0.88515087	-0.86674995	-0.84394318	-0.80610467	-0.75090192	-0.7115084	-0.66926404	-0.63246221	-0.5946237	-0.56585607	-0.55989521	-0.56741108	-0.59514204	-0.64334726	-0.68507328	-0.7389802	-0.79210961	-0.85456906	-0.91003098	-0.95953204	-1.0028131	-1.0323582	-1.0528325	-1.0738251	-1.0862651	-1.0917076	-1.0961135	-1.0979277	-1.0987052	-1.1012969	-1.1012969
42	-0.46740596	-0.45578364	-0.44246639	-0.40251465	-0.34585583	-0.28483863	-0.24222344	-0.23423309	-0.24997166	-0.27975386	-0.30735688	-0.32115839	-0.32866447	-0.33810761	-0.33278071	-0.29549242	-0.21801027	-0.10808246	-0.024304875	0.041554958	0.16988478	0.34228258	0.5110484	0.70209034	0.88950031	0.98925859	1.0255783	1.0783631	1.1972498	1.4095993	1.6619006	1.8420466	1.9621439	2.1488275	2.3945912	2.5606936	2.6064565	2.6052458	2.6345438	2.734302	2.8970146	3.0449571	3.0902357	3.024618	2.8844237	2.7333335	2.6611783	2.6280062	2.4425333	2.0604494	1.6977361	1.5507621	1.6115372	1.7231599	1.7248548	1.5715854	1.3427709	1.1294529	0.96528755	0.85269629	0.78247808	0.73598879	0.70451166	0.68659391	0.66577058	0.62097621	0.54373619	0.43526117	0.29458263	0.12993304	-0.017767318	-0.11123017	-0.15336109	-0.15868799	-0.14488648	-0.13447482	-0.13060071	-0.12430528	-0.11340936	-0.099607846	-0.083627151	-0.06256169	-0.032537354	0.0052351973	0.047850384	0.095066073	0.13598634	0.16189443	0.17254823	0.17109544	0.1662528	0.15729393	0.14494521	0.13065944	0.11225743	0.085138671	0.046639725	0.0088671734	-0.014619605	-0.028905378	-0.04173836	-0.059413977	-0.076847462	-0.085564205	-0.081690097	-0.065225139	-0.04028557	-0.01244042	0.014678335	0.03622806	0.057777785	0.083201618	0.11080464	0.13574421	0.15656753	0.17787513	0.19409795	0.19966698	0.19990912	0.1974878	0.18973958	0.17593807	0.15802033	0.12896452	0.093129019	0.058262048	0.035259533	0.025816395	0.029932635	0.050029569	0.07932751	0.10547774	0.12848025	0.14034471	0.14300816	0.13283862	0.11540514	0.094339678	0.072063557	0.04881891	0.030174767	0.011046359	-0.030116037	-0.087501259	-0.12261036	-0.20880926	-0.29476603	-0.40905221	-0.50929475	-0.60590531	-0.69258848	-0.74779451	-0.79186249	-0.82818225	-0.86377562	-0.88363042	-0.90493801	-0.91026491	-0.91777099	-0.92140297	-0.92188723	-0.92285576	-0.93786793	-0.95070091	-0.95965979	-0.96837653	-0.9720085	-0.97709327	-0.98217804	-0.97903032	-0.97007145	-0.95166944	-0.93278316	-0.92043444	-0.9017903	-0.88459895	-0.86571267	-0.85287969	-0.84392081	-0.83714113	-0.83278275	-0.82987717	-0.83447768	-0.84634213	-0.86910251	-0.89137864	-0.90953852	-0.9376258	-0.97370343	-0.98702067	-0.96595521	-0.9528801	-0.96111258	-0.96304963	-0.95457502	-0.94706894	-0.94585828	-0.94464762	-0.94537401	-0.95239583	-0.93302529	-0.91486541	-0.90784359	-0.89355782	-0.87564007	-0.8567538	-0.82842438	-0.78992544	-0.74101482	-0.70130522	-0.6584479	-0.62237027	-0.58629264	-0.55675257	-0.54391959	-0.54513025	-0.56571145	-0.60203121	-0.63617178	-0.68120828	-0.72769758	-0.78629346	-0.83689899	-0.88459895	-0.92939332	-0.96135471	-0.98629428	-1.0063912	-1.0163186	-1.0230983	-1.0260039	-1.0257618	-1.0269724	-1.0289095	-1.0289095
42	-0.57015885	-0.56157356	-0.55544122	-0.52894949	-0.49092895	-0.44481371	-0.42273727	-0.44260607	-0.46468251	-0.48160778	-0.49215542	-0.48577778	-0.48651366	-0.48062661	-0.45119135	-0.39820789	-0.30450565	-0.18259463	-0.10164767	-0.057004194	0.039641568	0.16694906	0.25476424	0.34527766	0.45198046	0.49515218	0.50349217	0.59277911	0.80839237	1.1231043	1.4407598	1.6583354	1.8268523	2.0630702	2.3505546	2.5467896	2.5904519	2.5477708	2.5097503	2.5512049	2.7050041	2.916938	3.061416	3.0746619	2.9858655	2.8825968	2.8681245	2.9019751	2.7626482	2.3664987	1.9524427	1.7579247	1.7910394	1.8864587	1.8609481	1.6649584	1.3865499	1.1282555	0.93569986	0.80103356	0.7004631	0.62025202	0.56775914	0.56187209	0.59645852	0.62761083	0.60847792	0.5260592	0.38599643	0.21330959	0.058774485	-0.038361865	-0.079571225	-0.085212983	-0.076872993	-0.070985941	-0.067551828	-0.062645952	-0.055041844	-0.050871849	-0.047928323	-0.035173045	-0.0040207309	0.039886861	0.091889149	0.15051437	0.19589373	0.22581957	0.23906544	0.24127308	0.23955602	0.23023486	0.21797017	0.20325254	0.18044022	0.14462732	0.097040319	0.049943908	0.02369747	0.014131011	0.006526903	-0.0067189628	-0.019964829	-0.030757756	-0.033210694	-0.01873836	0.0077533721	0.034735691	0.055585665	0.070303294	0.086983273	0.113475	0.14438203	0.17381728	0.20619607	0.23955602	0.26187776	0.27046304	0.2721801	0.27021775	0.25893424	0.2366125	0.21551723	0.18559139	0.14708026	0.11543736	0.094096794	0.090907974	0.10905972	0.13874027	0.17160964	0.19736549	0.21429076	0.21993252	0.21821546	0.20055431	0.17823257	0.15296731	0.12917381	0.10930501	0.095323263	0.075699758	0.027622171	-0.035418339	-0.075646524	-0.16444288	-0.26010747	-0.3817732	-0.48160778	-0.57923472	-0.66655932	-0.72150513	-0.76762037	-0.80318797	-0.8377744	-0.85837908	-0.87628553	-0.87971964	-0.88756904	-0.88805963	-0.88290846	-0.88609728	-0.90449431	-0.91651371	-0.92632546	-0.93981662	-0.94840191	-0.95723248	-0.95723248	-0.94913779	-0.93589192	-0.91577783	-0.88977668	-0.86598319	-0.83900087	-0.81643384	-0.78896093	-0.76663919	-0.74701569	-0.73180747	-0.72322219	-0.71341043	-0.71537278	-0.72812806	-0.75192156	-0.79362151	-0.84071792	-0.8811914	-0.91087195	-0.94300544	-0.94177897	-0.95232661	-0.97857304	-0.98519598	-0.98347892	-0.98691303	-0.99966831	-0.98396951	-0.98078069	-0.97783716	-0.9606666	-0.94668485	-0.93000487	-0.92166488	-0.91087195	-0.89075786	-0.86647377	-0.83507616	-0.78479093	-0.73401511	-0.68544694	-0.64669052	-0.61038703	-0.57948001	-0.56525297	-0.56746062	-0.59027294	-0.62951995	-0.6670499	-0.71242926	-0.76099743	-0.82133971	-0.87358729	-0.92338194	-0.96778012	-0.99721537	-1.0170842	-1.032783	-1.0406324	-1.0433306	-1.0421041	-1.0406324	-1.0398965	-1.0406324	-1.0406324
42	-0.59839356	-0.59478158	-0.59503958	-0.57233573	-0.53518397	-0.49442024	-0.48358432	-0.50628817	-0.52125207	-0.52460604	-0.52331605	-0.5160921	-0.5006122	-0.48977627	-0.46397645	-0.39741289	-0.2890536	-0.16753641	-0.087556936	-0.043181229	0.044280192	0.16192741	0.22745898	0.29402254	0.38664393	0.42198969	0.42663366	0.52544701	0.7687394	1.1139411	1.4503709	1.6817954	1.8598142	2.0994946	2.3861307	2.5700835	2.5837574	2.5099699	2.4490823	2.4668842	2.6025913	2.8051199	2.9545009	2.9864927	2.9219932	2.8422717	2.8515596	2.9088352	2.786802	2.4031586	1.9952633	1.8017646	1.8396903	1.9485656	1.9297317	1.7217851	1.4212171	1.1438689	0.9351483	0.78267131	0.66786207	0.57936865	0.52338302	0.52131904	0.57111271	0.62039038	0.60774846	0.52596301	0.38973991	0.21842904	0.064404059	-0.029765318	-0.061757106	-0.053501161	-0.033893291	-0.021509373	-0.014027422	-0.0068034699	0.0014524755	0.0073864362	0.014610388	0.03550825	0.074207994	0.13122562	0.19701518	0.25945077	0.30872844	0.33633426	0.34381621	0.33917224	0.32756232	0.31105043	0.28963657	0.26486873	0.23545693	0.1949512	0.14515752	0.099749825	0.074981989	0.064920056	0.056922108	0.042732202	0.022092339	0.0060964448	0.0022264704	0.011772407	0.032670269	0.057954102	0.077303974	0.088655899	0.1028458	0.12709764	0.15625145	0.18282528	0.2099151	0.24268088	0.26744872	0.27338268	0.27389867	0.27157669	0.25867677	0.23881091	0.21455907	0.1794713	0.13767557	0.10103982	0.076013982	0.072144008	0.089171895	0.1190997	0.15444546	0.17740731	0.18927523	0.19185522	0.18617925	0.1637334	0.14231954	0.1180677	0.090977883	0.064920056	0.052020141	0.038346231	-0.011189441	-0.082654968	-0.12961066	-0.22455403	-0.32285138	-0.44153059	-0.54343992	-0.64354326	-0.72687671	-0.78312033	-0.832914	-0.87316174	-0.90644352	-0.92527739	-0.94411127	-0.94720725	-0.95365721	-0.9544312	-0.95159322	-0.9539152	-0.96578313	-0.97455507	-0.98100502	-0.99467893	-1.0086108	-1.0135128	-1.0132548	-1.0008709	-0.98203702	-0.95804318	-0.92501939	-0.90205755	-0.86929176	-0.83936396	-0.80530819	-0.78079835	-0.76428646	-0.74674257	-0.7273927	-0.7124288	-0.71552478	-0.72274873	-0.74029262	-0.76867243	-0.79937423	-0.83343	-0.84374993	-0.87083975	-0.90644352	-0.92089142	-0.91444146	-0.92682538	-0.94101529	-0.92734138	-0.93766131	-0.95907517	-0.97274908	-0.9691371	-0.94746525	-0.94127329	-0.92992136	-0.9085075	-0.89199561	-0.87548372	-0.83884796	-0.79189228	-0.72919869	-0.66934309	-0.60819749	-0.55969381	-0.5155761	-0.47378038	-0.45443051	-0.45855848	-0.49132426	-0.54111793	-0.59013761	-0.65463718	-0.72094274	-0.79885823	-0.86593779	-0.93172735	-0.99029296	-1.0295087	-1.0594365	-1.0808504	-1.0888483	-1.0940083	-1.0955563	-1.0963303	-1.0952983	-1.0945243	-1.0945243
42	-0.41347936	-0.40426129	-0.38984329	-0.35651643	-0.29884442	-0.23053617	-0.18846397	-0.18680944	-0.2069001	-0.23691791	-0.2676448	-0.28962635	-0.30333527	-0.31420786	-0.31373514	-0.28277189	-0.20879099	-0.10195595	-0.020411507	0.044114965	0.17174975	0.34760211	0.52534536	0.72956101	0.93188577	1.0330482	1.0623569	1.1117563	1.2171731	1.4114616	1.6518405	1.829111	1.9498913	2.1380344	2.3954313	2.5734109	2.6247011	2.6254102	2.6533008	2.7575358	2.9277156	3.0846591	3.1418584	3.0768592	2.9239338	2.7624994	2.6816641	2.6414827	2.4512124	2.0560173	1.6828037	1.5272784	1.5790414	1.6813856	1.6766583	1.5253875	1.3043902	1.1044291	0.95268551	0.84963225	0.78534213	0.74374265	0.71183395	0.68347067	0.65510739	0.60972613	0.53929064	0.4378919	0.30103905	0.13724108	-0.01473885	-0.11495579	-0.16080977	-0.17404596	-0.17097328	-0.16530062	-0.1660097	-0.16506426	-0.15726435	-0.14780993	-0.1395373	-0.12677382	-0.1040832	-0.072647223	-0.034356788	0.0086608597	0.047896737	0.077678185	0.095168877	0.10296878	0.10604147	0.10273242	0.096587042	0.089496221	0.07602366	0.050023983	0.013624434	-0.023720557	-0.049247513	-0.063192794	-0.074774469	-0.089192472	-0.10550136	-0.11401035	-0.10904677	-0.090846997	-0.065556401	-0.036484035	-0.0088298324	0.013624434	0.037260505	0.063496543	0.092332549	0.11951403	0.1443319	0.16773161	0.1840405	0.1894768	0.18829499	0.18782227	0.1840405	0.17316791	0.15922263	0.13700472	0.10556875	0.072241889	0.048842179	0.038678669	0.042933162	0.0625511	0.090205303	0.11738678	0.1431501	0.15804082	0.16158624	0.15425905	0.13960469	0.11927767	0.099896092	0.078387267	0.059714772	0.039624112	-0.00079356849	-0.053738366	-0.086119783	-0.16435518	-0.25275408	-0.36597086	-0.46595143	-0.56545929	-0.64984006	-0.70656663	-0.75383877	-0.79000196	-0.82427426	-0.84341948	-0.86303742	-0.87083732	-0.8758009	-0.87674634	-0.8769827	-0.88194627	-0.89754608	-0.90912775	-0.91881854	-0.92496392	-0.93063658	-0.93536379	-0.9322911	-0.9244912	-0.91716402	-0.90038241	-0.87556453	-0.86043745	-0.84152859	-0.82640151	-0.81245623	-0.80205636	-0.79402009	-0.78645655	-0.78787471	-0.79354737	-0.80701993	-0.82711059	-0.84980122	-0.88218263	-0.90109149	-0.92614573	-0.94836363	-0.96254527	-0.97365423	-0.96230891	-0.96230891	-0.96916337	-0.96727249	-0.94694547	-0.93134566	-0.94481822	-0.94127281	-0.93843648	-0.93701832	-0.92401848	-0.92000035	-0.91716402	-0.90298238	-0.88643713	-0.86752827	-0.84105587	-0.80465632	-0.7710931	-0.73729352	-0.71223929	-0.68883958	-0.66756712	-0.65787633	-0.6616581	-0.67985787	-0.70585755	-0.73303903	-0.76802041	-0.80323816	-0.84365584	-0.8781645	-0.91149136	-0.94245461	-0.96490888	-0.98098141	-0.99232672	-0.99752666	-1.0005993	-1.0027266	-1.0039084	-1.0046175	-1.0046175	-1.0046175
42	-0.48711059	-0.48389023	-0.48141303	-0.44276868	-0.38703165	-0.33079917	-0.29710923	-0.30503627	-0.32782653	-0.34813958	-0.36622315	-0.3741502	-0.37836144	-0.38306812	-0.36944351	-0.32832197	-0.24706976	-0.13163217	-0.046911873	0.010806924	0.12525364	0.28305137	0.42202238	0.57932468	0.7430677	0.82184271	0.84834877	0.91919673	1.0779854	1.327935	1.6046384	1.80331	1.9442627	2.147641	2.4089857	2.5856102	2.6242546	2.5952713	2.5900692	2.6653761	2.8224307	2.9963302	3.0790688	3.0391858	2.9135917	2.7773456	2.7235903	2.7116998	2.5422592	2.1535863	1.7708586	1.6071156	1.6631004	1.7703632	1.7611975	1.5907661	1.3432936	1.1139048	0.94025295	0.82258587	0.74331542	0.68658751	0.6472	0.63332767	0.63382311	0.6164827	0.56198427	0.46537341	0.32342976	0.15745726	0.0095683228	-0.087785698	-0.12766864	-0.1296504	-0.11627352	-0.10537383	-0.10091487	-0.094474142	-0.085308497	-0.076390571	-0.062765963	-0.04245291	-0.013221932	0.028395055	0.080416287	0.13119892	0.17380679	0.20155144	0.21195569	0.21046937	0.20254232	0.19089948	0.17677943	0.16067762	0.13788736	0.10593146	0.063819037	0.023192931	-0.0020745245	-0.017185454	-0.028085141	-0.04195747	-0.05855472	-0.067968086	-0.062765963	-0.044930111	-0.020405816	0.0085774421	0.035826659	0.057130593	0.077443645	0.10196794	0.13318068	0.15894358	0.18322015	0.20873533	0.22508486	0.23103014	0.2292961	0.2255803	0.21938729	0.20402864	0.18520191	0.15720954	0.11980379	0.082893489	0.058369193	0.047717227	0.053910231	0.077443645	0.10593146	0.12921716	0.14903477	0.1604299	0.16340254	0.15076881	0.13070348	0.10617918	0.083636649	0.064066757	0.047964947	0.029138215	-0.013965092	-0.076142851	-0.11528264	-0.19603941	-0.28967762	-0.4085833	-0.51039628	-0.60849346	-0.69445236	-0.75365748	-0.80320151	-0.83837777	-0.87181999	-0.89089444	-0.91046433	-0.91814366	-0.92260262	-0.9248321	-0.9248321	-0.92631842	-0.93672267	-0.94960412	-0.96248557	-0.96917401	-0.96595365	-0.96694453	-0.97041261	-0.96496277	-0.956788	-0.93721811	-0.91145521	-0.89485796	-0.87033367	-0.84927746	-0.82549632	-0.80790819	-0.79923798	-0.79626534	-0.7895769	-0.78734742	-0.79527446	-0.81385347	-0.84258901	-0.86909507	-0.89436252	-0.91913454	-0.9481178	-0.96818313	-0.98279862	-0.96471505	-0.94588832	-0.96174241	-0.97734878	-0.96545821	-0.95777888	-0.96174241	-0.95208132	-0.9518336	-0.94316339	-0.93226371	-0.9198777	-0.90922573	-0.8891604	-0.86488383	-0.83961637	-0.80171519	-0.74771219	-0.70312256	-0.65580801	-0.61790683	-0.57951021	-0.54804975	-0.53913182	-0.54433394	-0.56539016	-0.60304362	-0.64168797	-0.69048884	-0.74201463	-0.80270607	-0.85819538	-0.90848257	-0.95381536	-0.9875053	-1.0102956	-1.0296177	-1.0405174	-1.0454718	-1.0489399	-1.0499308	-1.0496831	-1.0516648	-1.0516648
42	-0.4910454	-0.48626179	-0.47744986	-0.44421632	-0.39285539	-0.34149446	-0.31153392	-0.31757639	-0.33746616	-0.36264308	-0.38202932	-0.39159655	-0.39914963	-0.40368147	-0.38933062	-0.34300508	-0.25639646	-0.14108614	-0.060771742	-0.0071448901	0.10917251	0.26577299	0.39744831	0.54800632	0.70309619	0.77761989	0.80204151	0.86649444	1.0173042	1.2620239	1.53041	1.7225099	1.8652631	2.0722174	2.3423658	2.5417671	2.6047094	2.5971563	2.6137731	2.7016406	2.8668012	3.047068	3.1407261	3.1072408	2.9740549	2.828784	2.7696183	2.7552674	2.5926245	2.2116976	1.821707	1.6404331	1.6834857	1.7869628	1.7716049	1.6009054	1.3526609	1.1207814	0.94680883	0.82646312	0.74589696	0.6849688	0.64443395	0.6333561	0.63436318	0.61749464	0.56411956	0.46970608	0.33072945	0.16179228	0.0084648039	-0.091739361	-0.1340366	-0.14259675	-0.13630252	-0.12874944	-0.1274906	-0.12723883	-0.12018929	-0.1118809	-0.10709729	-0.096271208	-0.075626128	-0.041385509	0.005695342	0.056049194	0.097842891	0.12704812	0.14265782	0.14870028	0.1502109	0.14844851	0.14316136	0.13409766	0.11899151	0.090289813	0.050006731	0.012744881	-0.0079001979	-0.016460353	-0.025524046	-0.038616047	-0.055736357	-0.069583666	-0.067569512	-0.053722203	-0.031818277	-0.0028648128	0.02331919	0.041950115	0.059825733	0.085757966	0.11773266	0.14517551	0.17488428	0.20383775	0.22246867	0.23253944	0.23606421	0.23430183	0.22674875	0.21088729	0.19074575	0.16254759	0.12855874	0.096835813	0.075938965	0.072162426	0.084750889	0.1116902	0.14316136	0.16707944	0.18822805	0.19829882	0.19955767	0.18797628	0.16707944	0.14190251	0.11722912	0.095576967	0.081729658	0.062343425	0.017276728	-0.039874894	-0.075626128	-0.16248652	-0.2576553	-0.37649039	-0.47593925	-0.57538811	-0.66526973	-0.72065897	-0.76446682	-0.80021805	-0.83521398	-0.85359314	-0.87121698	-0.87700768	-0.88053245	-0.88078422	-0.87851829	-0.87549706	-0.88758199	-0.9054576	-0.92006022	-0.92710976	-0.93441107	-0.94775484	-0.95027253	-0.93994999	-0.92282968	-0.89790453	-0.87247583	-0.85485198	-0.82388436	-0.79744859	-0.77151636	-0.75389251	-0.73878635	-0.72569435	-0.72015543	-0.71134351	-0.70706343	-0.7171342	-0.74936066	-0.78939198	-0.82262552	-0.85183075	-0.87725945	-0.88682668	-0.9087306	-0.92509561	-0.93642522	-0.95178315	-0.93617345	-0.92534737	-0.92987922	-0.93491461	-0.93592168	-0.93994999	-0.93944645	-0.92710976	-0.9185496	-0.91250714	-0.89790453	-0.88733022	-0.87096521	-0.8472989	-0.80500167	-0.77000574	-0.73652043	-0.70932935	-0.68415243	-0.65771665	-0.65142242	-0.65771665	-0.67634758	-0.70932935	-0.74306643	-0.78460836	-0.82237375	-0.86693691	-0.90822707	-0.94926545	-0.98501669	-1.0114525	-1.0333564	-1.0492178	-1.057778	-1.0630652	-1.0650793	-1.0668417	-1.0681005	-1.0691076	-1.0691076
42	-0.58520292	-0.57529028	-0.57100373	-0.53965833	-0.47616382	-0.4153484	-0.38185973	-0.38025228	-0.40007757	-0.42204613	-0.43678115	-0.44428261	-0.44910498	-0.45285571	-0.43946024	-0.39579102	-0.3119354	-0.18842919	-0.10350193	-0.047508876	0.071442871	0.21879301	0.34524622	0.49018517	0.6431614	0.72165884	0.75943406	0.83498449	0.98849654	1.24435	1.5269943	1.7177458	1.8508967	2.0496854	2.30795	2.4906642	2.5380842	2.535673	2.5635356	2.6489986	2.8118875	3.0012994	3.0931923	3.0578283	2.9340542	2.795545	2.7288356	2.698294	2.5372804	2.1656902	1.7940999	1.6371051	1.6928302	1.802673	1.7965111	1.6258529	1.3737502	1.1395974	0.96116979	0.83632404	0.7519326	0.69540372	0.65548523	0.6372674	0.63512412	0.62092493	0.57002215	0.47518225	0.33426193	0.16601487	0.017325184	-0.075907266	-0.11180712	-0.11073548	-0.096000467	-0.081533363	-0.07054908	-0.058761069	-0.041346962	-0.023932854	-0.0081262033	0.013574453	0.043848209	0.081623426	0.13118665	0.1842327	0.2270982	0.25603241	0.26835624	0.26889205	0.26299805	0.25254958	0.23727875	0.2185251	0.19468117	0.15985295	0.11913073	0.079212242	0.052421308	0.041972843	0.033131835	0.016789365	-0.0043754725	-0.019914214	-0.02152167	-0.00946575	0.014646091	0.044116118	0.068227959	0.084570428	0.1038599	0.12931129	0.15851341	0.18664389	0.21450646	0.23888621	0.25630032	0.26406969	0.26674878	0.26487341	0.2557645	0.23942203	0.21932883	0.19360953	0.15931713	0.12502474	0.1038599	0.1009129	0.11457627	0.13922393	0.16708651	0.18717971	0.19869981	0.20191472	0.19950354	0.18208943	0.15958504	0.13466948	0.1180591	0.10546736	0.096358439	0.082159244	0.031792288	-0.044293964	-0.090910189	-0.2002172	-0.30550557	-0.42579686	-0.5273345	-0.62994378	-0.72665905	-0.78372374	-0.82712506	-0.86382864	-0.89972849	-0.9174105	-0.93777161	-0.93911116	-0.9375037	-0.93294925	-0.92196496	-0.92035751	-0.94098653	-0.95438199	-0.96590209	-0.98304829	-0.99135348	-1.0009982	-1.0012661	-0.9859953	-0.96295509	-0.93830743	-0.9115165	-0.88633302	-0.85284435	-0.81855196	-0.77702601	-0.74969926	-0.7250516	-0.70201139	-0.68298983	-0.6620929	-0.65298399	-0.65271608	-0.66664736	-0.70924495	-0.77032828	-0.81828405	-0.84614662	-0.86891891	-0.87588456	-0.91285605	-0.94420144	-0.94205816	-0.97635056	-0.99885494	-0.98465575	-0.98278038	-0.98411993	-0.98278038	-0.97206401	-0.96375882	-0.95116708	-0.93509252	-0.91821423	-0.89919267	-0.868651	-0.82444596	-0.77488274	-0.72853442	-0.67602419	-0.63396242	-0.59699093	-0.56671718	-0.55760826	-0.56430599	-0.59002529	-0.63932061	-0.68674056	-0.74166198	-0.7968513	-0.86784728	-0.92571569	-0.97929756	-1.0315399	-1.0652965	-1.0899441	-1.1151276	-1.1253082	-1.1301305	-1.1349529	-1.1349529	-1.1365603	-1.1381678	-1.1381678
42	-0.62603338	-0.62546821	-0.61670807	-0.58760179	-0.53221508	-0.48050197	-0.46015583	-0.46609012	-0.49067504	-0.5067824	-0.50734757	-0.51865098	-0.52317235	-0.51102118	-0.48502334	-0.43331023	-0.3437307	-0.22334938	-0.13348727	-0.073296605	0.031542528	0.16209692	0.2641102	0.38957806	0.53171845	0.59840857	0.6266671	0.71229043	0.89907929	1.1873163	1.4899651	1.695122	1.8383927	2.0458103	2.3032455	2.4761877	2.5115108	2.4894692	2.50049	2.5765054	2.7299492	2.9088257	3.01423	2.9986878	2.884806	2.7593381	2.7183632	2.725993	2.5835701	2.2235564	1.8536523	1.6976653	1.7674638	1.8850193	1.8827586	1.7103816	1.4359913	1.173187	0.96859527	0.82532454	0.73320174	0.66566386	0.6150811	0.59840857	0.613103	0.61451593	0.56591126	0.4636154	0.31441038	0.13835976	-0.011693018	-0.099577035	-0.12642264	-0.1117282	-0.086578113	-0.068210071	-0.050972369	-0.032039157	-0.014236285	0.0063924394	0.023912726	0.050758326	0.090037678	0.13835976	0.19685491	0.25619781	0.30565024	0.33193067	0.34182115	0.34295149	0.33277842	0.31695365	0.29915077	0.27400069	0.24319889	0.20589764	0.15927107	0.12112206	0.10077592	0.088624752	0.082690461	0.068843783	0.040867842	0.019108776	0.012044145	0.019391362	0.042563353	0.069974124	0.09229836	0.10981865	0.1318603	0.15842331	0.18470374	0.2084409	0.23302582	0.26297986	0.2889777	0.30169404	0.30367214	0.30282438	0.29123839	0.26891415	0.2488506	0.2200269	0.18244306	0.15220644	0.13581649	0.13016479	0.14062044	0.16492277	0.19544198	0.21748363	0.22991738	0.22935221	0.21776622	0.1912032	0.16548794	0.14259854	0.12055689	0.10529728	0.10134109	0.087494411	0.035498722	-0.050972369	-0.11003269	-0.22419714	-0.33157954	-0.45987325	-0.56979892	-0.67152961	-0.75884846	-0.81762619	-0.86623086	-0.90494504	-0.9402682	-0.95468005	-0.97078741	-0.9727655	-0.96654863	-0.96259244	-0.95128902	-0.94507215	-0.96174468	-0.97756945	-0.99169872	-1.0063932	-1.0143055	-1.0168488	-1.0191095	-1.0095016	-0.98802511	-0.95298454	-0.90551021	-0.87866461	-0.83740716	-0.79417162	-0.75263158	-0.71872135	-0.69272351	-0.67096444	-0.64411884	-0.6257508	-0.62349012	-0.63818455	-0.65711776	-0.68791956	-0.74641471	-0.78710699	-0.8424937	-0.87922978	-0.88742475	-0.90268436	-0.9134226	-0.94111595	-0.96146209	-0.97756945	-0.99706784	-1.0176966	-1.0075235	-0.98774252	-0.99537233	-0.99339423	-0.9651357	-0.93885527	-0.90211919	-0.88516407	-0.85436228	-0.79360645	-0.72691632	-0.67124703	-0.60427432	-0.55227863	-0.50565206	-0.46524237	-0.45365637	-0.46495978	-0.4991526	-0.55312639	-0.6085131	-0.68085493	-0.75489227	-0.84418921	-0.92020465	-0.99254647	-1.0583888	-1.101907	-1.1358172	-1.1657712	-1.1810308	-1.1892258	-1.1937472	-1.196573	-1.1974208	-1.1993989	-1.1993989
42	-0.53025858	-0.51144554	-0.50099385	-0.48087435	-0.42312878	-0.35728315	-0.31835061	-0.31364736	-0.33428944	-0.3591122	-0.37818652	-0.38968338	-0.39621569	-0.40065765	-0.39308018	-0.35989607	-0.2854278	-0.16967536	-0.080836019	-0.023090446	0.094752329	0.25701478	0.40804166	0.58310742	0.76313774	0.85249966	0.87941276	0.9449971	1.0824368	1.3105449	1.5728822	1.7610126	1.8984523	2.107486	2.3645975	2.5380955	2.5913992	2.5835604	2.5992379	2.6857256	2.8508623	3.0157377	3.0779252	3.0264506	2.8960658	2.7565358	2.6922579	2.6624706	2.4868823	2.1121893	1.7513448	1.6024082	1.6606764	1.7683288	1.7620578	1.6013631	1.362542	1.1367856	0.96354884	0.84570607	0.76601195	0.7074825	0.66933384	0.65052081	0.64085299	0.61367861	0.54913944	0.44697419	0.30456995	0.1357752	-0.012116174	-0.10330715	-0.1383203	-0.13518479	-0.114804	-0.097558719	-0.086323155	-0.075087591	-0.062022981	-0.045300282	-0.028054997	-0.0071516227	0.024726024	0.066010189	0.11278149	0.16190442	0.20344988	0.22722747	0.23506623	0.23323719	0.22644359	0.21364027	0.19691757	0.17967229	0.15746245	0.12480093	0.085607103	0.050071366	0.027600238	0.016103382	0.0066968631	-0.0087193758	-0.027009829	-0.04033573	-0.042426068	-0.029622751	-0.0055838696	0.022635686	0.047458444	0.066271481	0.086129687	0.11173632	0.13943329	0.16294959	0.18777235	0.21442415	0.23375977	0.24264371	0.24473404	0.24238241	0.23402106	0.21494673	0.19116915	0.16294959	0.12976548	0.097626543	0.077245753	0.074371539	0.085868395	0.11121374	0.14387526	0.16634639	0.18071746	0.18698847	0.18515943	0.16869802	0.14674947	0.12114284	0.098149128	0.076984461	0.058694008	0.039097094	-0.008980668	-0.076916636	-0.11924597	-0.21566279	-0.31077314	-0.42861592	-0.5294747	-0.62798185	-0.71734378	-0.77273772	-0.81846386	-0.85530605	-0.88666112	-0.90495157	-0.9271614	-0.93212596	-0.93552275	-0.93578405	-0.9308195	-0.92899045	-0.94127118	-0.95302933	-0.96452619	-0.9775908	-0.98386181	-0.98778119	-0.9943135	-0.98778119	-0.97236495	-0.94754219	-0.92193556	-0.89920314	-0.86445128	-0.8404124	-0.81114767	-0.79390239	-0.78109907	-0.76463767	-0.74765367	-0.73511165	-0.73772457	-0.7567989	-0.78606362	-0.80931863	-0.83257363	-0.87072229	-0.91984522	-0.94022601	-0.94127118	-0.95564225	-0.98177147	-0.99666513	-0.9775908	-0.9441454	-0.9574713	-0.974194	-0.97367141	-0.96557136	-0.94597444	-0.93500017	-0.92663882	-0.91540326	-0.88927404	-0.86967712	-0.84198015	-0.80147986	-0.74138266	-0.68677259	-0.63346899	-0.59532033	-0.55743296	-0.52189723	-0.51301329	-0.52006818	-0.54933291	-0.59767196	-0.64470455	-0.70636951	-0.76568283	-0.83570914	-0.8973741	-0.95355192	-1.00372	-1.0392558	-1.0646011	-1.0852432	-1.0975239	-1.1032723	-1.105624	-1.1077143	-1.1082369	-1.1092821	-1.1092821
42	-0.432908	-0.41782874	-0.40887543	-0.38083744	-0.32806004	-0.26797863	-0.23499276	-0.23876258	-0.25808287	-0.28635648	-0.31156711	-0.32499707	-0.33701335	-0.3466735	-0.33984071	-0.30449871	-0.22674629	-0.11600801	-0.034014551	0.023475113	0.13939689	0.30244135	0.45511882	0.61792766	0.7788516	0.85966699	0.88888305	0.95344111	1.0900969	1.3158145	1.5712194	1.7526417	1.8885906	2.0971084	2.3652365	2.5577326	2.6189921	2.6166359	2.6383124	2.7335002	2.9014925	3.073019	3.1491222	3.1003502	2.9606315	2.811017	2.7384481	2.7026348	2.522155	2.1414038	1.7663073	1.5992574	1.6374267	1.7215407	1.6977438	1.5325788	1.3004996	1.0915105	0.93953992	0.83563442	0.7630655	0.70793197	0.66811331	0.65067792	0.64431636	0.62287554	0.56986253	0.47608841	0.34013949	0.17521013	0.024181953	-0.074068825	-0.12001343	-0.1334434	-0.13250094	-0.13038042	-0.13108726	-0.1299092	-0.12401886	-0.11695046	-0.11129574	-0.10446295	-0.088676854	-0.059225182	-0.021998269	0.02182582	0.064471841	0.096279647	0.11442188	0.12384641	0.13162165	0.13327095	0.12832307	0.11984098	0.10499734	0.07837303	0.040910503	0.0036835896	-0.021055815	-0.03260087	-0.041318565	-0.056397821	-0.074304438	-0.086791947	-0.087263174	-0.073361985	-0.04932942	-0.023647562	0.00085622904	0.02253266	0.041146116	0.065414294	0.096044033	0.1236108	0.15212002	0.17921556	0.19641533	0.20183444	0.20159883	0.20207005	0.20065637	0.19570849	0.18439905	0.16484314	0.13727637	0.10570418	0.081436004	0.069890948	0.073425149	0.090624926	0.11583556	0.13939689	0.16130894	0.17379645	0.17638819	0.16672805	0.15282686	0.13374217	0.11442188	0.096750873	0.083556524	0.065885521	0.026302474	-0.026474923	-0.060403249	-0.14263232	-0.2321654	-0.3483228	-0.45105023	-0.55142153	-0.63954093	-0.70032918	-0.7481587	-0.78302948	-0.81813587	-0.84028353	-0.86172434	-0.86667222	-0.86855713	-0.86596538	-0.86148873	-0.86360925	-0.88340077	-0.89777319	-0.90696211	-0.91473735	-0.9208633	-0.91874278	-0.91567981	-0.9086114	-0.89635951	-0.87374063	-0.84876561	-0.83345074	-0.8134236	-0.7957526	-0.77761037	-0.76842145	-0.76182427	-0.75687639	-0.75734762	-0.75946814	-0.77172003	-0.7922184	-0.82308375	-0.85701208	-0.89848003	-0.95102181	-0.97269824	-0.99107609	-1.0047417	-1.0151087	-1.010632	-1.0014431	-1.0092183	-1.0047417	-0.98754189	-0.98919118	-0.98612821	-0.97646806	-0.96939966	-0.96751475	-0.96186003	-0.95267111	-0.9314659	-0.91355929	-0.89164724	-0.86125312	-0.82096323	-0.78915542	-0.75664078	-0.7288384	-0.70268531	-0.68242256	-0.67511855	-0.67794591	-0.69396762	-0.72271245	-0.74886554	-0.78020211	-0.81271676	-0.85324226	-0.88717059	-0.91803594	-0.94701639	-0.96680791	-0.98188717	-0.99201854	-0.99602397	-0.99885133	-1.0000294	-1.000265	-0.99955817	-1.000265	-1.000265
