44	0.76642979	0.62463187	0.742247	0.66822163	0.7661175	0.73068499	0.65510923	0.7293299	0.72365118	0.70281776	0.75616767	0.70041727	0.68230937	0.70894306	0.70662173	0.77881833	0.74961799	0.72676981	0.79271583	0.72515681	0.73403733	0.69498228	0.72109703	0.70127709	0.69025398	0.78826121	0.7682366	0.74619436	0.6875888	0.75875544	0.69931881	0.75045712	0.72632557	0.69425957	0.67117776	0.68692968	0.78831578	0.71995042	0.68073471	0.66582904	0.75862222	0.73230994	0.81132536	0.74534273	0.72704847	0.69683676	0.63209295	0.71235093	0.68825265	0.70947236	0.70601514	0.7033799	0.72932331	0.69691713	0.70404018	0.68676328	0.7257591	0.74446588	0.7080895	0.6590115	0.65577902	0.68340813	0.79692004	0.73667268	0.71446063	0.74829466	0.69580811	0.7357068	0.77987384	0.74622201	0.74054013	0.69766764	0.73834508	0.71615239	0.76901016	0.73525696	0.65103513	0.71464667	0.69380954	0.78088556	0.78842875	0.7205993	0.69822978	0.80121693	0.76916153	0.7607292	0.71088422	0.73344384	0.78071967	0.66464739	0.74940689	0.71842323	0.7305697	0.74343837	0.73903769	0.67721796	0.75011665	0.74548968	0.78380898	0.75960263	0.79420748	0.75070558	0.81269416	0.76917626	0.77648279	0.82532642	0.69166605	0.44261591	-0.64707618	-1.7746657	-2.0157572	-2.0856148	-2.0796597	-2.0888094	-2.0925688	-2.088029	-2.0951268	-2.0866033	-2.054996	-1.9988342	-2.086604	-2.0039735	-1.9299854	-2.0401156	-2.0449603	-2.005211	-2.0513075	-1.9739838	-1.9314836	-1.9404837	-1.8852152	-1.9649985	-1.8568084	-1.9451851	-1.9361627	-1.8396603	-1.8853212	-1.8428412	-1.8611969	-1.7941269	-1.8143197	-1.7926635	-1.7551542	-1.7597916	-1.7033825	-1.6870173	-1.7199118	-1.6729817	-1.6716773	-1.5520376	-1.5756722	-1.5801566	-1.54231	-1.4858548	-1.465384	-1.403431	-1.4327676	-1.3425556	-1.3411751	-1.3308851	-1.2770261	-1.2187308	-1.2315075	-1.1610716	-1.1793766	-1.0671715	-1.0852648	-1.1038409	-1.0509151	-0.98673745	-0.95780251	-0.92794726	-0.86488391	-0.86298851	-0.82701134	-0.80113602	-0.6932899	-0.68375828	-0.63131018	-0.64460976	-0.61643839	-0.63217509	-0.51393689	-0.5005893	-0.45409146	-0.40823413	-0.30709473	-0.28256296	-0.34228003	-0.28828594	-0.21665109	-0.17759625	-0.1801804	-0.092005446	-0.037417258	-0.066100063	-0.0074512559	0.0050365901	0.0074435016	0.094589821	0.12683069	0.14237781	0.072363123	0.082535603	0.15106244	0.19199235	0.21603395	0.25614947	0.28926572	0.24567149	0.2993988	0.30518099	0.29591201	0.40454416	0.38785272	0.40944047	0.38034068	0.47618211	0.40818874	0.45026201	0.45309469	0.45211067	0.46827372	0.47137272	0.48509671	0.52269027	0.54166374	0.49985912	0.52855861	0.54958199	0.49036235	0.57285911	0.55508103	0.52536408	0.60094932	0.58637247	0.65099399	0.54137848	0.62097651	0.65275596	0.62314866	0.56572519	0.62071257	0.61427862	0.61248787	0.64242631	0.64172879	0.63855672	0.69514812	0.70526828	0.68730293	0.63855526	0.63982434	0.70826243	0.68997268	0.67374496	0.68626649	0.63036925	0.73046187	0.65300307	0.68405165	0.63268297	0.65581203	0.66275601	0.6676394	0.68619414	0.6849958	0.65400678	0.68998134	0.64181346	0.67279878	0.61673082	0.72218203	0.66785621	0.7244464
44	0.72984666	0.75271405	0.75345445	0.74973297	0.69961485	0.76976841	0.73280263	0.74327324	0.73791904	0.74859166	0.72344489	0.67253826	0.7305991	0.71627545	0.68039067	0.76016172	0.76814321	0.7186329	0.71668232	0.72565366	0.72807904	0.73905945	0.73995104	0.72129003	0.76642171	0.67275529	0.75920166	0.7519608	0.72911322	0.71209438	0.71278709	0.75423742	0.74969253	0.75145819	0.67131372	0.75012549	0.74131309	0.76351018	0.75647774	0.72213751	0.70844684	0.72214002	0.8136659	0.75772557	0.71437131	0.71188903	0.76086648	0.79175886	0.70947648	0.69367148	0.72763321	0.7596553	0.68924769	0.72623843	0.67978563	0.75431131	0.69802264	0.80535812	0.79998386	0.68414166	0.75233629	0.73133829	0.71712624	0.72464184	0.77080553	0.78019975	0.79406355	0.79946701	0.8036676	0.7780322	0.70458719	0.72355832	0.70287332	0.7592687	0.77696998	0.78501604	0.79883327	0.81332287	0.80335467	0.81643792	0.75182745	0.76946543	0.74979478	0.76586645	0.75040623	0.73005787	0.78102345	0.84816442	0.76769027	0.84249959	0.81090776	0.76831072	0.78411723	0.77515423	0.75713239	0.46854862	-0.61289977	-1.7413476	-1.963744	-2.0330984	-2.0206143	-2.056753	-1.9770754	-2.0364484	-1.971014	-2.0967462	-2.0816524	-2.0521443	-1.9993031	-1.9923166	-1.9300659	-1.9673102	-1.9864214	-2.0162807	-1.9437477	-1.9321255	-1.9658862	-1.967459	-1.9278111	-1.8621189	-1.8894012	-1.8296691	-1.8592834	-1.8537595	-1.9036491	-1.7937286	-1.8049385	-1.8433244	-1.7707129	-1.7573082	-1.7182399	-1.7135234	-1.6923545	-1.673752	-1.6437195	-1.5884321	-1.6284149	-1.6507049	-1.609873	-1.5249103	-1.524624	-1.4861201	-1.5295062	-1.427513	-1.4277889	-1.3665306	-1.444738	-1.3326121	-1.3642889	-1.2870788	-1.2510333	-1.2792757	-1.1390069	-1.1386734	-1.1913133	-1.1088132	-1.1008868	-1.0046666	-0.99622683	-0.93937753	-0.90914099	-0.81297762	-0.8621053	-0.81878706	-0.76244134	-0.7787537	-0.68437165	-0.69733745	-0.60736915	-0.61225703	-0.62047446	-0.51751154	-0.507442	-0.37404476	-0.37274549	-0.39459999	-0.41117798	-0.31221678	-0.28279438	-0.33166033	-0.28206049	-0.15957623	-0.17871654	-0.089548949	-0.059126365	-0.036210973	-0.066866872	-0.017217192	0.032721135	0.058798998	0.12141422	0.1096556	0.17531721	0.17512174	0.19160135	0.21462997	0.18315371	0.20156695	0.26905467	0.26377604	0.2580639	0.33243001	0.37361974	0.3359495	0.313951	0.32803014	0.39197968	0.43893534	0.41008384	0.44192911	0.45399349	0.50374041	0.4847344	0.596624	0.48519855	0.49240568	0.49396325	0.51524218	0.56241333	0.51795734	0.57022556	0.54568743	0.6407468	0.58210104	0.52777873	0.60798427	0.51640563	0.58458097	0.66841403	0.65141596	0.65733107	0.59713259	0.57194464	0.63153485	0.58747594	0.66303062	0.6080609	0.60556662	0.70252507	0.63041656	0.68391931	0.59047793	0.66506255	0.69629266	0.65523986	0.68809689	0.67324301	0.71121999	0.69107786	0.64710298	0.6550927	0.68723666	0.70206339	0.67583569	0.71897035	0.68882161	0.76925722	0.73898097	0.65236875	0.66520745	0.69996252	0.72109733	0.71486965	0.69886349	0.71523272	0.7483421	0.79943539	0.72632451	0.73764615	0.71994833	0.71781112	0.67675344	0.7043579	0.65949722	0.72108778
44	0.71570718	0.74174208	0.65958367	0.78006823	0.6005611	0.73385953	0.71394262	0.69926814	0.70629946	0.69612402	0.62253351	0.70933833	0.76042066	0.65984156	0.67920575	0.6750202	0.70781416	0.66082625	0.78228952	0.72083427	0.70263232	0.72688774	0.74455869	0.73842416	0.64797474	0.74257016	0.65625599	0.73134114	0.72045789	0.70291613	0.7092805	0.77176401	0.68346001	0.70030846	0.69389176	0.71218903	0.6914429	0.74558855	0.6981047	0.72338187	0.6989788	0.70858057	0.66500411	0.72549003	0.76142758	0.75896986	0.74117651	0.73544054	0.7291286	0.66969155	0.69957517	0.7718676	0.7401421	0.75551428	0.77099565	0.72319795	0.44230777	-0.63472382	-1.8442417	-2.0336532	-2.1565272	-2.154952	-2.0606349	-2.0828189	-2.0726234	-2.0672062	-2.0729199	-2.1074596	-2.0882226	-2.0873323	-2.0927346	-2.0055992	-2.0946509	-2.0366835	-2.0238895	-2.022483	-2.0128627	-1.9276723	-1.9589713	-1.9388052	-1.9799637	-1.971617	-1.9664494	-2.0206545	-1.9494667	-1.8876944	-1.9209578	-1.8871329	-1.7955713	-1.8321877	-1.8444275	-1.8601981	-1.8203963	-1.7090362	-1.8131528	-1.7349368	-1.6700531	-1.6258838	-1.6288568	-1.6140249	-1.5890849	-1.5826297	-1.5063532	-1.4853998	-1.459576	-1.3963067	-1.4161629	-1.2822134	-1.284284	-1.2742485	-1.2709706	-1.1759112	-1.1228853	-1.0496157	-1.0994137	-1.0389828	-1.0230792	-0.93627616	-0.88661962	-0.87232382	-0.93291806	-0.81364818	-0.78811435	-0.70862173	-0.71577474	-0.61003485	-0.59791301	-0.59894517	-0.51504906	-0.52129569	-0.54616092	-0.48507294	-0.35772233	-0.37520191	-0.35193733	-0.2846386	-0.26434271	-0.23575358	-0.11214562	-0.1194365	-0.045510995	-0.079188683	-0.051467325	-0.022130155	0.058815442	0.046514981	0.062537819	0.083266298	0.176773	0.23287521	0.20140167	0.1795933	0.30882541	0.23162235	0.29499124	0.27779173	0.27315878	0.3259529	0.34535327	0.3660818	0.44629533	0.46090499	0.32622807	0.43926048	0.43207836	0.46765609	0.47131662	0.49613968	0.44156744	0.42018841	0.4768325	0.53451243	0.55653406	0.54446323	0.49422841	0.53246291	0.53334781	0.48772379	0.53420118	0.54347116	0.58522165	0.5723159	0.62674703	0.5773139	0.64834045	0.60571222	0.6328947	0.58334576	0.58943734	0.64346149	0.60581799	0.65293027	0.59361186	0.6675578	0.67341011	0.70143316	0.72679335	0.61423037	0.68534071	0.68526799	0.60639479	0.62336117	0.60596388	0.63999913	0.69361348	0.60755117	0.61197791	0.63231148	0.68055122	0.70665096	0.64302471	0.76326157	0.72177707	0.62492677	0.64499797	0.62468628	0.67372392	0.67905212	0.66150807	0.69686478	0.69033216	0.68281078	0.60971636	0.70519194	0.64119668	0.6925056	0.6692134	0.67918246	0.75355963	0.6369969	0.64142484	0.71243301	0.767838	0.70068599	0.67853586	0.65825095	0.67003952	0.65834781	0.66051836	0.77453371	0.72348253	0.71621468	0.70639226	0.66399129	0.61357363	0.69140847	0.74729649	0.64682832	0.69549372	0.65852199	0.74612809	0.74435765	0.68072661	0.66960645	0.65034288	0.71863885	0.65308755	0.67991851	0.67477269	0.69394289	0.68427911	0.70046828	0.73093937	0.68261531	0.68081411	0.70267709	0.68015511	0.68215076	0.68121025	0.66961029	0.66640681	0.69245355	0.70248072	0.60558788	0.69125269
44	0.75320546	0.79028962	0.78909603	0.82425853	0.73676733	0.74027849	0.74327121	0.77975852	0.79824615	0.75173027	0.7612838	0.82268807	0.72466208	0.82654444	0.80540608	0.71012609	0.78102528	0.79177408	0.76147104	0.79119632	0.76417229	0.79912754	0.72693083	0.76970348	0.78396514	0.84438188	0.77838186	0.65133807	0.77459291	0.79400462	0.705399	0.75068893	0.80349276	0.80113573	0.80269437	0.78572642	0.82289457	0.80321875	0.72450701	0.79889292	0.80933816	0.78873924	0.7747986	0.74685353	0.77255592	0.80416358	0.75443181	0.80760421	0.81502863	0.75615011	0.73772501	0.80187316	0.7252401	0.77954855	0.73518276	0.7938198	0.82429072	0.71670352	0.74409082	0.80054044	0.78212454	0.76370865	0.77596236	0.76210875	0.77428764	0.77220979	0.80545471	0.76612732	0.83304828	0.74612291	0.81431912	0.80606316	0.72228485	0.74810564	0.78790931	0.80887416	0.76908482	0.76239796	0.76896965	0.75803653	0.77854661	0.82319608	0.78634199	0.8107643	0.82866458	0.89407705	0.7641228	0.83622315	0.78177368	0.83749782	0.89322198	0.84496849	0.85752545	0.77196828	0.86399865	0.77876537	0.85190295	0.85362656	0.86667293	0.83980749	0.83600987	0.83221225	0.80097556	0.81495446	0.56785847	-0.5575183	-1.6131322	-1.7440981	-1.875064	-1.9329157	-1.9559519	-1.9188468	-1.9348007	-1.954008	-1.9732154	-1.9227738	-1.9339244	-1.9329295	-1.8773604	-1.8724948	-1.8893366	-1.8715743	-1.8887114	-1.9111266	-1.8302192	-1.9036344	-1.8992485	-1.8188957	-1.8492773	-1.7732842	-1.8639508	-1.8586065	-1.7423041	-1.692302	-1.7748777	-1.6810891	-1.6940001	-1.7069111	-1.700056	-1.6932009	-1.6087099	-1.6841274	-1.6408836	-1.6357615	-1.6173334	-1.5929319	-1.5479688	-1.5723132	-1.5684581	-1.565182	-1.5619058	-1.5281614	-1.572384	-1.4537346	-1.4507542	-1.3798961	-1.3803631	-1.3384736	-1.3906596	-1.3264486	-1.2985984	-1.2520706	-1.2241737	-1.2246744	-1.155592	-1.1343363	-1.0741124	-1.0904773	-1.0656988	-1.014092	-0.97244371	-0.96893947	-0.96543524	-0.92683841	-0.83280667	-0.81498439	-0.76607457	-0.84084418	-0.74269505	-0.75033807	-0.68223973	-0.61958897	-0.59422372	-0.57954171	-0.55971996	-0.52197217	-0.50578983	-0.40831206	-0.47288792	-0.31922259	-0.34707701	-0.30954699	-0.25922104	-0.19411913	-0.22803402	-0.14541176	-0.17027551	-0.10866546	-0.050404489	-0.029934082	-0.0080681216	0.043607675	0.024782431	0.1009126	0.023072139	0.11470899	0.12694043	0.17731701	0.22156679	0.16789068	0.27825315	0.24365046	0.28322024	0.28369679	0.28417339	0.29066079	0.38379841	0.37478546	0.36577249	0.34575048	0.43513879	0.3970509	0.39217285	0.44480027	0.38697809	0.43594239	0.4939623	0.4962217	0.49848109	0.5487675	0.50679052	0.54344391	0.54173297	0.46249047	0.54866372	0.56339441	0.5669711	0.52817417	0.60821295	0.65079093	0.53420456	0.5762517	0.58561912	0.66975639	0.70354873	0.63137444	0.65241048	0.64590691	0.64342032	0.64214889	0.6013435	0.65176655	0.64383898	0.64243333	0.70125663	0.71351436	0.69071121	0.76382401	0.69782029	0.72424862	0.74918551	0.71031015	0.69049011	0.72878137	0.76874564	0.77040174	0.7145348	0.74741803	0.66357265	0.70680146	0.7539249	0.80551884	0.75051231	0.68384992	0.74350167
44	0.76669371	0.80119335	0.71872504	0.80055861	0.6507978	0.78950034	0.85727917	0.82465179	0.7896038	0.77198108	0.77444446	0.74203929	0.81729832	0.77598933	0.80314417	0.77437311	0.80713483	0.78618105	0.77482682	0.73088906	0.73766068	0.82051226	0.76207037	0.8026939	0.77489699	0.75222	0.80812498	0.82255261	0.76048864	0.76341976	0.75150386	0.78493662	0.79303266	0.81729289	0.8186931	0.7947233	0.77075349	0.85342012	0.72049953	0.84917857	0.76072563	0.80211777	0.76668495	0.78013271	0.79358046	0.80967026	0.77242475	0.73675103	0.77838045	0.73091485	0.79909485	0.8452125	0.78900134	0.77123773	0.7892278	0.74982734	0.81580885	0.76427993	0.74489133	0.80834953	0.72017399	0.78571509	0.71029542	0.81369731	0.75150526	0.82992443	0.7156566	0.77085732	0.73380417	0.80248768	0.7737236	0.74350788	0.81726299	0.79990056	0.82771672	0.78432586	0.76611547	0.78270321	0.79929095	0.80929728	0.80193009	0.79265506	0.78977486	0.83808461	0.83231918	0.82655374	0.81634795	0.79826612	0.79085275	0.78933932	0.7733664	0.88710037	0.82005527	0.79436089	0.83506731	0.81646984	0.9175645	0.81285519	0.86322281	0.89207185	0.80532571	0.83199746	0.5259965	-0.61300264	-1.662854	-1.983409	-1.9460311	-1.987963	-1.9695239	-1.9936825	-1.9642662	-1.8806583	-1.9480929	-1.9131116	-1.9223846	-1.9503124	-1.8757815	-1.8060213	-1.9391228	-1.8741591	-1.8899582	-1.8942104	-1.8750209	-1.8839091	-1.8016243	-1.8654677	-1.8246177	-1.7808456	-1.8679732	-1.7904007	-1.758448	-1.7212792	-1.8308161	-1.8018621	-1.7729081	-1.6860988	-1.6836138	-1.6236348	-1.6953793	-1.701471	-1.6180999	-1.5947964	-1.6038432	-1.4891261	-1.5671844	-1.5055373	-1.4975801	-1.4896229	-1.5120242	-1.5005202	-1.4593641	-1.445652	-1.4374339	-1.4292158	-1.2818454	-1.3144829	-1.3471205	-1.2792037	-1.2588625	-1.2459382	-1.2531226	-1.260307	-1.1413705	-1.1403285	-1.0917183	-1.0732747	-1.0218265	-1.0401924	-1.0412015	-0.96456541	-0.98158468	-0.90544085	-0.89475226	-0.80107779	-0.75375861	-0.70027835	-0.76232185	-0.63108017	-0.65186954	-0.69151232	-0.64017916	-0.58884604	-0.55701331	-0.54840991	-0.52436549	-0.47189234	-0.39841796	-0.42056714	-0.29922788	-0.31133177	-0.28076308	-0.23173512	-0.21434087	-0.14818021	-0.11272156	-0.08594624	-0.11013464	-0.0045962713	-0.027829306	0.096538144	0.07369225	0.050846387	0.077137707	0.060686005	0.1590231	0.077158117	0.20103305	0.14089216	0.20137696	0.27469758	0.25136673	0.30949782	0.31063315	0.30340652	0.27624545	0.31208038	0.37576049	0.38345937	0.40112329	0.38139938	0.3672177	0.46791477	0.47751062	0.5045108	0.52893518	0.48492486	0.49971857	0.51497324	0.4746071	0.57808684	0.56171425	0.62473901	0.50984485	0.54676943	0.50005134	0.59957777	0.63418214	0.63791647	0.64625189	0.60197674	0.65928756	0.64728752	0.62517556	0.60306359	0.64231219	0.66060295	0.6788937	0.66346998	0.68135394	0.6992379	0.66081308	0.68275826	0.6871629	0.67182035	0.70983814	0.67144166	0.67844574	0.68544982	0.72579039	0.7131259	0.7103705	0.64226857	0.76652933	0.67058431	0.69982639	0.72906847	0.74710018	0.72174247	0.70924099	0.67268237	0.69806286	0.71459274	0.72098465	0.72737656	0.6643794
44	0.78398488	0.8338739	0.81476917	0.79566444	0.74334222	0.69102	0.84832331	0.77546842	0.73727148	0.80756552	0.82353095	0.74881761	0.7633092	0.77780079	0.74096875	0.81048529	0.75551404	0.8757721	0.75228684	0.81317494	0.7991533	0.76979029	0.75813519	0.80026912	0.79588475	0.78029225	0.79933879	0.77849267	0.75764654	0.75791148	0.80957398	0.73646212	0.73999353	0.75806073	0.77612794	0.7958236	0.81551926	0.75653467	0.74524717	0.78879035	0.79997322	0.72468305	0.77954117	0.76748813	0.79490188	0.79733633	0.76833142	0.76657296	0.80990711	0.80415569	0.84877803	0.74702224	0.77062198	0.82900621	0.75813398	0.79398602	0.82983806	0.82723044	0.82462282	0.84396684	0.81685585	0.82101328	0.75743343	0.78911534	0.7739213	0.81947328	0.83829735	0.82729869	0.80574812	0.77951283	0.75861849	0.75891089	0.75920329	0.86249173	0.79758587	0.85207161	0.75837169	0.80048805	0.4828228	-0.54698579	-1.6184481	-1.9654576	-1.9648845	-1.9930567	-2.072162	-1.9619872	-1.9839578	-2.0054186	-1.9712711	-1.9708187	-1.9283181	-1.941993	-1.9467869	-1.9335726	-1.9473195	-1.9610665	-1.9067742	-1.882233	-1.9874751	-1.8835554	-1.8722799	-1.8952517	-1.910531	-1.8416526	-1.848633	-1.8829221	-1.8611089	-1.788144	-1.8036838	-1.7671768	-1.784422	-1.7936589	-1.731187	-1.6963612	-1.6696911	-1.6430211	-1.6090866	-1.6396487	-1.6920676	-1.5775707	-1.5619208	-1.5814111	-1.5514792	-1.5188835	-1.5236996	-1.4914329	-1.4618044	-1.4838103	-1.3560652	-1.3563919	-1.360698	-1.3273237	-1.3251518	-1.2679614	-1.2028637	-1.1924347	-1.2151093	-1.1474944	-1.0851167	-1.0997415	-1.0156543	-0.98001996	-1.0308415	-0.94033279	-0.89686527	-0.86029854	-0.84792255	-0.8355466	-0.80613526	-0.77672396	-0.75347016	-0.66129543	-0.70779727	-0.68989762	-0.60672893	-0.59047987	-0.49014091	-0.51866577	-0.51830549	-0.45916998	-0.3973597	-0.40977918	-0.3100792	-0.34266379	-0.32557242	-0.27056576	-0.18760478	-0.18518532	-0.13675749	-0.095783027	-0.13730302	-0.048564194	0.021807498	-0.019868086	0.049405273	0.040106669	0.02933347	0.04626266	0.17762104	0.12342983	0.11452066	0.20146267	0.12793357	0.18923014	0.18618739	0.27306143	0.34217351	0.36108348	0.3601785	0.40208512	0.37653958	0.35099401	0.37608769	0.3711493	0.42435254	0.43856796	0.43510309	0.49687337	0.48421697	0.50492013	0.50267932	0.5004385	0.52119504	0.54195158	0.49068171	0.53421009	0.53673953	0.56741813	0.57765146	0.58041615	0.6082912	0.56418161	0.58385336	0.6035251	0.56340053	0.63165297	0.62880718	0.58231495	0.65004464	0.65315743	0.58023589	0.64896944	0.60220194	0.6404152	0.66433968	0.70801599	0.6462648	0.64444413	0.73243687	0.64142809	0.6602815	0.72421181	0.63626275	0.7375415	0.73853872	0.70417783	0.62833142	0.71216472	0.71329066	0.6618233	0.71649208	0.72162636	0.70101698	0.6804076	0.69875767	0.70169749	0.74167425	0.69910273	0.69327971	0.69264766	0.73324809	0.76512265	0.66692646	0.75173012	0.70763311	0.79319151	0.67804481	0.7319739	0.75082891	0.7161735	0.78492861	0.7671947	0.74946079	0.67534448	0.80793868	0.7678994	0.76282159	0.71017219	0.72965525	0.75163496	0.70082039	0.74358548	0.71387732	0.74759459	0.78131185
44	0.74868933	0.78567932	0.62772687	0.71139828	0.69332505	0.65930978	0.69906445	0.74974048	0.77046602	0.71553229	0.63642654	0.65797748	0.66582536	0.73194377	0.75124223	0.68831321	0.71153692	0.6669407	0.6571601	0.75203759	0.68802901	0.70638161	0.72847815	0.70380455	0.72126027	0.70942407	0.74120994	0.71183717	0.68323742	0.72931105	0.68603514	0.70794124	0.6885326	0.74531558	0.73589687	0.66209692	0.64525895	0.73264806	0.71441486	0.69025775	0.62707458	0.69454093	0.76359359	0.699809	0.74723232	0.67335788	0.72246121	0.72196574	0.70002582	0.65505939	0.73887834	0.72058027	0.74795749	0.67973209	0.67827305	0.73072568	0.72909452	0.68084187	0.71541545	0.75297062	0.77130751	0.74231061	0.77941669	0.72307891	0.74113669	0.752057	0.72263121	0.73506585	0.76862522	0.775121	0.7799866	0.73431465	0.70859947	0.68959384	0.75766439	0.78220275	0.70165819	0.77017342	0.63341664	0.75786207	0.7619478	0.79557941	0.75755929	0.79548992	0.72503929	0.75138532	0.77974337	0.83321239	0.80902155	0.46169496	-0.64313262	-1.7928015	-2.0684816	-2.1206834	-2.1273025	-2.0951233	-2.1401836	-2.0649498	-2.0894267	-2.1020494	-2.0012279	-2.0490609	-2.0265886	-2.0054718	-2.0539988	-2.0356634	-2.0423348	-2.0635243	-1.9736565	-1.9828926	-1.9811588	-1.8972489	-2.0041048	-1.9270508	-2.0019097	-1.9560693	-1.9252054	-1.8734196	-1.9220525	-1.8959806	-1.8839133	-1.8486996	-1.8206132	-1.7852283	-1.7774835	-1.7485246	-1.6782252	-1.7614713	-1.673563	-1.6969013	-1.6744314	-1.6483727	-1.5630668	-1.6162104	-1.5241326	-1.5576558	-1.5882889	-1.4395122	-1.3769595	-1.3032743	-1.3599201	-1.2591376	-1.2763156	-1.2345561	-1.1269391	-1.1564576	-1.1124541	-1.0720317	-1.0395513	-1.0089704	-0.94622571	-0.96096044	-0.85991295	-0.8912716	-0.83713166	-0.84128964	-0.78541169	-0.7312782	-0.67825586	-0.67934503	-0.6523029	-0.61640066	-0.52083106	-0.50680565	-0.42347006	-0.37655744	-0.41181464	-0.3076841	-0.30745817	-0.2953384	-0.32643091	-0.29125841	-0.17693205	-0.15814212	-0.17392285	-0.12106431	-0.0076318864	-0.027162279	-0.030516394	0.046526473	0.030995854	0.12473683	0.12323238	0.17065604	0.1621239	0.22012647	0.14280353	0.27268907	0.24472948	0.24952858	0.28150079	0.38594014	0.35281422	0.27676762	0.33686299	0.33303513	0.38830989	0.44206155	0.4337989	0.44201868	0.43220494	0.44733907	0.46423596	0.4630235	0.4536288	0.51487419	0.4726396	0.51170614	0.51084527	0.54504975	0.50846324	0.44947395	0.54159327	0.51762638	0.58867053	0.57484116	0.55918028	0.57155738	0.58861535	0.64228521	0.59026191	0.61773974	0.65634258	0.70005725	0.63729631	0.57314125	0.68380782	0.62377228	0.56610646	0.74106319	0.62570805	0.66336607	0.61898538	0.58838836	0.67639638	0.68844772	0.64534783	0.6601598	0.66536421	0.68985286	0.6510259	0.69293679	0.59543109	0.75579977	0.69552023	0.66641442	0.71884727	0.72548059	0.60752758	0.70138648	0.66420131	0.6276833	0.61522092	0.68101891	0.71896928	0.78016832	0.67562083	0.70165626	0.68943254	0.70800957	0.64954908	0.58821183	0.68775753	0.64318901	0.77184439	0.76843654	0.69047949	0.71636702	0.6896846	0.70000904	0.67847005	0.67752626	0.70546519	0.70430851	0.6558622
44	0.80107548	0.72292006	0.71068062	0.77766421	0.74823329	0.72752126	0.74547538	0.74079447	0.73776773	0.73588912	0.74465224	0.74823559	0.76679092	0.74088345	0.76497991	0.65753177	0.70764701	0.74500483	0.77094795	0.72187189	0.75764357	0.7575605	0.7222259	0.68799522	0.75988479	0.72412716	0.75721504	0.74187648	0.73822118	0.70802812	0.72527766	0.71032609	0.71803321	0.80273956	0.77689975	0.72411859	0.76612358	0.76917849	0.76567183	0.76513356	0.79393153	0.83406861	0.77810503	0.72422882	0.82616628	0.80952608	0.82433167	0.7383962	0.81037646	0.75637512	0.80069477	0.70364182	0.47496258	-0.6924202	-1.7278853	-2.0696978	-2.0957521	-2.1034978	-2.0563492	-2.0861315	-2.0677733	-2.1179394	-1.9861769	-2.0693607	-1.9973281	-2.0064698	-2.0653509	-2.024515	-1.9701686	-1.9736487	-1.9927946	-1.9341195	-2.0519882	-1.9545695	-1.9418072	-1.9854876	-1.962354	-1.9005987	-1.9144581	-1.8999511	-1.7976659	-1.8822811	-1.863357	-1.8041252	-1.7936639	-1.8369806	-1.8419044	-1.7604322	-1.7146142	-1.7313984	-1.7246961	-1.6711765	-1.6628294	-1.5419681	-1.5851528	-1.6399388	-1.52423	-1.5143877	-1.5225387	-1.4143909	-1.4518662	-1.4656881	-1.3851206	-1.3082508	-1.3460623	-1.2962789	-1.3118623	-1.2266985	-1.1862773	-1.1768402	-1.101492	-1.0923971	-1.05269	-0.99797776	-0.96074475	-0.8962405	-0.88910312	-0.92520943	-0.84613176	-0.75925622	-0.81109079	-0.72737059	-0.68983817	-0.60645054	-0.61408689	-0.58048694	-0.56570809	-0.49605024	-0.4813269	-0.47218073	-0.38531798	-0.37518999	-0.31733997	-0.34656093	-0.29026721	-0.23752552	-0.23304364	-0.18951576	-0.13283328	-0.14756746	-0.10984341	-0.073886553	0.021879481	-0.026232799	-0.0073251056	0.02904256	0.081982875	0.088300894	0.12048255	0.22013631	0.21790182	0.22417976	0.27395785	0.21263348	0.20364788	0.22031281	0.32644107	0.28810758	0.3195724	0.38377869	0.39272204	0.41922088	0.3713982	0.39927464	0.40176382	0.41947321	0.51687423	0.4925722	0.4265644	0.50985254	0.46073085	0.52751728	0.52529995	0.53925895	0.50320921	0.51810623	0.52992981	0.53949367	0.53873159	0.54176998	0.54367981	0.61870478	0.58604488	0.6023181	0.59765639	0.62430756	0.64001019	0.61633521	0.64782889	0.65471791	0.65400764	0.60985556	0.66180241	0.598561	0.65781543	0.58927799	0.70894105	0.68210259	0.66410735	0.63389551	0.63256355	0.68387953	0.69149582	0.67537075	0.68566416	0.73780119	0.61963604	0.75113533	0.59854978	0.65391133	0.71036248	0.68655732	0.70623095	0.67295654	0.67343777	0.70085183	0.76917944	0.70197576	0.69668547	0.68533138	0.70256933	0.71314995	0.67757456	0.73143982	0.75464532	0.8025212	0.71302224	0.69201803	0.70922644	0.68170089	0.68095797	0.77122496	0.75064778	0.73337617	0.71737507	0.66906841	0.69094433	0.68724051	0.71790683	0.69981355	0.71425803	0.70289693	0.68806835	0.69957608	0.76035216	0.72918826	0.69842373	0.7209758	0.70286523	0.71095638	0.73211767	0.74611683	0.70608882	0.70039746	0.66654413	0.66922581	0.69986268	0.72084978	0.73724781	0.71372799	0.77217806	0.73315951	0.72288265	0.73205989	0.70926448	0.76821889	0.71398849	0.67787803	0.71300567	0.71349486	0.7094747	0.74580249	0.76095847	0.65542303	0.72428038
44	0.77296692	0.8157279	0.78398654	0.75687784	0.74142427	0.79368764	0.77338736	0.78365856	0.81749917	0.76312686	0.76787166	0.78518006	0.79638584	0.80759163	0.77239291	0.8377453	0.802889	0.78803769	0.79099759	0.78693011	0.76880897	0.80528751	0.76411752	0.84532739	0.77516336	0.80070158	0.77112772	0.79607984	0.70055099	0.82602719	0.85504971	0.8125092	0.83128513	0.81123385	0.79615357	0.86502087	0.81011465	0.75227773	0.74314296	0.74237329	0.74160362	0.76713276	0.75108538	0.735038	0.81116165	0.88728531	0.82312181	0.7711174	0.77406456	0.77701172	0.83939767	0.84648424	0.75604008	0.87633648	0.78868257	0.84934859	0.76213424	0.83333666	0.88620529	0.78681866	0.80747313	0.82812759	0.88141321	0.83192528	0.92384073	0.78204777	0.8042006	0.84954146	0.8121841	0.87396582	0.82791477	0.81300532	0.85499334	0.57687434	-0.55728435	-1.6820195	-1.9359308	-2.0060298	-1.9492526	-1.9036063	-1.9085039	-1.9733918	-1.9530078	-1.918609	-1.8737686	-1.928028	-1.9719408	-1.9756907	-1.9218607	-1.9032621	-1.9028581	-1.816377	-1.8167253	-1.8319039	-1.8653903	-1.8544525	-1.8435147	-1.8512884	-1.811265	-1.7712417	-1.8680075	-1.8349911	-1.7993528	-1.7361342	-1.7144723	-1.7124056	-1.6705266	-1.7511979	-1.6033656	-1.6247548	-1.6553717	-1.6202674	-1.590094	-1.5599206	-1.638014	-1.5107556	-1.5800784	-1.5209488	-1.4948812	-1.5029543	-1.4589244	-1.4686627	-1.4610267	-1.4533908	-1.3869648	-1.4091972	-1.4095075	-1.4098177	-1.3301273	-1.271392	-1.2618298	-1.2323799	-1.1934215	-1.1466484	-1.1650359	-1.098476	-1.1700235	-1.0344135	-1.0227761	-0.98461276	-0.97525678	-0.8841705	-0.83735014	-0.78538648	-0.73409747	-0.74072306	-0.71191209	-0.65610426	-0.70442114	-0.64719958	-0.58997803	-0.61992271	-0.54220635	-0.56975094	-0.53971489	-0.44381829	-0.35891525	-0.43493304	-0.35780775	-0.3808114	-0.22345687	-0.24880458	-0.27415229	-0.19998582	-0.22528854	-0.22484729	-0.16627373	-0.1538621	-0.14364908	-0.03272144	0.030127438	0.041838073	0.040013884	0.048460638	0.093173202	0.07390621	0.12258252	0.19285714	0.19774337	0.20262959	0.22419941	0.24576919	0.23389841	0.22607005	0.21824172	0.29208142	0.29953836	0.30635741	0.27172196	0.3498412	0.40824029	0.40982226	0.39368229	0.41277673	0.4576282	0.5116402	0.51346955	0.47925842	0.48969672	0.47265484	0.53096802	0.57416435	0.46824919	0.51569962	0.53609733	0.58436497	0.60853774	0.6026612	0.63923208	0.57153138	0.68862198	0.58863649	0.64721248	0.65868321	0.65244912	0.66855372	0.64746029	0.65751798	0.70726256	0.69199827	0.64988777	0.70094364	0.7169252	0.66808803	0.75973856	0.70933686	0.69508956	0.69656821	0.70326211	0.7594491	0.7305766	0.7084714	0.6863662	0.72986065	0.73712082	0.70769495	0.71015694	0.7218742	0.6989601	0.71513168	0.73398272	0.7326974	0.72421689	0.71573636	0.73739887	0.82269276	0.764495	0.78165341	0.79377424	0.70530877	0.72642958	0.75909929	0.73400297	0.75079563	0.79996803	0.7047538	0.73094915	0.68575497	0.75867255	0.72367393	0.74921842	0.77082784	0.78164161	0.774602	0.72123345	0.78386034	0.77348289	0.78414787	0.78373378	0.83180074	0.80003108	0.82936997	0.78259944	0.79249294	0.79979276
44	0.66761779	0.69401359	0.66118736	0.71064682	0.68019608	0.70451649	0.65133498	0.64771048	0.70441314	0.64904148	0.67156592	0.6857363	0.70135516	0.67148089	0.62522319	0.75816555	0.68863426	0.65482778	0.65886504	0.7448178	0.64540047	0.75856393	0.6861608	0.70716969	0.72159892	0.67754108	0.65186512	0.67588185	0.66591121	0.71170918	0.66124696	0.66159307	0.6610983	0.66217686	0.61525072	0.64917419	0.64575046	0.69842998	0.74551614	0.7124361	0.65855786	0.71466084	0.76453419	0.63822647	0.6660186	0.69056755	0.73384801	0.67874169	0.67679925	0.64438477	0.7638229	0.71686495	0.68894071	0.70300559	0.77459681	0.66909685	0.77680422	0.68238524	0.73825652	0.69840777	0.71628202	0.75598492	0.77176153	0.70864852	0.72689443	0.77014991	0.65093516	0.62440901	0.76402894	0.76575191	0.68206166	0.74898128	0.70683943	0.43729885	-0.70227727	-1.8364211	-2.1560677	-2.214285	-2.2210572	-2.1634649	-2.1734302	-2.1552042	-2.1157652	-2.149918	-2.1975118	-2.140583	-2.1804012	-2.1092749	-2.1030003	-2.0863451	-2.1424027	-2.0469579	-2.091087	-2.1008799	-2.0617221	-2.0003629	-2.093865	-2.0135813	-2.0217445	-2.0007412	-1.9613987	-2.0196155	-2.0024124	-1.9424527	-1.9330951	-1.8353794	-1.9097084	-1.8083264	-1.7280097	-1.6949796	-1.8263197	-1.6481384	-1.6512977	-1.5892283	-1.6276282	-1.6016419	-1.5291584	-1.4873346	-1.529609	-1.4992395	-1.443249	-1.3773272	-1.3376642	-1.2972057	-1.2531651	-1.2378922	-1.1911583	-1.0835052	-1.1460948	-1.0850259	-1.0462531	-0.97905236	-0.90640741	-0.94628859	-0.85090722	-0.89506337	-0.74017538	-0.8128287	-0.75323548	-0.69231675	-0.63495574	-0.65163952	-0.57556321	-0.5579348	-0.59035499	-0.45978736	-0.46235511	-0.33142313	-0.41134221	-0.36422131	-0.32510674	-0.2804688	-0.21223176	-0.18401411	-0.2050627	-0.12188354	-0.13377499	-0.090439144	-0.047609815	0.012471368	0.047578126	0.13025779	0.073084908	0.09764354	0.14002347	0.15470864	0.18004622	0.13420302	0.18174938	0.21645413	0.24470354	0.30444857	0.31196817	0.2032426	0.36435274	0.30433913	0.39360079	0.3971039	0.43172035	0.35652282	0.43552772	0.48837571	0.42020055	0.42197664	0.44786099	0.54471236	0.46178927	0.46684392	0.48908485	0.56908198	0.56218383	0.59192664	0.52867404	0.60970883	0.56490237	0.58202246	0.56974454	0.55055763	0.62925803	0.49135845	0.59470084	0.58025151	0.6399316	0.56233024	0.68046146	0.61735091	0.56543842	0.63476949	0.64939561	0.57540515	0.55332096	0.67805227	0.66303669	0.56371534	0.70237919	0.66377133	0.65292332	0.65122294	0.67345182	0.62974884	0.70825794	0.75236624	0.67045334	0.63826321	0.60675705	0.69809435	0.58989589	0.65184649	0.7147979	0.68050865	0.70124673	0.67328654	0.67912486	0.64376803	0.65155056	0.63916874	0.66593082	0.65445504	0.64364688	0.63334338	0.67621569	0.65361028	0.55085792	0.6794185	0.70244843	0.67092118	0.72153628	0.69573723	0.61021806	0.6635893	0.70254323	0.71069534	0.68017664	0.65963317	0.70919508	0.6523089	0.662178	0.68584906	0.7155172	0.60986935	0.68930603	0.71017068	0.68162944	0.69656743	0.70801079	0.76355582	0.7097473	0.69291596	0.61830968	0.69339648	0.6696742	0.64256151	0.6342604	0.72481048	0.68206693
44	0.78281813	0.7293507	0.70723793	0.79435059	0.69406031	0.76345503	0.67958428	0.7695911	0.71853038	0.73169006	0.72157802	0.72481303	0.78683634	0.77048273	0.73365095	0.76065845	0.7378524	0.73001504	0.83058982	0.79241794	0.75491402	0.78612868	0.78000099	0.83446066	0.72441773	0.77780067	0.73754125	0.73711213	0.78784339	0.73987259	0.72546217	0.76667905	0.80002054	0.73278045	0.72903249	0.80928953	0.76132647	0.85672065	0.7514533	0.7972202	0.76744537	0.75720719	0.76628678	0.72760005	0.84444633	0.7598321	0.77549929	0.73947733	0.7889639	0.81924865	0.78751643	0.84608899	0.79906511	0.78949909	0.55398494	-0.63491781	-1.6822745	-1.9963958	-2.0722788	-2.0477273	-2.0522149	-2.0285043	-1.956068	-2.060525	-2.0480947	-2.0614649	-2.0110458	-2.0031733	-2.002706	-1.9585543	-1.9625889	-1.9251298	-2.0018998	-1.9934446	-1.8841014	-1.9480386	-1.9058498	-1.8777083	-1.8485239	-1.8157446	-1.8975502	-1.8376109	-1.8253382	-1.8603311	-1.8238864	-1.836129	-1.7885112	-1.7455365	-1.8010549	-1.727464	-1.7699381	-1.6322369	-1.7043027	-1.673056	-1.6073134	-1.6422484	-1.625136	-1.6487233	-1.5895577	-1.5140788	-1.5828409	-1.47579	-1.4310528	-1.4352771	-1.4339321	-1.3700325	-1.3476043	-1.3098944	-1.3076064	-1.2246061	-1.2330192	-1.2182541	-1.1670451	-1.1329938	-1.0731713	-1.0835317	-1.0172522	-0.95751878	-0.96290645	-0.9527365	-0.89374734	-0.86263808	-0.82740045	-0.72142809	-0.68949415	-0.71326906	-0.64195591	-0.64681615	-0.68386758	-0.51453777	-0.52724409	-0.48779325	-0.51312687	-0.43599619	-0.368654	-0.28578597	-0.33401928	-0.3092376	-0.25883389	-0.3260589	-0.21580849	-0.15845537	-0.1655346	-0.078883679	-0.037759465	-0.05991975	-0.028705788	-0.0052403084	0.012335599	0.054892089	0.058456583	0.18575127	0.11479643	0.18796958	0.18914418	0.24261802	0.26861792	0.21560186	0.27146098	0.28330526	0.29218054	0.3006497	0.31184341	0.34865904	0.41604178	0.37647232	0.4353606	0.38720087	0.45701446	0.48171189	0.45291643	0.4552137	0.49549739	0.50049644	0.49787975	0.55530494	0.54812979	0.55237504	0.53311966	0.55472416	0.51265809	0.57768343	0.6038838	0.58542461	0.5681592	0.65113254	0.6293296	0.55190254	0.63329168	0.61107298	0.6160841	0.60358142	0.6978719	0.62866935	0.60541958	0.60822925	0.68016627	0.69262848	0.60993725	0.64052447	0.60923664	0.7111879	0.65981279	0.65026998	0.71018776	0.61548395	0.68863627	0.63367576	0.67882004	0.68108068	0.68631801	0.73430631	0.69887086	0.68728096	0.72693829	0.72076846	0.67787756	0.69210203	0.70502939	0.69831027	0.70802412	0.69782031	0.76361379	0.78791158	0.7171931	0.70823013	0.68125187	0.6965391	0.70953863	0.66663843	0.69920158	0.70547701	0.76470078	0.72266249	0.80333396	0.73429073	0.74165292	0.76418342	0.70817483	0.67799757	0.65743322	0.63979836	0.69534817	0.73492843	0.73047886	0.72210046	0.78181758	0.72046315	0.72390741	0.707116	0.7359457	0.72538553	0.73551871	0.70265083	0.67379837	0.75519701	0.74640184	0.67332168	0.74599241	0.76416793	0.79215363	0.71459181	0.79078664	0.77693704	0.77269829	0.68891147	0.73595385	0.7698616	0.72664497	0.6651073	0.73745035	0.74810659	0.7011243	0.71937221	0.78496085
44	0.85660867	0.85455777	0.84459784	0.83463792	0.82757885	0.82051978	0.80836133	0.79620288	0.83314215	0.79269916	0.85153072	0.80563547	0.82022114	0.82038783	0.84081872	0.7615667	0.8368351	0.77667538	0.79400294	0.77546447	0.84747906	0.8153324	0.82513483	0.76072079	0.79695114	0.8358385	0.80690314	0.80299466	0.81164441	0.79322362	0.76649234	0.84234477	0.86760707	0.88553156	0.84595109	0.87818449	0.86637597	0.91506032	0.86022594	0.85331131	0.82491214	0.84532171	0.86742743	0.776596	0.80837801	0.84016001	0.83364715	0.80340451	0.85219665	0.8311225	0.89125138	0.86843617	0.88847472	0.88565239	0.88283007	0.83267047	0.87788663	0.9646546	0.88337359	0.88857352	0.84511855	0.85900259	0.85579128	0.89651147	0.92356063	0.87158545	0.94606834	0.78938762	0.55259605	-0.55659933	-1.0620664	-1.5675334	-1.8770712	-1.9583348	-1.8708468	-1.9174021	-1.8866304	-1.8859834	-1.9850136	-1.9043598	-1.8244152	-1.8316017	-1.8260482	-1.8819392	-1.7835066	-1.8425415	-1.8091517	-1.7757619	-1.8278043	-1.8406214	-1.7497256	-1.7602545	-1.7720149	-1.7562495	-1.7284808	-1.7992881	-1.6946852	-1.6976742	-1.6788051	-1.6599361	-1.6691147	-1.6782933	-1.711983	-1.6925049	-1.6730268	-1.6262096	-1.5793923	-1.6099656	-1.5671075	-1.5661407	-1.6574872	-1.5893621	-1.5102792	-1.5330617	-1.5035774	-1.4585821	-1.4411297	-1.4501555	-1.4429504	-1.4357453	-1.380289	-1.3654784	-1.3506678	-1.3337329	-1.3055113	-1.3230791	-1.3110573	-1.243002	-1.1763956	-1.1767607	-1.1376805	-1.0725736	-1.0719198	-1.071266	-1.0605299	-1.069904	-1.0792781	-0.9987932	-0.96110718	-0.9546708	-0.89015066	-0.85318597	-0.80864653	-0.81802124	-0.7344428	-0.69209112	-0.67469517	-0.65138466	-0.64240994	-0.62844612	-0.55640967	-0.52350429	-0.48120801	-0.39147027	-0.39215849	-0.4274353	-0.39916411	-0.37089296	-0.31530836	-0.30917134	-0.26659888	-0.24988341	-0.23316797	-0.19125519	-0.14016579	-0.10186204	-0.021457185	-0.040781571	-0.019530313	0.0017209053	0.0092727863	0.016824707	0.050435347	0.031643338	0.089254463	0.071809016	0.054363569	0.20180924	0.20355728	0.30079381	0.30197886	0.2912692	0.3060942	0.29817704	0.3102061	0.28105531	0.32854994	0.35832401	0.399539	0.3855643	0.43619551	0.43111353	0.47732273	0.49304922	0.4801335	0.50050648	0.47527668	0.45004688	0.48768515	0.52532342	0.53147992	0.49004404	0.54491656	0.55163973	0.55836289	0.60808943	0.63127307	0.64717739	0.66308171	0.61492363	0.57188173	0.63814991	0.58551439	0.70706653	0.64719917	0.72567754	0.67855011	0.69511507	0.68255281	0.66426225	0.71298389	0.74647425	0.79831955	0.73167663	0.66503371	0.65257259	0.78017986	0.69011845	0.69677911	0.73077119	0.73682802	0.74288485	0.71698513	0.75089103	0.78479694	0.76831031	0.72851747	0.788577	0.76798166	0.74738631	0.80285933	0.7967017	0.8016425	0.78005582	0.78125909	0.76804824	0.727185	0.81585868	0.79887129	0.79175089	0.71537563	0.83958832	0.81515717	0.79072602	0.86218849	0.79014512	0.78279435	0.7916461	0.77293455	0.75422299	0.78604102	0.80678901	0.82753701	0.81156915	0.79560128	0.79566956	0.77826514	0.79423278	0.80673838	0.7614752	0.80941	0.75127149	0.81988001	0.82339936	0.79025663
44	0.72224581	0.75740067	0.72566287	0.74640427	0.70627278	0.68684917	0.79169286	0.76411226	0.70671004	0.70563909	0.64402183	0.70499491	0.68799407	0.70849263	0.7042809	0.74040341	0.72884803	0.74814966	0.72767768	0.69358103	0.73864783	0.73049618	0.74799355	0.78674471	0.7183379	0.71881297	0.66737959	0.65226695	0.72450531	0.69497091	0.7935946	0.68677329	0.80487335	0.7460852	0.73185851	0.69782182	0.73366189	0.76658591	0.72139235	0.68714591	0.70091151	0.70666255	0.71835415	0.79421547	0.70043562	0.72171203	0.72131274	0.73521092	0.70993737	0.80643121	0.7138247	0.80467625	0.71309954	0.76746253	0.77451276	0.78704953	0.78060062	0.74196028	0.77737363	0.75440555	0.77218172	0.75291258	0.72146427	0.74588842	0.75809665	0.76241125	0.78844814	0.76748236	0.79945385	0.8283567	0.7601315	0.75886965	0.75374472	0.44791288	-0.62190089	-1.8239779	-2.0364903	-2.0418032	-2.1101403	-2.1208432	-2.0739317	-2.0299283	-2.0884224	-2.018597	-2.0483598	-2.0723613	-2.0584821	-2.0658602	-1.9877671	-2.0373808	-2.0065956	-1.9460048	-1.9653703	-2.0162616	-1.9819446	-1.9638527	-1.9086223	-1.970078	-1.9152892	-1.9059815	-1.9723619	-1.9264834	-1.8283855	-1.8397543	-1.8922537	-1.7936426	-1.8631428	-1.7765266	-1.7225991	-1.7107657	-1.7613226	-1.7566486	-1.6833728	-1.5907689	-1.6315058	-1.633516	-1.5761197	-1.566332	-1.4784255	-1.4325084	-1.4585227	-1.4469649	-1.3635118	-1.3599949	-1.3490843	-1.3138754	-1.2611315	-1.2913695	-1.2275981	-1.1895695	-1.1690988	-1.1105154	-1.0283848	-1.0442295	-1.0653322	-1.0050091	-0.88842371	-0.9077902	-0.92227228	-0.89626664	-0.82393376	-0.74784333	-0.73278458	-0.66346044	-0.62106127	-0.5914802	-0.56626924	-0.54297839	-0.46964862	-0.50302926	-0.46020581	-0.3806356	-0.32697101	-0.32315503	-0.27889355	-0.19744474	-0.24428476	-0.19327614	-0.20553124	-0.16957005	-0.085015635	0.0013388715	-0.035492381	0.027028728	-0.027324641	0.015262968	0.06735411	0.10022162	0.10043904	0.097347309	0.14329395	0.17037848	0.20645982	0.18943921	0.23870643	0.32807607	0.27898063	0.28811008	0.3142753	0.31411384	0.34676902	0.36167718	0.37961277	0.38251924	0.40081871	0.51427038	0.42949406	0.44094314	0.43080764	0.4880277	0.52247778	0.56207601	0.4812192	0.5534588	0.50474087	0.48599278	0.54070625	0.58475697	0.61326403	0.5371025	0.53635273	0.56067035	0.60322601	0.58109341	0.53726628	0.60386889	0.67852662	0.64715877	0.62653011	0.6731923	0.59890765	0.59639019	0.67484484	0.64551651	0.61349292	0.64192429	0.62120854	0.69971152	0.61760392	0.69378825	0.68100847	0.67753003	0.68081638	0.70604246	0.65806061	0.67792777	0.69244513	0.69178781	0.65651412	0.72855127	0.74967409	0.65869603	0.70207789	0.70286476	0.72890667	0.63657712	0.69911454	0.75861879	0.71132997	0.70365398	0.74055983	0.69664093	0.71527247	0.69098193	0.67911251	0.65081639	0.71528344	0.6903347	0.64777839	0.69597865	0.66704637	0.71466092	0.67087628	0.76779488	0.65772698	0.68781744	0.68032551	0.70060054	0.62953512	0.69949988	0.71638545	0.73070013	0.67316079	0.69959332	0.75300467	0.69071438	0.76572543	0.76190293	0.65159954	0.69663258	0.70710837	0.78021862	0.75597822	0.73519057	0.73143978
44	0.70336957	0.65676167	0.66813739	0.67820839	0.67629803	0.66304476	0.75071122	0.73985995	0.71216894	0.6997088	0.72554085	0.73225402	0.66082221	0.63728432	0.610733	0.74404043	0.67147628	0.73544689	0.69248137	0.68089892	0.62751991	0.70158759	0.64364974	0.72089316	0.70593296	0.60933041	0.70348784	0.6533846	0.64960642	0.66472352	0.64903667	0.69077825	0.63261566	0.69354388	0.57727751	0.67442503	0.63940915	0.62698641	0.69839318	0.69088249	0.65884368	0.75173582	0.66431865	0.64868713	0.70338551	0.69587593	0.66392974	0.66592811	0.64649847	0.68386088	0.64513505	0.69518371	0.66184927	0.63561298	0.69562593	0.649745	0.67410303	0.74423838	0.67355054	0.6836926	0.76506519	0.69522165	0.66473201	0.70523417	0.66599332	0.72143214	0.76940378	0.78574756	0.64553674	0.69731717	0.73258936	0.75790929	0.6575836	0.70760008	0.7096968	0.76875061	0.70455359	0.71214405	0.71747597	0.73579005	0.7428563	0.73909045	0.73093978	0.68435224	0.7768611	0.68991071	0.78883563	0.78822694	0.63697664	0.39568858	-1.7972776	-2.1751764	-2.1701035	-2.1842268	-2.1355742	-2.2178344	-2.2198176	-2.117912	-2.1299739	-2.1298524	-2.1278225	-2.1332928	-2.1812475	-2.1023143	-2.0962505	-2.1216274	-2.1090469	-2.0546368	-2.0532198	-2.0374778	-1.9577136	-1.9822778	-1.9541655	-2.0373869	-1.9936655	-1.9483256	-1.9680405	-1.970397	-1.8738565	-1.9380737	-1.8485214	-1.8935837	-1.8233359	-1.7824036	-1.8294368	-1.7394969	-1.7544357	-1.6992104	-1.6009085	-1.6494377	-1.6389763	-1.5553081	-1.5929605	-1.5239934	-1.5186898	-1.5310846	-1.4608707	-1.4677361	-1.3155791	-1.2880984	-1.3685171	-1.2470223	-1.1662428	-1.0850635	-1.1148365	-1.0806148	-1.1045949	-0.99467596	-0.98838533	-0.91113765	-0.90817279	-0.79783423	-0.83319528	-0.73378022	-0.61228482	-0.65073792	-0.57642528	-0.60624702	-0.54123223	-0.58565114	-0.49684527	-0.35091411	-0.36205074	-0.28933614	-0.21425484	-0.25845871	-0.24550699	-0.1727332	-0.15089284	-0.13373452	-0.076513746	-0.1520871	-0.011065892	0.0550105	-0.02518312	-0.05599406	0.010724485	0.10690778	0.19543896	0.10180043	0.19406183	0.18388798	0.19891769	0.26662231	0.19804985	0.25219495	0.28258137	0.28721841	0.25932574	0.26045143	0.35737924	0.35141613	0.41910372	0.36708057	0.39550713	0.43446533	0.44558276	0.4264599	0.40337309	0.430313	0.46032414	0.49444827	0.52068315	0.44814863	0.5120858	0.49902996	0.42639546	0.50193025	0.59866135	0.4861772	0.52442337	0.58422888	0.54869104	0.56028253	0.5432507	0.6031021	0.60829813	0.57949641	0.59612843	0.60582945	0.60984481	0.68071129	0.5965691	0.59126863	0.64217557	0.63215407	0.58475975	0.6244272	0.64184187	0.54035929	0.58812273	0.5398615	0.64184954	0.65886862	0.65008114	0.64972362	0.62734098	0.55511425	0.67188117	0.65796562	0.63794063	0.68032013	0.65362744	0.66835554	0.6019041	0.6456721	0.71586178	0.69243923	0.68179897	0.74187662	0.67325452	0.62549552	0.65681697	0.65764234	0.66438263	0.67174399	0.71367423	0.69772689	0.64022746	0.6703079	0.66420159	0.71006205	0.6458807	0.63678813	0.64029211	0.67979226	0.75382355	0.7124578	0.65530404	0.61001519	0.72683593	0.67313868	0.63919861	0.62803475	0.66954596
44	0.77379852	0.72112323	0.67064759	0.75853188	0.6621995	0.6639563	0.69394701	0.73382591	0.70901039	0.6925586	0.68979453	0.7326846	0.75719086	0.72847624	0.65732005	0.71310764	0.69222958	0.74417348	0.6898451	0.61708464	0.72624426	0.7430426	0.78592374	0.80278628	0.7343198	0.74042901	0.67363491	0.71390561	0.69741614	0.678967	0.72595718	0.71914215	0.63619777	0.76928454	0.67401826	0.7051897	0.61139684	0.68019921	0.72372697	0.68073269	0.68746458	0.65910682	0.72621134	0.71426777	0.72280463	0.71395061	0.71060037	0.72654817	0.7202872	0.77192703	0.74528272	0.69462092	0.76505562	0.75730228	0.77218772	0.74911525	0.71582569	0.75292065	0.74351129	0.71982434	0.74983907	0.7537403	0.70700971	0.73882938	0.73579934	0.66571366	0.69312414	0.73373315	0.68256273	0.75804219	0.71381475	0.71610405	0.7403477	0.75846453	0.77580341	0.68463812	0.83808494	0.79985338	0.46994362	-0.55775245	-1.7794005	-2.0017725	-2.122543	-2.1363763	-2.0992261	-2.1160823	-2.0882696	-2.1463723	-2.0367399	-2.0673497	-2.0038238	-2.0190647	-2.0163263	-2.0188835	-2.0309605	-2.0495884	-2.0104158	-1.9822615	-1.9429341	-1.9743991	-2.0301905	-1.9903343	-1.9537479	-1.8035337	-1.8550327	-1.9506861	-1.8948755	-1.8603676	-1.8814777	-1.7199698	-1.8612927	-1.815059	-1.771723	-1.8146523	-1.774674	-1.753189	-1.6971059	-1.6633356	-1.639466	-1.6272452	-1.6528834	-1.6312516	-1.5303324	-1.5231256	-1.494056	-1.4898882	-1.4923526	-1.5094922	-1.3643843	-1.3478089	-1.367548	-1.26277	-1.2057537	-1.1857257	-1.1682287	-1.1325297	-1.1672511	-1.0916028	-1.0923854	-1.0034634	-1.002435	-0.95839869	-0.96952535	-0.88355952	-0.83232174	-0.78228612	-0.75964291	-0.69653853	-0.72241417	-0.5879538	-0.59290288	-0.5553311	-0.55411558	-0.39308776	-0.47202979	-0.42168818	-0.39001418	-0.30530225	-0.39523961	-0.31663297	-0.2405522	-0.21025361	-0.18030631	-0.12147503	-0.10581805	-0.041110215	0.01090379	0.017330863	-0.045982673	0.089548834	0.057445027	0.1678832	0.12890573	0.16968768	0.17694843	0.19212785	0.24837794	0.19711483	0.28419931	0.31615576	0.31635569	0.32256636	0.30630354	0.34842653	0.41315536	0.43201679	0.39591736	0.36225419	0.3885003	0.41222601	0.49595423	0.46322791	0.493554	0.53801745	0.56516434	0.47672238	0.53400489	0.57193787	0.4478137	0.58771522	0.5601618	0.56177379	0.55095181	0.59805948	0.53686473	0.6284015	0.61591369	0.68415534	0.61083068	0.59364644	0.65015045	0.6157004	0.67249856	0.62977772	0.62008831	0.68797597	0.65356614	0.67417868	0.65915717	0.65655106	0.64014281	0.64978904	0.70772333	0.66252368	0.69456433	0.73001696	0.68059692	0.67433949	0.65544396	0.5677807	0.65901318	0.66581954	0.68985576	0.669442	0.70431736	0.67729082	0.66355491	0.69127243	0.69620169	0.73596882	0.72216036	0.65564619	0.70239487	0.69027954	0.68446358	0.63747688	0.69091843	0.66519224	0.70209311	0.723748	0.64879222	0.68289026	0.70521154	0.71058604	0.704503	0.62063697	0.65913024	0.65554665	0.75288466	0.67377523	0.67482021	0.69913867	0.6898301	0.68569277	0.7666481	0.69174063	0.66284411	0.73361106	0.71272637	0.69955416	0.66939867	0.72562314	0.69911647	0.75216233	0.74420761
44	0.6638668	0.72943417	0.69846649	0.76964531	0.69945344	0.65462547	0.7062433	0.73075723	0.72663249	0.69077707	0.68387961	0.66706372	0.73730441	0.70728343	0.70619888	0.70709002	0.6961823	0.72325749	0.70333821	0.66620971	0.69656978	0.77086363	0.71463727	0.70559027	0.72227908	0.7356676	0.75292991	0.69981383	0.68244954	0.7182186	0.63970062	0.68221383	0.69713265	0.72659403	0.67606077	0.72289201	0.74011605	0.6553248	0.73977233	0.6964779	0.69138148	0.73374004	0.65409846	0.70313698	0.71693743	0.68438998	0.70524725	0.69709543	0.68885295	0.66645347	0.71092573	0.66394274	0.74992509	0.67583688	0.66297052	0.70374537	0.71169911	0.76304863	0.66579723	0.7700309	0.69905372	0.7307504	0.62626679	0.69338293	0.72610044	0.69530311	0.6615679	0.80769647	0.74344288	0.67858774	0.74069599	0.69776515	0.72542398	0.71964704	0.71604837	0.74663143	0.69526725	0.71447064	0.69192872	0.78297784	0.68054983	0.68530388	0.73679857	0.70244147	0.77491787	0.76013213	0.76352407	0.8088926	0.80414119	0.74782235	0.75991376	0.75979482	0.73535219	0.77248561	0.69038847	0.76756881	0.40473473	-1.8161276	-2.1129914	-2.0836862	-2.1741203	-2.1228212	-2.1171064	-2.0301604	-2.0339065	-2.1361968	-2.0727347	-2.0549544	-2.1089514	-2.0644642	-2.0709566	-2.068265	-2.0647186	-2.0085583	-2.0421844	-2.0050367	-2.0039159	-1.9700317	-1.9335662	-1.9569736	-1.9664537	-1.9390526	-1.9009394	-1.8760954	-1.946527	-1.8760604	-1.8367279	-1.8609809	-1.8061898	-1.7964205	-1.7957485	-1.7686933	-1.7628129	-1.742476	-1.7262858	-1.6977492	-1.6059727	-1.6851623	-1.5575095	-1.5847476	-1.5584076	-1.4620773	-1.4926552	-1.4041217	-1.4117916	-1.331486	-1.3517417	-1.3147854	-1.2279701	-1.177411	-1.2167735	-1.1964851	-1.1354315	-1.1209475	-1.0492574	-0.95411073	-0.99464958	-1.0007213	-0.92210089	-0.92690008	-0.849419	-0.79912416	-0.7414457	-0.73682421	-0.69659433	-0.63567633	-0.58385422	-0.54295179	-0.46800115	-0.5232074	-0.53710031	-0.44645737	-0.3623368	-0.38898366	-0.27194127	-0.27217333	-0.21735597	-0.17682486	-0.16457185	-0.1498217	-0.10559435	-0.090776855	-0.11621334	0.036773757	0.090107977	0.035827606	0.12123789	0.073400551	0.17186544	0.092863973	0.17997813	0.096280165	0.16530161	0.15144458	0.19710367	0.27512626	0.30427368	0.25206983	0.31311394	0.36640843	0.30142508	0.38508397	0.34379637	0.26976865	0.41405921	0.48471089	0.41262548	0.38917591	0.43526553	0.46009245	0.47373295	0.42099064	0.47153093	0.54936616	0.55627651	0.50910263	0.52156014	0.52481152	0.55629551	0.53852719	0.56580566	0.56722954	0.59073006	0.63246638	0.58801476	0.59675279	0.64685553	0.58289455	0.58918868	0.60523499	0.68617471	0.59738369	0.57504002	0.58703895	0.66504912	0.64849887	0.70141827	0.61106806	0.68444597	0.68181259	0.72016393	0.69365191	0.67805153	0.66085779	0.71299613	0.6981811	0.71210695	0.71092451	0.66116953	0.61990764	0.67990605	0.6739424	0.66462716	0.65422585	0.66495228	0.68701143	0.65387394	0.65109837	0.63024985	0.69823684	0.62196727	0.66032342	0.71455464	0.69365202	0.70740839	0.64001545	0.69958503	0.66100349	0.63447634	0.63350684	0.73482257	0.65887853	0.70277469	0.68882424	0.67966205
44	0.70278934	0.71424612	0.66455391	0.7315791	0.69988491	0.7324105	0.68423691	0.70846278	0.64578092	0.73115238	0.61009202	0.68385301	0.69636914	0.67278356	0.64310148	0.74543392	0.69090709	0.73803648	0.69489251	0.76729713	0.71246377	0.70374813	0.73470424	0.71760108	0.68327958	0.71145311	0.66645173	0.70578055	0.67945854	0.69231957	0.71674464	0.69199913	0.67946734	0.74056259	0.69260517	0.6512923	0.69931414	0.69740983	0.71310507	0.7261932	0.69678747	0.76078057	0.70865502	0.75066297	0.70944075	0.76889228	0.69382088	0.73586661	0.78718145	0.72079532	0.6847605	0.74502866	0.69834155	0.73787879	0.70569053	0.67685225	0.69364915	0.72235173	0.73803665	0.66896251	0.70218393	0.78442685	0.7456179	0.71121757	0.75829877	0.74722594	0.75159369	0.80485846	0.78358645	0.71370356	0.76114751	0.41136883	-0.65502503	-2.0937987	-2.09145	-2.0734295	-2.1728603	-2.11222	-2.1484487	-2.1219591	-2.0664703	-2.0398567	-2.1046633	-2.04052	-2.0790616	-2.0214018	-2.0448992	-2.0102951	-1.9553739	-2.0575542	-2.0322078	-2.0159465	-2.0502848	-1.924561	-1.937505	-1.935085	-1.995622	-1.9445315	-1.9870803	-1.9245772	-1.9413006	-1.8689248	-1.8691077	-1.8697793	-1.8045605	-1.7730818	-1.802682	-1.7461965	-1.6587567	-1.8050127	-1.663444	-1.6581584	-1.6635319	-1.5909046	-1.6103854	-1.5707253	-1.5763879	-1.5448928	-1.4790264	-1.4402996	-1.4293675	-1.3308472	-1.3928016	-1.3196666	-1.3370061	-1.2322494	-1.2111526	-1.1901291	-1.1393189	-1.0997195	-1.033498	-1.0319066	-0.99631497	-0.90500022	-0.85061228	-0.84151286	-0.84773866	-0.81478441	-0.74183107	-0.61600079	-0.63598636	-0.60227083	-0.5473367	-0.54350674	-0.53243275	-0.4216561	-0.43376331	-0.39156653	-0.31291731	-0.32287654	-0.27509547	-0.22966421	-0.16158357	-0.16883095	-0.093821214	-0.099022585	-0.051913401	0.021850932	-0.061485852	0.024238889	0.019611026	0.055863611	0.084196619	0.10368002	0.099685847	0.23775495	0.2224463	0.16384159	0.20962145	0.25619631	0.28600912	0.30124549	0.35356035	0.340622	0.37533126	0.41493719	0.37099963	0.42001876	0.48077161	0.48445989	0.40239653	0.47374622	0.46762495	0.50095245	0.5047564	0.51413859	0.49706382	0.55377291	0.55465956	0.48040753	0.49165663	0.50460475	0.54530732	0.56782981	0.58049341	0.5619782	0.58233612	0.59715268	0.64568878	0.61765011	0.55656025	0.60895713	0.63238786	0.59044523	0.64096319	0.59984909	0.61591888	0.60281585	0.69462475	0.68217976	0.67199848	0.65616225	0.67751507	0.6487428	0.64064142	0.61495139	0.63621477	0.64496721	0.66398342	0.66216574	0.66471617	0.63609877	0.66376075	0.65185326	0.69186183	0.66525538	0.60399072	0.69477138	0.67921502	0.66442087	0.57695819	0.66800433	0.63095061	0.63922604	0.67204432	0.67037819	0.66061278	0.66850297	0.63326796	0.66399671	0.69760996	0.66628768	0.70540836	0.63817594	0.6730711	0.69841965	0.67951683	0.71568083	0.69076769	0.6842013	0.63294187	0.69006991	0.6912727	0.67254698	0.70064266	0.77804725	0.65878508	0.66013543	0.71186778	0.70124031	0.71047117	0.74345676	0.69619031	0.62303252	0.65133548	0.70895167	0.65494675	0.69489694	0.67026501	0.70460815	0.65151981	0.66804036	0.68652155	0.66786016	0.675678
44	0.65688705	0.69001894	0.714802	0.68023951	0.71155863	0.72142785	0.74113915	0.70288147	0.76717377	0.7238138	0.74442045	0.68975441	0.70913902	0.70138961	0.77079454	0.81191393	0.80392373	0.68504093	0.70488774	0.72417953	0.75677242	0.75171824	0.66547591	0.71254019	0.7098173	0.75013365	0.69940097	0.72999502	0.6776287	0.69117645	0.71747802	0.72429424	0.73776217	0.7181993	0.70934333	0.71085	0.74716867	0.78946147	0.74064188	0.74293772	0.7592147	0.83671889	0.74344624	0.7422685	0.77900434	0.71978232	0.7770209	0.73558397	0.82739147	0.73766199	0.72725055	0.74670147	0.74562925	0.72170544	0.76285768	0.75684871	0.76532758	0.71517948	0.78336159	0.82414698	0.79831537	0.76059367	0.73129602	0.77307458	0.72953262	0.75587282	0.80261882	0.75843188	0.74540917	0.83150934	0.82019428	0.79716106	0.81094411	0.80265849	0.7938854	0.44797137	-0.67095548	-1.7568217	-2.0224927	-2.0930974	-2.1004679	-2.0592296	-2.0928741	-2.105201	-2.0376196	-2.0837035	-2.0694251	-1.9949078	-2.0107307	-1.9788544	-2.0940892	-2.0513599	-2.0317185	-2.0195462	-1.9601853	-1.993657	-1.9737693	-1.9246772	-1.9084799	-1.9207572	-1.9176852	-1.8720802	-1.8219658	-1.8111473	-1.8278905	-1.8400425	-1.8128712	-1.7808427	-1.8432895	-1.7473065	-1.7273732	-1.7578343	-1.7102859	-1.6296275	-1.7334152	-1.7272472	-1.6234587	-1.5989248	-1.522541	-1.5084632	-1.554252	-1.508121	-1.5182544	-1.403953	-1.4249392	-1.4023056	-1.3747566	-1.3037707	-1.3047685	-1.2845927	-1.2447747	-1.2118203	-1.1383237	-1.0908241	-1.098708	-1.0704483	-1.0407367	-0.95558379	-0.97883303	-0.93646688	-0.87615698	-0.83154271	-0.77984689	-0.79516834	-0.71337663	-0.70899068	-0.63238137	-0.65852187	-0.59764166	-0.57027981	-0.51805171	-0.44822031	-0.46178391	-0.48713659	-0.34455066	-0.33860596	-0.29860492	-0.29303844	-0.24819705	-0.21329106	-0.12728449	-0.10295142	-0.11574695	-0.11909067	-0.027119322	-0.03485252	0.0058869614	0.010541477	0.0036540699	0.083444446	0.082630457	0.16638504	0.13803097	0.1595271	0.16051422	0.19870694	0.19796607	0.27755254	0.26420009	0.32166932	0.3016126	0.31623436	0.3709502	0.35012189	0.32591585	0.3771705	0.35784327	0.41696426	0.46287084	0.4834647	0.46429696	0.4561061	0.43501571	0.50233947	0.47467251	0.51774845	0.5203307	0.43743866	0.5705652	0.5735758	0.52969263	0.50367593	0.53529527	0.55568081	0.62552382	0.62777613	0.53932325	0.55642446	0.58893564	0.64747002	0.60021941	0.5709862	0.62871467	0.65427085	0.5460851	0.65403709	0.62318629	0.70792553	0.61172692	0.67531307	0.72057744	0.67819184	0.70319438	0.58675052	0.7393765	0.66806232	0.68545281	0.65461688	0.68445477	0.6942974	0.66710145	0.70236871	0.72421541	0.70170725	0.70850579	0.67804268	0.72535691	0.71966587	0.68518507	0.7256638	0.65982435	0.69381303	0.6712964	0.74099571	0.74451261	0.67232826	0.70660008	0.77637919	0.75159051	0.7810086	0.66763173	0.71003155	0.68744861	0.67375017	0.6777016	0.74393761	0.7297555	0.68486879	0.72201045	0.70697769	0.70958047	0.70291274	0.79575056	0.62528551	0.69978098	0.71660323	0.75627984	0.75561232	0.77248239	0.72248326	0.71454671	0.66643167	0.77849249	0.71702942	0.69609365
44	0.62992592	0.71385591	0.74078562	0.7453389	0.81991619	0.71114152	0.67212196	0.75230644	0.76275386	0.71030617	0.73818241	0.73641895	0.74318039	0.71408061	0.75806103	0.64131441	0.69420012	0.66458837	0.72052704	0.67635542	0.73538295	0.68049196	0.74986124	0.68213	0.6967494	0.76110339	0.75397866	0.67237283	0.69622739	0.68934548	0.67543279	0.70261953	0.6874599	0.69277305	0.7577609	0.72169525	0.74356305	0.6978951	0.70933446	0.76063011	0.7059757	0.72128582	0.70699825	0.71021815	0.66136023	0.78012531	0.70989225	0.6921366	0.75003894	0.68400975	0.74074937	0.72264194	0.67388543	0.74912271	0.70970598	0.73196924	0.76399425	0.7486463	0.70701797	0.72163501	0.71613267	0.77956473	0.71156138	0.6880773	0.68307322	0.77650877	0.66457427	0.68900544	0.6872698	0.68253752	0.65886566	0.77167051	0.75713912	0.75334698	0.7385898	0.72678017	0.72080911	0.71149758	0.750304	0.69407543	0.71673448	0.68719641	0.6925818	0.77968328	0.72297311	0.78459481	0.70506349	0.74996607	0.6780071	0.75089336	0.74214116	0.69629736	0.71715299	0.7517564	0.65544797	0.74318678	0.69460648	0.77005238	0.72456224	0.75849155	0.77807294	0.83223844	0.8070394	0.7837317	0.69717743	0.72625251	0.78733092	0.34633589	-0.69435165	-1.806336	-2.0618599	-2.0972809	-2.1164531	-2.1460813	-2.091355	-2.0641547	-2.1071455	-2.0876032	-2.1122827	-2.0897648	-2.0277809	-2.1157544	-1.9957771	-2.0130234	-1.9988517	-2.0720233	-2.0365073	-2.0229401	-1.9957103	-1.9263475	-1.951151	-1.9652449	-1.9411717	-1.91931	-1.8884169	-1.8328252	-1.8133988	-1.8743635	-1.7899043	-1.8234882	-1.7587942	-1.7613781	-1.7222953	-1.6753686	-1.667373	-1.7359786	-1.5864009	-1.6539877	-1.585151	-1.5969376	-1.5913158	-1.6094464	-1.4858688	-1.5162246	-1.4547067	-1.4334422	-1.4122614	-1.3432067	-1.3704818	-1.3257187	-1.2799099	-1.2588074	-1.2608035	-1.1746437	-1.0915055	-1.0427606	-1.095778	-1.0745776	-0.99049548	-1.04875	-0.96901278	-0.90494425	-0.80292029	-0.80943405	-0.80437022	-0.70662848	-0.76962737	-0.61722294	-0.65610727	-0.67409886	-0.53281025	-0.56966552	-0.46011337	-0.477007	-0.39636799	-0.42239435	-0.33677845	-0.2995205	-0.30606257	-0.23366407	-0.1974563	-0.21850582	-0.14570423	-0.11580793	-0.090051094	-0.044024274	-0.06014022	0.01219257	-0.043529847	0.064935618	0.11118772	0.093550296	0.091378467	0.17833588	0.14203605	0.15063973	0.2605659	0.21118716	0.27055179	0.27950606	0.25432313	0.28634039	0.33067281	0.28380182	0.37250248	0.36989907	0.42669797	0.40916634	0.44120191	0.4568757	0.37817414	0.54202906	0.53648451	0.51560574	0.5819378	0.5696825	0.5691558	0.51782408	0.58414448	0.58790066	0.60818158	0.61311095	0.59543724	0.63716369	0.58084648	0.59046142	0.55598066	0.63309972	0.57100422	0.61342694	0.59339146	0.70972668	0.61838623	0.59868164	0.61386944	0.62900746	0.61296162	0.67303283	0.58269563	0.68001977	0.61859198	0.62462338	0.61152599	0.71242811	0.71768548	0.61094163	0.63480573	0.62629747	0.63847034	0.7286981	0.68547466	0.65046343	0.7191645	0.67059358	0.74212503	0.64074049	0.76669674	0.65999938	0.70360975	0.70337693	0.70153792	0.64961553	0.68612799	0.71645815	0.69144427
44	0.74780595	0.762968	0.73012284	0.68065317	0.77178791	0.66561009	0.73768014	0.76279003	0.72581754	0.73754771	0.71881114	0.72986987	0.71422824	0.7566836	0.77766977	0.70893698	0.72459143	0.69873252	0.73326503	0.69835582	0.72161509	0.70351879	0.72962909	0.70811067	0.68522363	0.71746818	0.70507998	0.68105272	0.66956157	0.71797113	0.77574994	0.72803067	0.72534151	0.71328712	0.71248754	0.72657712	0.75868552	0.73054295	0.73243842	0.70563052	0.67653714	0.67235922	0.67840255	0.74443939	0.65476739	0.68680455	0.68684934	0.72172329	0.74508164	0.73822592	0.76446259	0.74201474	0.76343342	0.64308831	0.72847277	0.72503203	0.70723263	0.72243997	0.65196002	0.70377112	0.69394162	0.60941869	0.71690958	0.73394699	0.66523168	0.77388122	0.72341828	0.76850929	0.77002893	0.75128501	0.72518929	0.79269723	0.76039464	0.73684319	0.76265252	0.75466351	0.74771403	0.69468494	0.69895422	0.78569654	0.77309376	0.75226873	0.71200957	0.70928762	0.70628428	0.78512136	0.73385335	0.74437523	0.74239502	0.72179496	0.7660168	0.72237406	0.75601296	0.7772476	0.78299885	0.82505912	0.76607562	0.68855821	0.39964254	-0.63630157	-1.794936	-2.0168208	-2.0687628	-2.0711938	-2.0838342	-2.08837	-2.0049994	-2.1309745	-2.0626798	-2.0643506	-2.0587549	-2.0400634	-2.0085131	-2.0151802	-2.0171265	-1.9832785	-1.9265816	-1.987266	-1.9420468	-1.9259282	-1.9247914	-1.9222186	-1.8930208	-1.8771642	-1.9023885	-1.8801016	-1.8726652	-1.8819032	-1.7772499	-1.8332804	-1.7668343	-1.7668867	-1.7267346	-1.8515492	-1.7731249	-1.7531748	-1.7595312	-1.7009375	-1.648037	-1.6632024	-1.5782184	-1.5415198	-1.6091091	-1.580448	-1.5149212	-1.5090531	-1.4030699	-1.3944274	-1.437971	-1.418183	-1.417008	-1.3651546	-1.3095948	-1.246648	-1.2253393	-1.1788957	-1.2221755	-1.1203428	-1.0788594	-1.0323435	-0.96821332	-0.96918174	-0.92917275	-0.91704871	-0.84866517	-0.75976556	-0.74512611	-0.76176032	-0.65981782	-0.62306159	-0.5856277	-0.60234638	-0.51167072	-0.47612507	-0.50028141	-0.4746629	-0.42665156	-0.3930107	-0.32453758	-0.32556471	-0.22635004	-0.22801084	-0.11384485	-0.19609902	-0.10969326	-0.13375221	-0.020841058	-0.0095468592	0.038955287	0.094396153	0.038197728	0.11526839	0.13827804	0.13719362	0.16746491	0.19333503	0.24473662	0.2023412	0.23691746	0.26833434	0.2284669	0.31318456	0.35293797	0.33443204	0.37814739	0.39248308	0.37181998	0.45121078	0.43869032	0.43508324	0.44096291	0.43382043	0.49069012	0.51727749	0.49326163	0.47519512	0.52388496	0.57003209	0.55983694	0.61326993	0.51999983	0.60942044	0.53277862	0.51667265	0.50801983	0.57703595	0.59114721	0.65001649	0.55438602	0.68150425	0.6325389	0.62259012	0.59044608	0.58036242	0.58879306	0.6420543	0.65413981	0.62737944	0.69403481	0.65663505	0.69621309	0.62705406	0.66537054	0.65689643	0.69799544	0.61585222	0.69905059	0.68428623	0.64322852	0.669628	0.66669421	0.66330242	0.61408648	0.69680207	0.71944623	0.64361461	0.64510092	0.67523674	0.66730367	0.68141013	0.6430161	0.66357041	0.65145831	0.67165196	0.67966737	0.75198345	0.64260295	0.78138426	0.76449378	0.7410935	0.66191038	0.68591589	0.71661054	0.6786437	0.72427531
44	0.76816278	0.7167794	0.76063675	0.7767579	0.7836957	0.79063351	0.82519238	0.69679082	0.76291118	0.73746164	0.73392255	0.7212051	0.75356577	0.81007111	0.69665725	0.79570524	0.77500575	0.78909595	0.71275644	0.80569238	0.77719616	0.75728193	0.69852094	0.82293603	0.76023531	0.70058538	0.69917931	0.70885018	0.75026912	0.71062729	0.77460463	0.76362373	0.77062732	0.82453957	0.78232198	0.74010438	0.71121582	0.72469604	0.75617731	0.70610363	0.78994007	0.82582967	0.79675327	0.75150254	0.80548281	0.83081764	0.75577508	0.77167554	0.74193119	0.74218191	0.72957257	0.76550898	0.83237468	0.766299	0.76721172	0.76068702	0.77828505	0.73999257	0.79835517	0.77776264	0.76261145	0.77593252	0.80472669	0.80625595	0.79546736	0.79960084	0.81559899	0.81602172	0.82081168	0.81550169	0.84475003	0.83178314	0.82004434	0.79746815	0.77685976	0.8231499	0.47684771	-0.55157028	-1.6014444	-1.9418925	-1.9897391	-2.0057655	-2.0345879	-1.9738126	-1.9341013	-1.89439	-1.9298244	-1.9267494	-1.9236746	-1.9936591	-1.9607639	-1.9577066	-1.9467673	-1.9412245	-1.8720933	-1.8723004	-1.8883637	-1.9044271	-1.8734021	-1.8391865	-1.8055602	-1.8501693	-1.8499017	-1.8367863	-1.858298	-1.7986034	-1.7746663	-1.8402299	-1.7792753	-1.8021961	-1.7113829	-1.7986843	-1.7471266	-1.6736098	-1.6707955	-1.6726344	-1.6649168	-1.6417751	-1.6105307	-1.6254684	-1.5336679	-1.5174824	-1.5451206	-1.499332	-1.5336924	-1.4611337	-1.4008482	-1.393167	-1.4130625	-1.3741573	-1.2904112	-1.2686792	-1.249389	-1.2367577	-1.2002527	-1.1873853	-1.1553491	-1.1124995	-1.0694209	-1.0318815	-1.0306937	-0.96059461	-0.98072191	-0.86691284	-0.89271285	-0.85164862	-0.83221654	-0.78193717	-0.70541062	-0.71477459	-0.64420875	-0.6288013	-0.5282337	-0.5362936	-0.56394227	-0.45319957	-0.40544039	-0.39312014	-0.38573081	-0.36945356	-0.36019243	-0.2817279	-0.23609558	-0.21534999	-0.19320525	-0.19773225	-0.098394922	-0.11944108	-0.084783906	-0.022369046	0.0047604323	0.026887752	0.04670269	0.078767392	0.12202639	0.12424445	0.14594398	0.16764351	0.1111762	0.15727907	0.17644113	0.18871032	0.21419343	0.26805243	0.27334696	0.35615176	0.28721853	0.36261472	0.31809601	0.39976038	0.39920882	0.41489414	0.46598776	0.46667117	0.42326287	0.53335836	0.50482598	0.45372602	0.53339505	0.51364646	0.55167052	0.52843086	0.51182428	0.55765399	0.56656985	0.60736083	0.60980364	0.60541181	0.61252338	0.62369963	0.65638753	0.61750539	0.63534722	0.55954283	0.64486164	0.60376404	0.69208018	0.68087922	0.66152502	0.62868877	0.65501024	0.68133171	0.64805237	0.67769977	0.75990212	0.70653284	0.59226049	0.6580811	0.64316222	0.67032515	0.67495018	0.71563995	0.67956069	0.67101651	0.68977742	0.73252982	0.78905034	0.75193396	0.72334476	0.6974692	0.76102859	0.68804902	0.7031453	0.67935899	0.77011565	0.7206994	0.67585552	0.75017032	0.70958719	0.69120976	0.71457924	0.72609356	0.72862027	0.81017464	0.82500247	0.74869465	0.78302354	0.81735242	0.76423485	0.74727552	0.77215878	0.75850814	0.75808258	0.68912602	0.76626212	0.75080133	0.75902606	0.70382648	0.74528735	0.76251572	0.78062701	0.74059263	0.76740674	0.75561522	0.67905844
