33	2.7938241	2.3104957	2.3104957	1.5219901	1.5219901	0.60759462	0.60759462	-0.26737021	-0.26737021	-0.40856643	-0.40856643	-0.51033191	-0.51033191	-0.51033191	-0.51033191	-0.6156636	-0.6156636	-0.40856643	-0.40856643	-0.6156636	-0.51389814	-0.51389814	-0.51389814	-0.51389814	-0.40856643	-0.40856643	-0.51389814	-0.51389814	-0.40856643	-0.40856643	-0.40856643	-0.40856643	-0.40856643	-0.40856643	-0.40856643	-0.40856643	-0.51722996	-0.51722996	-0.40856643	-0.40856643	-0.40856643	-0.51722996	-0.51722996	-0.10343789	-0.10343789	0.77842499	0.77842499	1.4429608	1.4429608	2.1373982	2.1373982	2.7858718	2.7858718	2.7263864	2.7263864	1.7183392	0.705626	0.705626	0.011188651	0.011188651	-0.52862155	-0.52862155	-1.3572897	-1.3572897	-1.4963523	-1.4963523	-1.1436245	-1.1436245	-1.2568383	-1.2568383	-1.3662565	-1.3662565	-0.66926288	-0.66926288	-0.034656212	-0.14787	-0.14787	-0.14900327	-0.14900327	-0.25994029	-0.25994029	-0.58790394	-0.58790394	-0.95036586	-0.95036586	-1.0483972	-1.0483972	-0.8360188	-0.8360188	-0.40856643	-0.40856643	-0.082879546	-0.082879546	0.24979691	0.46611208	0.46611208	0.4875395	0.4875395	0.40049745	0.40049745	0.30019736	0.30019736	0.069286378	0.069286378	-0.16905252	-0.16905252	-0.28851132	-0.28851132	-0.52862155	-0.52862155	-0.64867666	-0.64867666	-0.52862155	-0.16905252	-0.16905252	-0.050768721	-0.050768721	0.30019736	0.30019736	0.30019736	0.30019736	0.18014224	0.18014224	-0.17371872	-0.17371872	-0.17765546	-0.17765546	-0.52291348	-0.52291348	-0.52291348	-0.52291348	-0.52291348	-0.034656212	-0.034656212	-0.14900327	-0.14900327	0.37820962	0.37820962	0.64310587	0.64310587	0.93582234	0.93582234	0.6305535	0.6305535	0.89647407	0.89647407	0.55868074	0.55868074	0.45509484	0.33908327	0.33908327	0.4626643	0.4626643	0.29850921	0.29850921	0.43743189	0.43743189	0.38781325	0.38781325	0.32545537	0.32545537	0.13323299	0.13323299	0.0071945754	0.0071945754	-0.084496329	-0.084496329	-0.071887734	-0.31053506	-0.31053506	-0.31053506	-0.31053506	-0.1494458	-0.1494458	-0.2717501	-0.2717501	-0.39605039	-0.39605039	-0.15229129	-0.15229129	-0.032236168	-0.032236168	-0.048997396	-0.048997396	-0.048997396	-0.048997396	0.070461398	-0.048997396	-0.048997396	0.065795199	0.065795199	-0.054259924	-0.054259924	0.060087135	0.060087135	0.16098353	0.16098353	0.36808068	0.36808068	0.13323299	0.13323299	0.32545537	0.32545537	0.38781325	0.30840362	0.30840362	0.24479934	0.24479934	0.4626643	0.4626643	0.41163813	0.41163813	0.53914698	0.53914698	0.83514753	0.83514753	1.0455774	1.0455774	0.82771245	0.82771245	0.81214535	0.81214535	0.38230245	-0.46660109	-0.46660109	-0.965837	-0.965837	-0.87164599	-0.87164599	-1.0914662	-1.0914662	-0.965837	-0.965837	-0.64417922	-0.64417922	-0.49886608	-0.49886608	-0.40856643	-0.40856643	-0.0092468702	-0.0092468702	0.18144193	0.63808669	0.63808669	0.63808669	0.63808669	-0.067573373	-0.067573373	-0.87728965	-0.87728965	-1.4457468	-1.4457468	-2.1125696	-2.1125696	-2.238349	-2.238349	-1.6491213	-1.6491213	-0.95323824	-0.95323824	-0.29940967	0.33908327	0.33908327	1.0845375	1.0845375	1.981518	1.981518	2.5839608	2.5839608	2.7066891	2.7066891	2.2769148	2.2769148	1.2371288	1.2371288	-0.3880276	-0.3880276	-1.4585797	-2.3352211	-2.3352211	-2.125178	-2.125178	-1.465553	-1.465553	-0.5659216	-0.5659216	-0.28910763	-0.28910763	0.30702899	0.30702899	0.070461398	0.070461398	-0.28851132	-0.28851132	-0.64808035	-0.64808035	-0.76813548	-0.64630903	-0.64630903	0.052319998	0.052319998	0.78959855	0.78959855	1.4788253	1.4788253	2.073242	2.073242	2.230001	2.230001	2.0771082	2.0771082	1.4592884	1.4592884	0.89011666	0.89011666	0.41575503	0.01888593	0.01888593	-0.62892163	-0.62892163	-0.62892163	-0.62892163	-0.73425333	-0.73425333	-1.0282412	-1.0282412	-1.4084118	-1.4084118	-1.4868944	-1.4868944	-1.7047593	-1.7047593	-1.8013178	-1.8013178	-1.5073298	-1.1271593	-1.1271593	-0.7495595	-0.7495595	-0.53169457	-0.53169457	-0.071644106	-0.071644106	0.52559827	0.52559827	1.4531704	1.4531704	2.2395735	2.2395735	2.9340108
33	2.844302	2.1022116	2.1022116	1.2207442	1.2207442	0.40032264	0.40032264	-0.24919699	-0.24919699	-0.49889258	-0.60714364	-0.60714364	-0.60714364	-0.60714364	-0.50255765	-0.50255765	-0.50255765	-0.61423287	-0.61423287	-0.50598181	-0.50598181	-0.62076913	-0.62076913	-0.50598181	-0.50598181	-0.50598181	-0.28263137	-0.28263137	-0.28263137	-0.28263137	-0.16784406	-0.16784406	-0.39430659	-0.39430659	-0.39430659	-0.62076913	-0.62076913	-0.62076913	-0.62076913	-0.62076913	-0.62076913	-0.39430659	-0.28263137	-0.28263137	0.38024418	0.38024418	1.2606977	1.2606977	2.1320366	2.1320366	2.7652858	3.2586359	3.2586359	2.8253348	2.8253348	1.830094	1.830094	0.84123894	-0.026592203	-0.026592203	-0.8759493	-0.8759493	-1.3602714	-1.3602714	-1.4868408	-1.4868408	-1.4868408	-1.5935088	-1.5935088	-1.349177	-1.349177	-0.86796689	-0.86796689	-0.62661018	-0.62076913	-0.62076913	-0.39430659	-0.39430659	-0.39430659	-0.39430659	-0.50598181	-0.50598181	-0.50598181	-0.28263137	-0.28263137	-0.28263137	-0.28263137	-0.39430659	-0.39430659	-0.50255765	-0.50255765	-0.50255765	-0.61423287	-0.61423287	-0.39430659	-0.39430659	-0.050327781	-0.050327781	0.17771787	0.29927998	0.29927998	0.54543226	0.54543226	0.32550597	0.32550597	0.21658494	0.21658494	0.21956005	-0.024771782	-0.024771782	-0.39430659	-0.39430659	-0.39430659	-0.39430659	-0.51768914	-0.5170763	-0.5170763	-0.14997476	-0.14997476	0.093202388	0.093202388	0.21071866	0.21071866	0.21071866	0.20212343	0.20212343	-0.042208399	-0.042208399	-0.12638472	-0.12638472	-0.2047026	-0.083339425	-0.083339425	-0.44496011	-0.44496011	-0.31948992	-0.31948992	-0.16550421	-0.16550421	-0.144611	-0.014207788	-0.014207788	0.50486366	0.50486366	0.60565705	0.60565705	0.63597934	0.63597934	0.87244427	0.62067788	0.62067788	0.58209186	0.58209186	0.54543226	0.54543226	0.32550597	0.12969785	0.12969785	0.3425349	0.3425349	0.3353454	0.3353454	0.14574141	0.14574141	0.38305226	0.28230387	0.28230387	0.19102894	0.19102894	-0.035433602	-0.035433602	0.087336121	-0.14997476	-0.14997476	-0.026592203	-0.026592203	-0.27153688	-0.27153688	-0.27153688	-0.27153688	-0.39430659	-0.39430659	-0.39430659	-0.39430659	-0.39430659	-0.024771782	-0.024771782	-0.024771782	0.096790328	0.096790328	0.096790328	0.096790328	0.093202388	0.093202388	-0.035433602	-0.035433602	0.079353711	0.06946681	0.06946681	0.17771787	0.17771787	0.26325767	0.26325767	0.14574141	0.14574141	0.22055809	0.28251915	0.28251915	0.40584772	0.40584772	0.20051333	0.20051333	0.46705521	0.56116266	0.56116266	0.73491	0.73491	0.91371742	0.91371742	1.2576962	1.2576962	0.87363807	0.58992665	0.58992665	0.016080463	0.016080463	-0.50255765	-0.50255765	-0.95112245	-0.83360617	-0.83360617	-0.93435459	-0.93435459	-0.80469364	-0.80469364	-0.87804502	-0.87804502	-0.5918566	-0.2897206	-0.2897206	-0.39430659	-0.39430659	-0.41788302	-0.41788302	0.14311265	0.14311265	-0.038489789	-0.20260429	-0.20260429	0.34289798	0.34289798	0.74127999	0.74127999	-0.14376243	-0.49248178	-0.49248178	-1.1282176	-1.1282176	-1.6369163	-1.6369163	-1.9308536	-1.9308536	-1.18227	-0.55514659	-0.55514659	0.3678284	0.3678284	1.2561717	1.2561717	2.027536	2.5166433	2.5166433	2.7755977	2.7755977	2.4296122	2.4296122	1.2504415	1.2504415	0.060313044	-0.84888811	-0.84888811	-1.9316286	-1.9316286	-1.8933876	-1.8933876	-1.0061637	-1.0061637	-1.1729681	-1.7164218	-1.7164218	-1.3132045	-1.3132045	-1.5700578	-1.5700578	-1.8139583	-0.57954329	-0.57954329	0.14106983	0.14106983	0.28323462	0.28323462	0.29980193	0.29980193	-0.13092856	-0.64045884	-0.64045884	-0.035433602	-0.035433602	0.55605916	0.55605916	1.2576096	2.1562873	2.1562873	2.4407736	2.4407736	2.1602606	2.1602606	1.5687678	1.5687678	0.9899871	0.11814807	0.11814807	-0.39430659	-0.39430659	-0.81956725	-0.81956725	-0.81956725	-1.0091713	-1.0091713	-1.022897	-1.022897	-1.1445746	-1.1445746	-1.4128391	-1.4128391	-1.560309	-1.4570867	-1.4570867	-1.2234347	-1.2234347	-0.84653646	-0.84653646	0.0057051294	0.0057051294	0.89823658	1.7139267	1.7139267	2.5431989	2.5431989	2.8854073
33	2.9216194	2.9216194	2.292511	2.292511	1.7360705	1.7360705	0.73768775	0.73768775	-0.22951967	-0.22951967	-0.52085125	-0.52085125	-0.43397526	-0.43397526	-0.61164284	-0.61164284	-0.52476686	-0.52476686	-0.34318368	-0.34318368	-0.52476686	-0.52476686	-0.52476686	-0.52476686	-0.43397526	-0.43397526	-0.43397526	-0.43397526	-0.61947102	-0.61947102	-0.62724486	-0.62724486	-0.62724486	-0.62724486	-0.62724486	-0.62724486	-0.62724486	-0.62724486	-0.5325407	-0.5325407	0.17463254	0.17463254	0.84103297	0.84103297	1.6078474	1.6078474	2.4737709	2.4737709	3.0438918	3.0438918	2.3229838	2.3229838	1.5416135	1.5416135	0.65760017	0.65760017	-0.44736124	-0.44736124	-1.4979382	-1.4979382	-1.5028371	-1.5028371	-1.2706681	-1.2706681	-1.2706681	-1.2706681	-1.0316303	-1.0316303	-0.19493749	-0.19493749	0.042970623	0.042970623	-0.31504709	-0.31504709	-0.19784813	-0.19784813	-0.31677632	-0.31677632	-0.79021199	-0.79021199	-1.0258912	-1.0258912	-0.6701024	-0.6701024	-0.6701024	-0.6701024	-0.31504709	-0.31504709	-0.077738543	-0.077738543	0.27864977	0.27864977	0.28378937	0.28378937	0.40271757	0.40271757	0.16659043	0.16659043	0.046480821	0.046480821	-0.31386566	-0.31386566	-0.55408487	-0.55408487	-0.55290345	-0.55290345	-0.55290345	-0.55290345	-0.55290345	-0.55290345	-0.19784813	-0.19784813	0.14953163	0.14953163	0.029422011	0.029422011	0.029422011	0.029422011	0.029422011	0.13867753	0.13867753	-0.097449608	-0.097449608	-0.43397526	-0.43397526	-0.32471977	-0.32471977	-0.11649436	-0.11649436	0.058311326	0.058311326	0.20239066	0.20239066	0.61751727	0.61751727	0.79219265	0.79219265	0.7249592	0.7249592	0.60577713	0.60577713	0.69656873	0.69656873	0.48540181	0.48540181	0.30003635	0.30003635	0.36726981	0.36726981	0.31164618	0.31164618	0.30404539	0.30404539	0.32654017	0.32654017	0.34690292	0.34690292	0.25878711	0.25878711	0.14953163	0.14953163	-0.19784813	-0.19784813	-0.19493749	-0.19493749	-0.31386566	-0.31386566	-0.43397526	-0.43397526	-0.31326611	-0.31326611	-0.072447344	-0.072447344	-0.19255696	-0.19255696	-0.072447344	-0.072447344	-0.072447344	-0.072447344	-0.074228321	-0.074228321	-0.077738543	-0.077738543	0.14953163	0.14953163	0.029422011	0.029422011	0.24458304	0.24458304	0.32654017	0.32654017	0.20934123	0.20934123	0.16756684	0.16756684	0.41663194	0.41663194	0.34884172	0.34884172	0.27814974	0.27814974	0.53891633	0.53891633	0.50079137	0.50079137	0.50079137	0.50079137	0.92735023	0.92735023	1.2285197	1.2285197	0.96775304	0.96775304	0.82038224	0.82038224	0.57131714	0.57131714	-0.51561832	-0.51561832	-1.0528866	-1.0528866	-1.0528866	-1.0528866	-1.0528866	-1.0528866	-1.1552064	-1.1552064	-0.64220067	-0.64220067	-0.72956473	-0.72956473	-0.72956473	-0.53629515	-0.53629515	-0.32806973	-0.32806973	-0.11649436	-0.11649436	0.22797475	0.22797475	0.42124434	0.42124434	-0.11649436	-0.11649436	-0.74076611	-0.74076611	-1.0355174	-1.0355174	-1.7764224	-1.7764224	-1.704533	-1.704533	-1.2845825	-1.2845825	-0.61947102	-0.61947102	-0.14991409	-0.14991409	0.79127288	0.79127288	1.3170387	1.3170387	2.0169932	2.0169932	2.4266061	2.4266061	2.6708915	2.6708915	1.6520813	1.6520813	0.6996731	0.6996731	-0.8822839	-0.8822839	-1.9887986	-1.9887986	-2.6268964	-2.6268964	-1.8022671	-1.8022671	-1.4475141	-1.4475141	-0.40486591	-0.40486591	0.37949628	0.37949628	0.3799922	0.3799922	-0.082878149	-0.082878149	-0.082878149	-0.082878149	-0.31900528	-0.31900528	-1.006628	-1.006628	-0.66124542	-0.66124542	-0.2124196	-0.2124196	0.24211704	0.24211704	0.63868356	0.63868356	1.4559793	1.4559793	1.6164187	1.6164187	1.6285242	1.6285242	1.5014487	1.5014487	1.3370511	1.3370511	0.98978068	0.98978068	0.83403292	0.83403292	0.60611095	0.60611095	0.27864977	0.27864977	-0.074228321	-0.074228321	-0.31386566	-0.31386566	-0.91092116	-0.91092116	-1.368156	-1.368156	-1.8226927	-1.8226927	-1.9683228	-1.9683228	-2.0768449	-2.0768449	-1.8547034	-1.8547034	-1.6452286	-1.6452286	-1.0636411	-1.0636411	-0.12487589	-0.12487589	0.8012571	0.8012571	0.8012571	1.8627299	1.8627299	2.7613422
33	2.981094	2.981094	2.6561183	2.6561183	1.4444338	1.4444338	0.33906496	0.33906496	-0.39081843	-0.39081843	-0.51593109	-0.51593109	-0.77191067	-0.77191067	-0.70291953	-0.70291953	-0.51971651	-0.51971651	-0.51971651	-0.51971651	-0.61507862	-0.61507862	-0.62244684	-0.62244684	-0.52708471	-0.52708471	-0.7249105	-0.7249105	-0.7249105	-0.7249105	-0.52708471	-0.52708471	-0.42809018	-0.42809018	-0.32909563	-0.32909563	-0.22663196	-0.22663196	-0.22663196	-0.22663196	-0.22663196	-0.42809018	-0.42809018	-0.035261221	-0.035261221	0.41941819	0.41941819	0.99209716	0.99209716	1.7152055	1.7152055	2.4711996	2.4711996	2.30964	2.30964	1.755966	1.755966	1.0682239	1.0682239	-0.12086903	-0.12086903	-0.89293173	-0.89293173	-1.124201	-1.124201	-1.3488245	-1.3488245	-1.1225279	-1.1225279	-0.31188406	-0.31188406	-0.19682097	-0.19682097	-0.42809018	-0.42809018	-0.42809018	-0.20346657	-0.20346657	-0.42809018	-0.42809018	-0.88398298	-0.88398298	-0.99263345	-0.99263345	-0.54148023	-0.54148023	-0.42809018	-0.42809018	-0.19963703	-0.19963703	0.1445888	0.1445888	0.37002547	0.37002547	0.15014146	0.15014146	0.036751392	0.036751392	-0.078311682	-0.078311682	-0.42809018	-0.42809018	-0.66166254	-0.66166254	-0.54487636	-0.54487636	-0.66166254	-0.66166254	-0.42809018	-0.42809018	-0.19509787	-0.19509787	0.15014146	0.15014146	0.15014146	0.033355273	0.033355273	0.37002547	0.37002547	0.027802633	0.027802633	0.020246983	0.020246983	-0.10250139	-0.10250139	-0.06436099	-0.06436099	-0.075295201	-0.075295201	0.22602956	0.22602956	0.35275726	0.35275726	0.40894361	0.40894361	0.58273601	0.58273601	0.57366925	0.57366925	0.58943766	0.58943766	0.43436018	0.43436018	0.53598885	0.53598885	0.51841274	0.51841274	0.42099334	0.42099334	0.31825541	0.31825541	0.31825541	0.34660523	0.34660523	0.083085414	0.083085414	-3.7717522e-05	-3.7717522e-05	-0.10250139	-0.10250139	-0.094816087	-0.094816087	-0.20346657	-0.20346657	-0.088403492	-0.088403492	-0.19963703	-0.19963703	-0.08343092	-0.08343092	-0.19682097	-0.19682097	-0.080034778	-0.080034778	-0.19509787	-0.19509787	-0.078311682	-0.078311682	-0.078311682	-0.078311682	0.036751392	0.036751392	0.033355273	0.033355273	0.1445888	0.1445888	0.24215786	0.24215786	0.24215786	0.22841541	0.22841541	0.21234689	0.21234689	0.28594528	0.28594528	0.48371303	0.48371303	0.33017561	0.33017561	0.44759597	0.44759597	0.55676984	0.55676984	0.58394833	0.58394833	0.57400087	0.57400087	0.76699791	0.76699791	0.65355278	0.65355278	0.55551547	0.55551547	0.34134851	0.34134851	-0.23115424	-0.23115424	-0.58033124	-0.58033124	-0.6867701	-0.6867701	-0.88852756	-0.88852756	-0.97636848	-0.97636848	-0.97636848	-0.70291953	-0.70291953	-0.42809018	-0.42809018	-0.33272805	-0.33272805	-0.039643508	-0.039643508	0.3737862	0.3737862	0.15390219	0.15390219	-0.47678456	-0.47678456	-0.90177459	-0.90177459	-1.3397051	-1.3397051	-1.9255674	-1.9255674	-1.6459264	-1.6459264	-0.93165896	-0.93165896	-0.31328767	-0.31328767	0.48352474	0.48352474	1.2978401	1.2978401	2.1044596	2.1044596	2.4510222	2.4510222	2.9219782	2.9219782	2.9219782	2.1949449	2.1949449	1.1794575	1.1794575	-0.41090173	-0.41090173	-1.5154706	-1.5154706	-2.4307842	-2.4307842	-1.9160356	-1.9160356	-1.557478	-1.557478	-0.95574082	-0.95574082	-0.58370449	-0.58370449	-0.55101196	-0.55101196	-0.89906734	-0.89906734	-0.32520233	-0.32520233	-0.20295657	-0.20295657	-0.19509787	-0.19509787	-0.42195457	-0.42195457	-0.53816068	-0.53816068	-0.89293173	-0.89293173	-0.42809018	-0.42809018	0.27053101	0.27053101	0.27053101	1.2837261	1.2837261	1.9726113	1.9726113	2.4290841	2.4290841	2.4344106	2.4344106	2.0793055	2.0793055	1.5320951	1.5320951	0.72814691	0.72814691	0.15546794	0.15546794	-0.5393237	-0.5393237	-0.76777685	-0.76777685	-0.99263345	-0.99263345	-0.76136425	-0.76136425	-0.96953267	-0.96953267	-0.74490907	-0.74490907	-1.0308921	-1.0308921	-1.2312429	-1.2312429	-1.4454099	-1.4454099	-1.5119447	-1.5119447	-1.5119447	-1.633273	-1.633273	-1.3295807	-1.3295807	-0.39354586	-0.39354586	0.80911352	0.80911352	2.2139557	2.2139557	3.009125
33	2.4245949	1.3271319	1.3271319	0.37905447	0.37905447	1.239568	1.239568	1.9766619	1.9766619	-0.2937762	-0.37640033	-0.37640033	-0.45902446	-0.45902446	-0.45902446	-0.45902446	-0.45902446	-0.45902446	-0.45902446	-0.37640033	-0.37640033	-0.37640033	-0.37640033	-0.37640033	-0.37640033	-0.37640033	-0.37640033	-0.46217168	-0.37640033	-0.37640033	-0.46217168	-0.46217168	-0.46217168	-0.46217168	-0.55094876	-0.55094876	-0.37640033	-0.55094876	-0.55094876	-0.46517742	-0.46517742	-0.20800486	-0.20800486	0.4514771	0.4514771	1.0953517	1.8860138	1.8860138	2.4247715	2.4247715	2.3622183	2.3622183	1.7915134	1.7915134	0.86424223	0.062663795	0.062663795	-0.57677775	-0.57677775	-0.8725837	-0.8725837	-0.97377018	-0.97377018	-0.97952811	-1.1685916	-1.1685916	-1.0679076	-1.0679076	-0.8725837	-0.8725837	-0.86553474	-0.86553474	-0.57101982	-0.087643342	-0.087643342	-0.18588733	-0.18588733	-0.37640033	-0.37640033	-0.18588733	-0.18588733	-0.28002482	-0.57101982	-0.57101982	-0.47277584	-0.47277584	-0.37640033	-0.37640033	-0.56691334	-0.56691334	-0.47277584	-0.18178084	-0.18178084	-0.082087306	-0.082087306	0.11978304	0.11978304	0.41579089	0.41579089	0.42134693	0.32497142	0.32497142	0.3216534	0.3216534	0.023407532	0.023407532	-0.17846282	-0.17846282	-0.37640033	-0.57433785	-0.57433785	-0.67071336	-0.67071336	-0.47464431	-0.47464431	-0.47464431	-0.47464431	-0.27815635	0.012050181	0.012050181	0.10363544	0.10363544	0.092718985	0.092718985	0.092718985	0.092718985	-0.0055249901	-0.11026665	-0.11026665	-0.28762326	-0.28762326	-0.37640033	-0.37640033	-0.20800486	-0.20800486	0.068266984	0.053337591	0.053337591	0.44367344	0.44367344	0.61685711	0.61685711	0.62906159	0.62906159	0.42236426	0.57984246	0.57984246	0.35790209	0.35790209	0.27048975	0.27048975	0.17866689	0.17866689	0.29481512	0.16287047	0.16287047	0.080246359	0.080246359	0.29309639	0.29309639	0.20431932	0.20431932	0.018596585	-0.077778944	-0.077778944	0.023407532	0.023407532	-0.27521386	-0.27521386	-0.17402739	-0.17402739	-0.17402739	-0.07334351	-0.07334351	-0.17452998	-0.17452998	-0.27521386	-0.27521386	-0.27571645	-0.27571645	-0.17602292	-0.2767068	-0.2767068	-0.17846282	-0.17846282	0.018596585	0.018596585	0.10363544	0.10363544	-0.05843267	0.036987694	0.036987694	0.0708695	0.0708695	0.20437801	0.20437801	0.018655281	0.018655281	0.2709347	0.31578086	0.31578086	0.30942569	0.30942569	0.13739492	0.13739492	0.24980239	0.24980239	0.23489043	0.23058167	0.23058167	0.25374386	0.25374386	0.62403577	0.62403577	0.87782239	0.87782239	0.81454877	0.67859102	0.67859102	0.52965821	0.52965821	-0.22897475	-0.22897475	-0.74259443	-0.74259443	-0.85431371	-0.85431371	-0.85431371	-0.85431371	-0.85431371	-0.61541116	-0.61541116	-0.46798559	-0.46798559	-0.64253401	-0.55676266	-0.55676266	-0.28226285	-0.28226285	-0.1906776	-0.1906776	0.0039418993	0.0039418993	0.58124068	0.39428287	0.39428287	-0.47053783	-0.47053783	-0.65090015	-0.65090015	-1.1694101	-1.1694101	-1.844217	-1.803293	-1.803293	-1.089436	-1.089436	-0.70029071	-0.70029071	-0.22090541	-0.22090541	0.39990901	0.94930582	0.94930582	1.4231397	1.4231397	1.795135	1.795135	2.2232496	2.2232496	2.0134606	1.1471476	1.1471476	0.0032213379	0.0032213379	-1.2014916	-1.2014916	-1.8128448	-1.8128448	-1.6797569	-0.51718305	-0.51718305	0.029373391	0.029373391	0.44129897	0.44129897	-0.60052709	-0.60052709	-1.2479901	-2.4491204	-2.4491204	-1.9098495	-1.9098495	-0.75876183	-0.75876183	0.7005614	0.7005614	0.98517898	1.4009138	1.4009138	0.42424982	0.42424982	-0.76204469	-0.76204469	-0.95717868	-0.95717868	-0.59188998	-0.17162408	-0.17162408	0.73089023	0.73089023	1.3925098	1.3925098	1.5939783	1.5939783	1.6346225	1.3126006	1.3126006	0.94717297	0.94717297	0.43307578	0.43307578	-0.061256281	-0.061256281	-0.37640033	-0.66515732	-0.66515732	-1.1136086	-1.1136086	-1.0933024	-1.0933024	-1.1439913	-1.1439913	-1.4483446	-1.3768364	-1.3768364	-1.1545026	-1.1545026	-1.0751152	-1.0751152	-1.0751152	-1.0751152	-0.61441015	0.56267834	0.56267834	1.8800514	1.8800514	5.908128	5.908128	5.908128
33	2.5806212	2.5806212	1.9304585	1.9304585	1.4498293	1.4498293	0.46354607	0.46354607	-0.146227	-0.146227	-0.59502073	-0.59502073	-0.50194183	-0.50194183	-0.4056011	-0.4056011	-0.50498925	-0.50498925	-0.50498925	-0.50498925	-0.50498925	-0.50498925	-0.50498925	-0.50498925	-0.60132997	-0.60132997	-0.30621296	-0.30621296	-0.30621296	-0.30621296	-0.4056011	-0.4056011	-0.30621296	-0.30621296	-0.30621296	-0.30621296	-0.4056011	-0.4056011	-0.30926038	-0.30926038	-0.20987223	-0.20987223	-0.031013873	-0.031013873	0.0600942	0.0600942	0.5049199	0.5049199	0.71091236	0.71091236	1.145757	1.145757	1.0564386	1.0564386	1.4074026	1.4074026	1.0691912	1.0691912	0.87504517	0.87504517	0.44020057	0.44020057	0.14308521	0.14308521	-0.4056011	-0.4056011	-0.61680182	-0.61680182	-0.62040252	-0.62040252	-0.62040252	-0.62040252	-0.51221529	-0.51221529	-0.29898692	-0.29898692	-0.19440038	-0.19440038	-0.51018763	-0.51018763	-0.61234547	-0.61234547	-0.51018763	-0.51018763	-0.81834779	-0.81834779	-0.91468852	-0.91468852	-0.60714708	-0.60714708	-0.50498925	-0.50498925	-0.60714708	-0.60714708	-0.30621296	-0.30621296	-0.0031278622	-0.0031278622	-0.099468587	-0.099468587	0.0071455889	0.0071455889	0.0071455889	0.0071455889	-0.092242547	-0.092242547	-0.29898692	-0.29898692	-0.19079967	-0.19079967	-0.1881519	-0.1881519	-0.29741387	-0.29741387	0.031462833	0.031462833	0.031462833	0.24891206	0.24891206	0.1407248	0.1407248	0.24266356	0.24266356	0.74289113	0.74289113	0.50367797	0.50367797	0.37237977	0.37237977	0.60950352	0.60950352	0.59428954	0.59428954	0.13386028	0.13386028	0.11366037	0.11366037	0.21544798	0.21544798	-0.021675749	-0.021675749	-0.1467846	-0.1467846	0.051069419	0.051069419	0.13382276	0.13382276	-0.054115856	-0.054115856	0.25581443	0.25581443	0.2307211	0.2307211	0.58295986	0.58295986	0.4307429	0.4307429	0.53532942	0.53532942	0.33201332	0.33201332	0.28622877	0.28622877	-0.30101457	-0.30101457	-0.19440038	-0.19440038	-0.29898692	-0.29898692	-0.4056011	-0.4056011	-0.29741387	-0.29741387	-0.19079967	-0.19079967	-0.1881519	-0.1881519	-0.078344523	-0.078344523	-0.078344523	-0.078344523	-0.076724394	-0.076724394	0.032537556	0.032537556	-0.076724394	-0.076724394	0.028269658	0.028269658	0.13285618	0.13285618	0.12520665	0.12520665	0.11533284	0.11533284	0.30475245	0.30475245	0.17961459	0.17961459	0.24377086	0.24377086	0.22064285	0.22064285	0.25016934	0.25016934	0.20332392	0.20332392	0.30159898	0.30159898	0.40618553	0.40618553	0.62662424	0.62662424	0.81485427	0.81485427	1.1813675	1.1813675	0.88681467	0.88681467	0.30735284	0.30735284	-0.18153533	-0.18153533	-0.67449455	-0.67449455	-1.3452036	-1.3452036	-1.0769678	-1.0769678	-0.4056011	-0.4056011	-0.4056011	0.089951048	0.089951048	0.26576559	0.26576559	0.085393456	0.085393456	-0.41495414	-0.41495414	-1.118555	-1.118555	-1.6352347	-1.6352347	-1.7574072	-1.7574072	-1.3560232	-1.3560232	-0.83947186	-0.83947186	-0.36704408	-0.36704408	-0.0089558843	-0.0089558843	0.54373176	0.54373176	1.1016161	1.1016161	1.5989319	1.5989319	2.2365871	2.2365871	2.5117823	2.5117823	2.0002974	2.0002974	1.2042352	1.2042352	0.15741356	0.15741356	-1.1773174	-1.1773174	-1.837056	-1.837056	-2.2183775	-2.2183775	-2.632712	-2.632712	-2.6125168	-2.6125168	-2.0495022	-2.0495022	-1.8124997	-1.8124997	-0.29957422	-0.29957422	1.2066074	1.2066074	1.658171	1.658171	1.658171	1.658171	1.7545562	1.7545562	0.37220908	0.37220908	-1.291273	-1.291273	-1.281544	-1.281544	-1.281544	-1.281544	-1.3779291	-1.3779291	-0.82714689	-0.82714689	0.72329271	0.72329271	1.0941145	1.0941145	1.6120305	1.6120305	2.1710292	2.1710292	2.2894453	2.2894453	1.700629	1.700629	1.4374491	1.4374491	1.0293403	1.0293403	0.36053441	0.36053441	0.023048827	0.023048827	-0.64393596	-0.64393596	-1.3659867	-1.3659867	-1.9751556	-1.9751556	-2.2341273	-2.2341273	-2.4815078	-2.4815078	-2.0257236	-2.0257236	-1.44562	-1.44562	-0.48657095	-0.48657095	0.40651262	0.40651262	1.3961875	1.3961875	1.3961875	2.1431058	2.1431058	2.5805536
33	2.5052956	2.5052956	1.8958108	1.8958108	1.8958108	1.2452173	1.2452173	1.2452173	1.2452173	0.58053042	0.58053042	0.58053042	-0.41525733	-0.41525733	-0.41525733	-0.76432167	-0.76432167	-0.76432167	-0.76432167	-0.84831724	-0.84831724	-0.84831724	-1.0257629	-1.0257629	-1.0257629	-1.2886025	-1.2886025	-1.2886025	-0.86768703	-0.86768703	-0.86768703	-0.86768703	-1.0564925	-1.0564925	-1.0564925	-0.8767969	-0.8767969	-0.8767969	-0.20463271	-0.20463271	-0.20463271	-0.20463271	0.35967188	0.35967188	0.35967188	0.72413502	0.72413502	0.72413502	1.3968387	1.3968387	1.3968387	1.3968387	1.6215137	1.6215137	1.6215137	1.2266699	1.2266699	1.2266699	1.0548742	1.0548742	1.0548742	0.39925046	0.39925046	0.39925046	0.39925046	-0.08464767	-0.08464767	-0.08464767	-0.40502272	-0.40502272	-0.40502272	-0.60624574	-0.60624574	-0.60624574	-0.60624574	-0.90982386	-0.90982386	-0.90982386	-0.90544398	-0.90544398	-0.90544398	-0.90544398	-0.90544398	-0.90544398	-0.90544398	-0.90544398	-0.90544398	-0.90544398	-0.70612044	-0.70612044	-0.70612044	-0.50637104	-0.50637104	-0.50637104	-0.40839581	-0.40839581	-0.40839581	-0.40839581	-0.3070475	-0.3070475	-0.3070475	-0.20469238	-0.20469238	-0.20469238	-0.30266762	-0.30266762	-0.30266762	-0.30266762	-0.40254232	-0.40254232	-0.40254232	-0.19681025	-0.19681025	-0.19681025	-0.094455135	-0.094455135	-0.094455135	0.001039686	0.001039686	0.001039686	0.001039686	0.36729088	0.36729088	0.36729088	0.60936241	0.60936241	0.60936241	0.61587887	0.61587887	0.61587887	0.61587887	0.59007299	0.59007299	0.59007299	0.68255467	0.68255467	0.68255467	0.31630347	0.31630347	0.31630347	0.328559	0.328559	0.328559	0.328559	0.34842044	0.34842044	0.34842044	0.3417135	0.3417135	0.3417135	0.14163256	0.14163256	0.14163256	0.14163256	0.52828799	0.52828799	0.52828799	0.37530928	0.37530928	0.37530928	0.2455544	0.2455544	0.2455544	0.2455544	0.17722982	0.17722982	0.17722982	0.086979152	0.086979152	0.086979152	-0.29967628	-0.29967628	-0.29967628	-0.4010246	-0.4010246	-0.4010246	-0.4010246	-0.40051368	-0.40051368	-0.40051368	-0.29967628	-0.29967628	-0.29967628	-0.19980157	-0.19980157	-0.19980157	-0.19980157	-0.0061263081	-0.0061263081	-0.0061263081	0.17722982	0.17722982	0.17722982	0.32625949	0.32625949	0.32625949	0.27396095	0.27396095	0.27396095	0.27396095	0.36334072	0.36334072	0.36334072	0.41079632	0.41079632	0.41079632	0.53706007	0.53706007	0.53706007	0.53706007	0.68184245	0.68184245	0.68184245	0.8114861	0.8114861	0.8114861	0.55882176	0.55882176	0.55882176	0.55882176	0.31769086	0.31769086	0.31769086	0.10117644	0.10117644	0.10117644	-0.19980157	-0.19980157	-0.19980157	-0.48085014	-0.48085014	-0.48085014	-0.48085014	-0.31946502	-0.31946502	-0.31946502	-0.54283584	-0.54283584	-0.54283584	-1.0036828	-1.0036828	-1.0036828	-1.0036828	-1.5429296	-1.5429296	-1.5429296	-1.6047146	-1.6047146	-1.6047146	-1.5073432	-1.5073432	-1.5073432	-0.93109694	-0.93109694	-0.93109694	-0.93109694	0.16346381	0.16346381	0.16346381	1.5735783	1.5735783	1.5735783	1.8513087	1.8513087	1.8513087	1.8513087	1.8514709	1.8514709	1.8514709	1.6512717	1.6512717	1.6512717	0.097424775	0.097424775	0.097424775	0.097424775	-1.3449668	-1.3449668	-1.3449668	-1.3449668	-1.3449668	-1.3449668	-1.864691	-1.864691	-1.864691	-2.2156665	-2.2156665	-2.2156665	-2.2156665	-1.1849353	-1.1849353	-1.1849353	-0.4010246	-0.4010246	-0.4010246	-0.39494914	-0.39494914	-0.39494914	-0.39494914	0.61476668	0.61476668	0.61476668	1.5633933	1.5633933	1.5633933	1.9103721	1.9103721	1.9103721	1.9184367	1.9184367	1.9184367	1.9184367	1.8942661	1.8942661	1.8942661	1.0109158	1.0109158	1.0109158	-0.18965863	-0.18965863	-0.18965863	-0.18965863	-1.0512864	-1.0512864	-1.0512864	-1.5904654	-1.5904654	-1.5904654	-2.1035096	-2.1035096	-2.1035096	-2.1035096	-2.0786438	-2.0786438	-2.0786438	-1.197768	-1.197768	-1.197768	-0.29530003	-0.29530003	-0.29530003	0.75387085	0.75387085	0.75387085	0.75387085	1.7554763	1.7554763	1.7554763	2.451144	2.451144
33	2.1248681	2.1248681	1.1161066	1.1161066	0.43411564	0.43411564	0.43411564	-0.34392754	-0.34392754	-0.61752485	-0.61752485	-0.61752485	-0.52499705	-0.52499705	-0.52499705	-0.52499705	-0.52499705	-0.72046757	-0.72046757	-0.72046757	-0.82303061	-0.82303061	-0.72697835	-0.72697835	-0.72697835	-0.82303061	-0.82303061	-0.72697835	-0.72697835	-0.72697835	-0.62756009	-0.62756009	-0.42243402	-0.42243402	-0.42243402	-0.42243402	-0.42243402	-0.52499705	-0.52499705	-0.52499705	-0.28215191	-0.28215191	-0.28215191	0.1165558	0.1165558	0.40882375	0.40882375	0.40882375	0.90812234	0.90812234	1.576138	1.576138	1.576138	1.7962312	1.7962312	1.6219191	1.6219191	1.6219191	1.3404031	1.3404031	1.0671719	1.0671719	1.0671719	0.50171927	0.50171927	-0.073971406	-0.073971406	-0.073971406	-0.1856146	-0.1856146	-0.1856146	-0.41168197	-0.41168197	-0.75106441	-0.75106441	-0.75106441	-0.8643795	-0.8643795	-0.8643795	-0.8643795	-0.8643795	-1.1987949	-1.1987949	-1.0860426	-1.0860426	-1.0860426	-1.080655	-1.080655	-0.96733992	-0.96733992	-0.96733992	-0.74666016	-0.74666016	-0.74666016	-0.30333394	-0.30333394	-0.30333394	-0.30333394	-0.30333394	0.030660885	0.030660885	0.25672826	0.25672826	0.25672826	-0.18029518	-0.18029518	-0.2989297	-0.2989297	-0.2989297	-0.2989297	-0.2989297	-0.52499705	-0.52499705	-0.52499705	-0.75106441	-0.75106441	0.025762005	0.025762005	0.025762005	-0.077266586	-0.077266586	-0.077266586	0.23864513	0.23864513	0.52664343	0.52664343	0.52664343	0.83603032	0.83603032	0.5430793	0.5430793	0.5430793	0.74391631	0.74391631	0.68673456	0.68673456	0.68673456	0.5458649	0.5458649	0.31581137	0.31581137	0.31581137	0.29628568	0.29628568	0.29628568	0.095448669	0.095448669	0.010851882	0.010851882	0.010851882	-0.13627677	-0.13627677	-0.027030098	-0.027030098	-0.027030098	0.14511865	0.14511865	0.5874615	0.5874615	0.5874615	0.30057607	0.30057607	0.63995851	0.63995851	0.63995851	0.45137847	0.45137847	0.14397599	0.14397599	0.14397599	-0.41168197	-0.41168197	-0.41168197	-0.072862352	-0.072862352	-0.41224479	-0.41224479	-0.41224479	-0.41224479	-0.41224479	-0.41224479	-0.41224479	-0.41224479	-0.18728648	-0.18728648	-0.30333394	-0.30333394	-0.30333394	-0.19540646	-0.19540646	0.01257777	0.01257777	0.01257777	0.20804827	0.20804827	0.18893286	0.18893286	0.18893286	0.25304612	0.25304612	0.25304612	0.22667303	0.22667303	0.22716759	0.22716759	0.22716759	0.23253408	0.23253408	0.47041885	0.47041885	0.47041885	0.53438467	0.53438467	0.86747768	0.86747768	0.86747768	1.0743289	1.0743289	1.0951549	1.0951549	1.0951549	0.43515182	0.43515182	0.43515182	0.091631647	0.091631647	-0.52499705	-0.52499705	-0.52499705	-0.94032704	-0.94032704	-0.85458764	-0.85458764	-0.85458764	-0.082654193	-0.082654193	0.13608208	0.13608208	0.13608208	0.10018265	0.10018265	-0.35572775	-0.35572775	-0.35572775	-1.1596752	-1.1596752	-1.8520427	-1.8520427	-1.8520427	-2.1124865	-2.1124865	-2.1124865	-1.7466986	-1.7466986	-1.1385339	-1.1385339	-1.1385339	-0.38630145	-0.38630145	0.35970575	0.35970575	0.35970575	1.3003731	1.3003731	2.1603588	2.1603588	2.1603588	2.1160321	2.1160321	1.9618374	1.9618374	1.9618374	1.4658549	1.4658549	1.4658549	0.10018265	0.10018265	-1.6315024	-1.6315024	-1.6315024	-1.8586982	-1.8586982	-1.7223104	-1.7223104	-1.7223104	-1.9601911	-1.9601911	-1.5013726	-1.5013726	-1.5013726	-0.75758048	-0.75758048	-0.52499705	-0.52499705	-0.52499705	-0.7628778	-0.7628778	-0.18728648	-0.18728648	-0.18728648	0.6926976	0.6926976	0.6926976	1.4537182	1.4537182	1.9862256	1.9862256	1.9862256	2.4542073	2.4542073	2.4740882	2.4740882	2.4740882	1.7074192	1.7074192	0.83475536	0.83475536	0.83475536	0.078912959	0.078912959	-0.49699614	-0.49699614	-0.49699614	-1.0625719	-1.0625719	-1.3505702	-1.3505702	-1.3505702	-1.5483139	-1.5483139	-1.5483139	-1.6647561	-1.6647561	-1.6894832	-1.6894832	-1.6894832	2.0906199	2.0906199	-1.164109	-1.164109	-1.164109	0.057987145	0.057987145	1.0624923	1.0624923	1.0624923	1.9731904	1.9731904	2.182194	2.182194
33	1.9524793	2.6707295	2.6707295	2.8695228	2.8695228	2.8162829	2.8162829	2.7534518	2.7534518	-0.50235867	-0.50235867	-0.33610823	-0.50235867	-0.50235867	-0.41923346	-0.41923346	-0.50235867	-0.50235867	-0.41923346	-0.41923346	-0.5883969	-0.5883969	-0.50527167	-0.76838991	-0.76838991	-0.68526469	-0.68526469	-0.68526469	-0.68526469	-0.50799321	-0.50799321	-0.50799321	-0.50799321	-0.32800019	-0.32800019	-0.32800019	-0.23924043	-0.23924043	-0.51046671	-0.51046671	-0.51046671	-0.51046671	-0.33047369	-0.33047369	0.10514828	0.10514828	-0.06105531	0.38697468	0.38697468	0.89616837	0.89616837	0.9842123	0.9842123	0.54859033	0.54859033	1.0135076	1.0135076	1.0847837	0.57558999	0.57558999	0.50174861	0.50174861	0.30755303	0.30755303	-0.17513346	-0.17513346	-0.60784875	-0.60784875	-0.51444651	-0.80204435	-0.80204435	-0.41923346	-0.41923346	-0.22740249	-0.22740249	-0.23061815	-0.23061815	-0.32402039	-0.32402039	-0.23061815	-0.60784875	-0.60784875	-0.88445967	-0.88445967	-0.60784875	-0.60784875	-0.69908202	-0.69908202	-0.69908202	-0.69908202	-0.51046671	-0.23924043	-0.23924043	-0.51046671	-0.51046671	-0.41923346	-0.41923346	-0.32800019	-0.32800019	-0.23459794	-0.23459794	-0.23061815	-0.23061815	-0.042766996	-0.042766996	-0.042766996	-0.13400026	-0.13400026	-0.12982481	-0.12982481	-0.22503786	-0.22503786	-0.41923346	-0.41923346	-0.32165576	-0.32165576	-0.32165576	-0.32116868	-0.32116868	-0.12552621	-0.12552621	0.16388243	0.16388243	0.066304749	0.066304749	0.33970001	0.41079869	0.41079869	0.29523131	0.29523131	0.25409811	0.25409811	0.50509765	0.50509765	0.28361961	0.28361961	0.16989139	0.21233996	0.21233996	-0.0016561238	-0.0016561238	0.012984518	0.012984518	-0.11060599	-0.11060599	-0.1741861	-0.1741861	-0.35976895	0.0078896972	0.0078896972	-0.25775048	-0.25775048	0.0047332292	0.0047332292	0.25301661	0.25301661	0.67550927	0.67550927	0.46636202	0.46636202	0.46636202	0.27555158	0.27555158	0.13203098	0.13203098	-0.22740249	-0.22740249	-0.32261556	-0.32261556	-0.41923346	-0.41923346	-0.22503786	-0.41923346	-0.41923346	-0.32165576	-0.32165576	-0.32165576	-0.32165576	-0.12697309	-0.12697309	-0.22310391	-0.22310391	-0.027948533	-0.22310391	-0.22310391	-0.12552621	-0.12552621	-0.12697309	-0.12697309	-0.22503786	-0.22503786	-0.13400026	-0.13400026	0.14357046	0.045992774	0.045992774	0.035413099	0.035413099	0.11853833	0.11853833	0.086936289	0.086936289	-0.019297161	-0.019297161	0.11870943	0.15832805	0.15832805	0.23937584	0.23937584	0.13540178	0.13540178	0.3568106	0.3568106	0.47827087	0.47827087	0.67879076	0.78801298	0.78801298	1.1224471	1.1224471	0.53501844	0.53501844	-0.0042969698	-0.0042969698	-0.66847199	-0.66847199	-1.092565	-1.6823802	-1.6823802	-1.2583566	-1.2583566	-0.59403144	-0.59403144	0.10340035	0.10340035	0.34931116	0.34931116	0.64827092	0.64827092	0.40475171	-0.27274497	-0.27274497	-1.0754965	-1.0754965	-1.4084645	-1.4084645	-1.6427479	-1.6427479	-1.5974474	-1.5974474	-1.4135349	-0.81396082	-0.81396082	-0.46221043	-0.46221043	-0.19888805	-0.19888805	0.15627154	0.15627154	0.69461074	0.69461074	1.2250964	1.7686146	1.7686146	2.2485909	2.2485909	1.8818567	1.8818567	1.4526251	1.4526251	0.33665192	0.33665192	-1.1600894	-2.5198196	-2.5198196	-2.3420657	-2.3420657	-2.2394479	-2.2394479	-1.9128341	-1.9128341	-0.84915546	-0.84915546	0.21233996	0.014551131	0.014551131	-0.28226225	-0.28226225	-0.083026547	-0.083026547	-0.11183512	-0.11183512	-0.22359099	-0.22359099	0.25094025	0.78313414	0.78313414	1.0739896	1.0739896	1.2449709	1.2449709	1.2906295	1.2906295	1.1819117	1.1819117	1.1819117	1.1819117	0.88567151	0.51904785	0.51904785	0.2777467	0.2777467	0.0099981182	0.0099981182	-0.50799321	-0.50799321	-0.68526469	-0.68526469	-0.92540319	-1.1661404	-1.1661404	-1.4800385	-1.4800385	-1.5441454	-1.5441454	-1.7686424	-1.7686424	-1.6054422	-1.6054422	-1.2877668	-0.90010911	-0.90010911	-0.51800253	-0.51800253	-0.51800253	-0.51800253	-0.51800253	-0.51800253	-0.51800253	-0.51800253	2.2649387	3.0069969	3.0069969	3.0069969	3.0069969	3.0069969	3.0069969	3.0069969	3.0069969	3.0069969
33	2.5502794	2.5502794	1.6521282	1.6521282	0.40975262	0.40975262	-0.52532787	-0.52532787	3.0084419	3.0084419	-0.49487486	-0.49487486	-0.58515374	-0.58515374	-0.49487486	-0.49487486	-0.40143228	-0.40143228	-0.59127318	-0.59127318	-0.4978306	-0.4978306	-0.5969153	-0.5969153	-0.4978306	-0.4978306	-0.4978306	-0.4978306	-0.40143228	-0.40143228	-0.40143228	-0.40143228	-0.30234758	-0.30234758	-0.40143228	-0.40143228	-0.40143228	-0.40143228	-0.40143228	-0.40143228	-0.40143228	-0.40143228	-0.40143228	-0.40143228	-0.30503395	-0.30503395	-0.12131248	-0.12131248	0.23076075	0.23076075	0.65157971	0.65157971	1.0723986	1.0723986	1.3799448	1.3799448	1.6249969	1.6249969	1.4812634	1.4812634	1.0604444	1.0604444	0.6396255	0.6396255	0.13074833	0.13074833	-0.29802528	-0.29802528	-0.60977199	-0.60977199	-0.506365	-0.506365	-0.40143228	-0.40143228	-0.29649955	-0.29649955	-0.40143228	-0.40143228	-0.29802528	-0.29802528	-0.6062796	-0.6062796	-0.81029701	-0.81029701	-0.90669535	-0.90669535	-0.80176262	-0.80176262	-0.80176262	-0.80176262	-0.50051697	-0.50051697	-0.40143228	-0.40143228	-0.20594925	-0.20594925	-0.20594925	-0.20594925	-0.10450891	-0.10450891	-0.20090724	-0.20090724	-0.097500251	-0.097500251	-0.19658495	-0.19658495	-0.091652225	-0.091652225	-0.29802528	-0.29802528	-0.19309256	-0.19309256	-0.29649955	-0.29649955	-0.19052443	-0.19052443	-0.19052443	-0.18895303	-0.18895303	0.022483797	0.022483797	0.12845893	0.12845893	0.12845893	0.12845893	0.32641582	0.32641582	0.31631004	0.31631004	0.56405305	0.56405305	0.43325244	0.43325244	0.6530076	0.6530076	0.34907558	0.34907558	0.38270547	0.38270547	0.082619432	0.082619432	0.18172062	0.18172062	0.019386679	0.019386679	0.073547745	0.073547745	0.14341965	0.14341965	0.23914186	0.23914186	0.059933412	0.059933412	0.34342396	0.34342396	0.57818849	0.57818849	0.47972871	0.47972871	0.32984545	0.32984545	0.43325244	0.43325244	0.092340654	0.092340654	-0.091652225	-0.091652225	-0.29802528	-0.29802528	-0.29802528	-0.29802528	-0.29649955	-0.29649955	-0.29649955	-0.29649955	-0.40143228	-0.40143228	-0.19052443	-0.19052443	-0.084020307	-0.084020307	-0.18895303	-0.18895303	-0.082448916	-0.082448916	0.023526189	0.023526189	0.022483797	0.022483797	-0.084020307	-0.084020307	0.12082701	0.12082701	0.1134076	0.1134076	0.0074324659	0.0074324659	-0.0011019301	-0.0011019301	0.2695858	0.2695858	0.14829787	0.14829787	0.12932043	0.12932043	0.34907558	0.34907558	0.43686655	0.43686655	0.34538726	0.34538726	0.52150452	0.52150452	0.80675294	0.80675294	0.95408382	0.95408382	1.0738266	1.0738266	0.79121113	0.79121113	0.23461112	0.23461112	-0.48499166	-0.48499166	-1.0088374	-1.0088374	-1.3860002	-1.3860002	-1.2093624	-1.2093624	-1.2093624	-0.49487486	-0.49487486	0.14829787	0.14829787	0.40649787	0.40649787	0.47972871	0.47972871	0.17522705	0.17522705	-0.75967585	-0.75967585	-1.288422	-1.288422	-1.5940756	-1.5940756	-1.7670689	-1.7670689	-1.4236984	-1.4236984	-0.73388387	-0.73388387	-0.29416323	-0.29416323	0.22360004	0.22360004	0.86276392	0.86276392	1.4965062	1.4965062	2.0381289	2.0381289	2.4959821	2.4959821	2.1824322	2.1824322	1.7162614	1.7162614	0.72391472	0.72391472	-0.055123401	-0.055123401	-1.4482895	-1.4482895	-1.8716077	-1.8716077	-2.3692427	-2.3692427	-2.3601823	-2.3601823	-2.5770164	-2.5770164	-1.5276292	-1.5276292	-0.8441032	-0.8441032	-0.34646822	-0.34646822	-0.21243068	-0.21243068	-0.13118211	-0.13118211	-0.54155485	-0.54155485	-0.29649955	-0.29649955	0.46455684	0.46455684	1.152946	1.152946	2.0462848	2.0462848	2.7219437	2.7219437	2.5384149	2.5384149	1.9778836	1.9778836	1.3929014	1.3929014	0.49956244	0.49956244	-0.26953892	-0.26953892	-0.68155206	-0.68155206	-0.96904336	-0.96904336	-1.0526027	-1.0526027	-1.059309	-1.059309	-1.0713295	-1.0713295	-1.2389064	-1.2389064	-1.4079285	-1.4079285	-1.6061653	-1.6061653	-1.5694596	-1.5694596	-1.4578772	-1.4578772	-0.978369	-0.978369	-0.978369	-0.978369	-0.17144176	-0.17144176	1.234631	1.234631	2.31334	2.31334	2.31334	2.7560803	2.7560803	2.7560803
33	2.8955604	2.8955604	2.0902637	2.0902637	1.5119948	1.5119948	0.64793273	0.64793273	-0.28878545	-0.28878545	-0.42991642	-0.42991642	-0.32125443	-0.32125443	-0.53563238	-0.53563238	-0.53563238	-0.53563238	-0.42991642	-0.42991642	-0.32420046	-0.32420046	-0.32420046	-0.32420046	-0.42991642	-0.42991642	-0.42991642	-0.42991642	-0.42991642	-0.42991642	-0.53563238	-0.53563238	-0.53563238	-0.53563238	-0.42991642	-0.42991642	-0.42991642	-0.42991642	-0.42991642	-0.42991642	-0.42991642	-0.42991642	-0.5385784	-0.5385784	-0.42991642	-0.42991642	-0.13354451	-0.13354451	0.23135866	0.23135866	0.23135866	0.63832726	0.63832726	1.2327038	1.2327038	1.5268385	1.5268385	1.477583	1.477583	1.4383031	1.4383031	0.92008914	0.92008914	0.54561985	0.54561985	0.25622529	0.25622529	-0.10429315	-0.10429315	-0.54116173	-0.54116173	-0.20526903	-0.20526903	-0.20143908	-0.20143908	-0.54331848	-0.54331848	-0.31651435	-0.31651435	-0.20526903	-0.20526903	-0.54331848	-0.54331848	-0.76963906	-0.76963906	-0.54116173	-0.54116173	-0.76322579	-0.76322579	-0.76322579	-0.76322579	-0.64982372	-0.64982372	-0.5385784	-0.5385784	-0.42991642	-0.42991642	-0.32125443	-0.32125443	-0.21000911	-0.21000911	-0.21000911	-0.096607039	-0.096607039	-0.096607039	-0.096607039	-0.20526903	-0.20526903	-0.20526903	-0.20526903	-0.20143908	-0.20143908	-0.31484114	-0.31484114	-0.08182416	-0.08182416	-0.08182416	-0.08182416	0.15119281	0.15119281	-0.080100882	-0.080100882	0.036117526	0.036117526	-0.08182416	-0.08182416	0.25148519	0.25148519	0.12418419	0.12418419	0.53725437	0.53725437	0.68458369	0.68458369	0.5695084	0.5695084	0.45108675	0.45108675	0.41925702	0.41925702	0.25553005	0.25553005	0.058761742	0.058761742	0.41031758	0.41031758	0.19542986	0.19542986	0.1783568	0.1783568	0.1783568	0.20960266	0.20960266	0.32230947	0.32230947	-0.1208824	-0.1208824	0.066125875	0.066125875	0.42517019	0.42517019	0.37204487	0.37204487	0.19255862	0.19255862	0.51267199	0.51267199	0.44188216	0.44188216	0.026024671	0.026024671	-0.085220662	-0.085220662	0.0315779	0.0315779	-0.31369799	-0.31369799	-0.31311786	-0.31311786	-0.31311786	-0.31311786	-0.31311786	-0.31311786	-0.31311786	-0.31311786	-0.080100882	-0.080100882	-0.19689944	-0.19689944	0.0315779	0.0315779	0.14282321	0.14282321	0.026024671	0.026024671	0.12418419	0.12418419	0.12418419	0.12418419	-0.10429315	-0.10429315	-0.10429315	-0.014058929	-0.014058929	0.17294934	0.17294934	0.046421612	0.046421612	0.26760543	0.26760543	0.41925702	0.41925702	0.41768171	0.41768171	0.52140503	0.52140503	0.7520898	0.7520898	0.86824254	0.86824254	1.2580908	1.2580908	1.1732618	1.1732618	0.65405293	0.65405293	0.0098946374	0.0098946374	-0.7159297	-0.7159297	-1.4293412	-1.4293412	-1.6247257	-1.6247257	-1.2318777	-1.2318777	-0.62057235	-0.62057235	0.35958517	0.35958517	0.34486103	0.34486103	0.30004428	0.30004428	0.30330244	0.30330244	-0.061409497	-0.061409497	-1.0646104	-1.0646104	-1.0646104	-0.88549197	-0.88549197	-0.72064799	-0.72064799	-1.2471967	-1.2471967	-1.3981378	-1.3981378	-0.98660652	-0.98660652	-0.82942746	-0.82942746	-0.70477489	-0.70477489	0.13048308	0.13048308	1.26437	1.26437	2.0146842	2.0146842	2.6546187	2.6546187	2.5831844	2.5831844	2.1068466	2.1068466	0.90337647	0.90337647	0.077671676	0.077671676	-1.3343995	-1.3343995	-1.8888301	-1.8888301	-2.4702933	-2.4702933	-2.4527474	-2.4527474	-2.717824	-2.717824	-1.8155933	-1.8155933	-1.1821423	-1.1821423	-0.48727709	-0.48727709	-0.20526903	-0.20526903	-0.20526903	0.021795871	0.021795871	-0.47786695	-0.47786695	0.14837647	0.14837647	0.74343786	0.74343786	1.4226276	1.4226276	2.1995167	2.1995167	2.9352786	2.9352786	2.5529359	2.5529359	1.9557178	1.9557178	1.276528	1.276528	0.39313375	0.39313375	-0.22843687	-0.22843687	-0.8457739	-0.8457739	-1.0523915	-1.0523915	-1.3712893	-1.3712893	-1.4387801	-1.4387801	-1.624924	-1.624924	-1.7967235	-1.7967235	-1.9343682	-1.9343682	-1.6154703	-1.6154703	-1.148586	-1.148586	-0.17274115	-0.17274115	0.97888459	0.97888459	2.1585047	2.1585047	2.8272692	2.8272692
33	2.3587049	1.9619019	1.9619019	0.89272291	0.89272291	-0.18955075	-0.18955075	-0.33377841	-0.33377841	-0.49303944	-0.49303944	-0.57969816	-0.57969816	-0.67332561	-0.67332561	-0.49303944	-0.49303944	-0.58666689	-0.58666689	-0.49647494	-0.49647494	-0.49647494	-0.49647494	-0.30922003	-0.30922003	-0.40284749	-0.40284749	-0.40284749	-0.40284749	-0.40284749	-0.40284749	-0.40284749	-0.40284749	-0.6933573	-0.6933573	-0.79611717	-0.79611717	-0.70248972	-0.70248972	-0.59972985	-0.59972985	-0.31945574	-0.31945574	0.31173861	0.31173861	0.86819079	0.86819079	1.315638	1.315638	1.5844095	1.5844095	1.4010438	1.4010438	1.3819109	1.3819109	1.0370435	1.0370435	0.58959629	0.58959629	0.32797086	0.32797086	0.23106236	0.23106236	-0.29402266	-0.29402266	-0.40284749	-0.40284749	-0.40284749	-0.40284749	-0.51275336	-0.51275336	-0.51275336	-0.51275336	-0.40284749	-0.40284749	-0.51167231	-0.51167231	-0.40284749	-0.40284749	-0.6189148	-0.6189148	-0.6189148	-0.6189148	-0.72411769	-0.72411769	-0.61529288	-0.61529288	-0.82687758	-0.82687758	-0.40284749	-0.40284749	-0.40284749	-0.40284749	-0.19040209	-0.19040209	-0.19040209	-0.19040209	0.021182611	0.021182611	-0.18678016	-0.18678016	-0.076874288	-0.076874288	-0.29402266	-0.29402266	-0.18411678	-0.18411678	-0.1824871	-0.1824871	-0.1824871	-0.1824871	-0.40284749	-0.40284749	0.037873273	0.037873273	0.036792217	0.036792217	-0.073662271	-0.073662271	-0.073662271	-0.073662271	0.52762157	0.52762157	0.088159984	0.088159984	0.24042835	0.24042835	0.34446727	0.34446727	0.77652125	0.77652125	0.1600414	0.1600414	0.42180214	0.42180214	0.23124662	0.23124662	0.3202649	0.3202649	-0.11178904	-0.11178904	0.28316984	0.28316984	0.33922575	0.33922575	0.26868812	0.26868812	-0.0038647026	-0.0038647026	0.24536814	0.24536814	-0.023940276	-0.023940276	-0.14291827	-0.14291827	0.04761768	0.04761768	0.54229239	0.54229239	0.40188441	0.40188441	0.40188441	0.40188441	0.42159831	0.42159831	0.34151687	0.34151687	-0.073662271	-0.073662271	-0.2929416	-0.2929416	-0.1824871	-0.1824871	-0.29239298	-0.29239298	-0.29239298	-0.29239298	-0.29239298	-0.29239298	-0.072032595	-0.072032595	-0.073662271	-0.073662271	-0.073662271	-0.073662271	-0.2929416	-0.2929416	-0.076874288	-0.076874288	-0.081577267	-0.081577267	-0.19040209	-0.19040209	0.012331662	0.012331662	0.31169243	0.31169243	0.095625122	0.095625122	0.16727291	0.16727291	0.25035144	0.25035144	0.12711325	0.12711325	0.084987919	0.084987919	0.21983906	0.21983906	0.1587094	0.1587094	0.39770232	0.39770232	0.60091816	0.60091816	0.8060642	0.8060642	1.1833007	1.1833007	1.5072194	1.5072194	1.0746935	1.0746935	0.46279682	0.46279682	-0.10320524	-0.10320524	-1.0085626	-1.0085626	-1.7876271	-1.7876271	-1.4279397	-1.4279397	-0.51008998	-0.51008998	-0.081577267	-0.081577267	0.7524132	0.7524132	1.2006628	1.2006628	0.51179027	0.51179027	-0.74685671	-0.74685671	-1.3427736	-1.3427736	-2.1007487	-2.1007487	-2.4053406	-2.4053406	-1.9657009	-1.9657009	-1.2361674	-1.2361674	-0.64656038	-0.64656038	-0.1707592	-0.1707592	0.33556009	0.33556009	0.72882979	0.72882979	1.3213639	1.3213639	1.7125199	1.7125199	2.3150163	2.3150163	2.5131682	2.5131682	2.1198984	2.1198984	1.4678134	1.4678134	0.45250753	0.45250753	-1.242819	-1.242819	-2.5002204	-2.5002204	-2.6158384	-2.6158384	-2.7301988	-2.7301988	-2.2014459	-2.2014459	-1.1457416	-1.1457416	-0.39704453	-0.39704453	-0.39133233	-0.39133233	-0.38579695	-0.38579695	-0.71260254	-0.71260254	-0.29239298	-0.29239298	0.3838837	0.3838837	1.0872605	1.0872605	1.6627978	1.6627978	2.4514168	2.4514168	2.2287998	2.2287998	1.7494055	1.7494055	1.3638974	1.3638974	0.89718492	0.89718492	0.21580847	0.21580847	-0.10320524	-0.10320524	-0.40284749	-0.40284749	-0.80769263	-0.80769263	-1.0375664	-1.0375664	-1.2441203	-1.2441203	-1.597677	-1.597677	-1.7698573	-1.7698573	-1.7601697	-1.7601697	-1.4006216	-1.4006216	-1.0888648	-1.0888648	-0.60329012	-0.60329012	2.61197	2.61197	0.16449045	0.16449045	0.7228299	0.7228299	1.8498926	1.8498926	2.4900784	2.4900784	2.4900784
33	2.2507795	2.2507795	1.9168325	1.9168325	1.4344933	1.4344933	0.4727403	0.4727403	-0.075367595	-0.075367595	-0.33449807	-0.33449807	-0.43959211	-0.43959211	-0.54112797	-0.54112797	-0.43959211	-0.43959211	-0.54112797	-0.54112797	-0.33805626	-0.33805626	-0.43959211	-0.43959211	-0.43959211	-0.43959211	-0.33805626	-0.33805626	-0.43959211	-0.43959211	-0.54112797	-0.54112797	-0.33805626	-0.33805626	-0.33805626	-0.33805626	-0.54112797	-0.54112797	-0.54112797	-0.33805626	-0.33805626	-0.24024607	-0.24024607	-0.29183749	-0.29183749	0.089449145	0.089449145	0.61385456	0.61385456	1.037902	1.037902	1.4435411	1.4435411	1.808061	1.808061	1.5447913	1.5447913	1.2411111	1.2411111	0.59633836	0.59633836	-0.025127743	-0.025127743	-0.43959211	-0.43959211	-0.55760901	-0.55760901	-0.67679829	-0.67679829	-0.43959211	-0.43959211	-0.20238595	-0.20238595	-0.32157522	-0.32157522	-0.32157522	-0.43959211	-0.43959211	-0.55589303	-0.55589303	-0.78799897	-0.78799897	-1.0186279	-1.0186279	-0.89943864	-0.89943864	-0.88984008	-0.88984008	-0.66512083	-0.66512083	-0.65945013	-0.65945013	-0.43959211	-0.43959211	-0.43959211	-0.43959211	0.010655852	0.010655852	-0.097762478	-0.097762478	0.24786202	0.24786202	0.020254412	0.020254412	0.020254412	0.020254412	-0.32157522	-0.32157522	-0.20238595	-0.20238595	-0.55878138	-0.55878138	-0.20061861	-0.20061861	-0.20061861	0.03835488	0.03835488	0.03835488	0.03835488	-0.080834377	-0.080834377	0.38676176	0.38676176	0.36764626	0.36764626	0.33530264	0.33530264	0.52709134	0.52709134	0.78575961	0.78575961	0.59084017	0.59084017	0.4423206	0.4423206	0.36488646	0.36488646	0.37095179	0.37095179	0.24453643	0.24453643	0.030742749	0.030742749	0.035179248	0.035179248	0.069599283	0.069599283	-0.040178481	-0.040178481	-0.080071627	-0.080071627	-0.080071627	0.43128843	0.43128843	0.80576144	0.80576144	0.6421457	0.6421457	0.55406943	0.55406943	0.69891583	0.69891583	0.24786202	0.24786202	-0.43959211	-0.43959211	-0.43959211	-0.43959211	-0.43959211	-0.43959211	-0.55878138	-0.55878138	-0.55878138	-0.55878138	-0.20238595	-0.20238595	-0.082601707	-0.082601707	0.03718251	0.03718251	-0.20061861	-0.20061861	-0.080834377	-0.080834377	-0.080834377	-0.080834377	-0.20061861	-0.20061861	-0.20061861	-0.086085032	-0.086085032	0.2592279	0.2592279	0.1394437	0.1394437	0.12867277	0.12867277	0.43311284	0.43311284	0.2927735	0.2927735	0.15734071	0.15734071	0.40449737	0.40449737	0.5032351	0.5032351	0.26707628	0.26707628	0.51867342	0.51867342	0.73516862	0.73516862	0.87143238	0.87143238	0.98922839	0.98922839	1.2693539	1.2693539	0.4639318	0.4639318	-0.056171676	-0.056171676	-0.73291664	-0.73291664	-0.73291664	-1.0578687	-1.0578687	-1.3122971	-1.3122971	-0.43959211	-0.43959211	0.11574989	0.11574989	0.64628062	0.64628062	0.17868447	0.17868447	-0.38858535	-0.38858535	-1.2404848	-1.2404848	-1.8972485	-1.8972485	-2.3290184	-2.3290184	-1.929327	-1.929327	-1.3268401	-1.3268401	-0.68994493	-0.68994493	-0.1475361	-0.1475361	0.40799557	0.40799557	1.1642318	1.1642318	1.8653178	1.8653178	2.4779019	2.4779019	2.4779019	2.7008113	2.7008113	2.3398435	2.3398435	1.4435411	1.4435411	0.25030954	0.25030954	-0.67046994	-0.67046994	-1.7766155	-1.7766155	-2.2070651	-2.2070651	-2.2938391	-2.2938391	-2.0738645	-2.0738645	-2.1896577	-2.1896577	-0.97184266	-0.97184266	-0.2899318	-0.2899318	0.0048128989	0.0048128989	-0.10367307	-0.10367307	-0.24305695	-0.24305695	-0.92153035	-0.92153035	-0.66725589	-0.66725589	-0.064110969	-0.064110969	0.97929759	0.97929759	0.97929759	2.1492834	2.1492834	2.8442141	2.8442141	2.8209386	2.8209386	2.4779019	2.4779019	1.6859546	1.6859546	0.65595869	0.65595869	0.077447632	0.077447632	-0.61852497	-0.61852497	-0.98016907	-0.98016907	-0.98016907	-0.98016907	-0.94642903	-0.94642903	-1.2633627	-1.2633627	-1.3377582	-1.3377582	-1.5262305	-1.5262305	-1.7276651	-1.7276651	-1.5358763	-1.5358763	-1.1403584	-1.1403584	-0.77754741	-0.77754741	-0.77754741	-0.35528638	-0.35528638	0.056533559	0.056533559	0.52300686	0.52300686	1.1963844	1.1963844	1.8497393	1.8497393	2.3480634
